# WC3 MDX geosets → Unity Y-up
mtllib materials.mtl
usemtl Faceless
o Model
v 0.014063 0.510000 0.037969
v -0.135000 0.555000 0.110000
v -0.137500 0.665000 0.094375
v -0.044687 0.133750 0.278750
v -0.131875 0.133125 0.211250
v -0.216250 0.283750 0.196250
v -0.108750 0.231250 0.140000
v -0.048125 0.131250 0.161250
v 0.143125 0.590000 0.091875
v -0.000771 0.231250 0.182500
v -0.108125 0.266250 0.246250
v 0.056250 0.143125 0.218750
v 0.150000 0.670000 0.088750
v 0.017500 0.685000 0.154375
v 0.017500 0.685000 0.154375
v 0.017422 0.625000 0.195000
v -0.017969 0.630000 0.355000
v -0.026562 0.730000 0.286250
v -0.106250 0.775000 0.365000
v -0.080625 0.650000 0.420000
v 0.051875 0.635000 0.387500
v 0.082500 0.755000 0.360000
v 0.004219 0.805000 0.427500
v -0.001660 0.655000 0.467500
v 0.198750 0.670000 0.016406
v 0.014063 0.510000 -0.005273
v -0.135000 0.555000 -0.077500
v -0.172500 0.660000 0.016406
v -0.137500 0.665000 -0.061562
v -0.044687 0.133750 -0.245000
v -0.131875 0.133125 -0.178750
v -0.216250 0.283750 -0.163750
v -0.108750 0.231250 -0.107500
v -0.048125 0.131250 -0.128750
v 0.143125 0.590000 -0.059375
v -0.000771 0.231250 -0.150625
v 0.056250 0.143125 -0.185000
v -0.108125 0.266250 -0.213750
v 0.150000 0.670000 -0.055938
v 0.017422 0.625000 -0.162500
v 0.017500 0.685000 -0.121250
v 0.017500 0.685000 -0.121250
v -0.032656 0.605000 -0.362500
v -0.106250 0.755000 -0.345000
v -0.089375 0.617500 -0.422500
v 0.004219 0.785000 -0.407500
v 0.082500 0.740000 -0.337500
v 0.030469 0.605000 -0.392500
v -0.017969 0.612500 -0.465000
v 0.352500 0.850000 -0.010391
v 0.360000 1.005000 -0.024844
v 0.320000 1.165000 -0.018047
v 0.303750 0.825000 -0.023281
v 0.320000 0.935000 -0.019688
v 0.342500 0.935000 -0.052500
v 0.308750 0.935000 -0.065312
v 0.320000 1.040000 -0.011953
v 0.342500 1.040000 -0.052187
v 0.306250 1.040000 -0.072188
v 0.298750 1.155000 -0.046875
v 0.327500 1.160000 -0.027500
v 0.217756 1.161888 -0.050570
v 0.143025 1.242200 -0.044823
v 0.185999 1.231325 -0.087227
v 0.056563 1.185000 -0.035625
v 0.056563 1.185000 -0.035625
v 0.056563 1.185000 -0.035625
v 0.147500 1.095000 -0.027031
v 0.147500 1.095000 -0.027031
v 0.102500 1.130000 -0.055625
v 0.102500 1.130000 -0.055625
v 0.113750 0.010234 -0.308750
v 0.113750 0.010234 -0.308750
v 0.113750 0.010234 -0.308750
v 0.115625 0.009805 -0.196250
v 0.115625 0.009805 -0.196250
v 0.115625 0.009805 -0.196250
v 0.042188 0.011016 -0.188750
v 0.042188 0.011016 -0.188750
v 0.042188 0.011016 -0.188750
v 0.116250 0.013672 -0.178750
v 0.116250 0.013672 -0.178750
v 0.116250 0.013672 -0.178750
v 0.111875 0.010156 -0.073750
v 0.111875 0.010156 -0.073750
v 0.111875 0.010156 -0.073750
v -0.095625 0.004844 -0.206250
v -0.095625 0.004844 -0.206250
v -0.012266 0.008906 -0.266250
v -0.012266 0.008906 -0.266250
v -0.012422 0.009102 -0.123750
v -0.012422 0.009102 -0.123750
v 0.116875 0.093750 -0.237500
v 0.116875 0.093750 -0.237500
v 0.108125 0.101250 -0.135625
v 0.108125 0.101250 -0.135625
v 0.218750 0.011562 -0.109375
v 0.218750 0.011406 -0.266250
v -0.036719 0.432500 -0.382500
v -0.035938 0.515000 -0.307500
v -0.128125 0.550000 -0.412500
v 0.049688 0.530000 -0.387500
v -0.021250 0.495000 -0.467500
v -0.025781 1.095000 -0.168750
v -0.025781 1.095000 -0.168750
v 0.096875 1.065000 -0.165000
v 0.096875 1.065000 -0.165000
v 0.030156 0.337500 -0.041563
v -0.014844 0.447500 -0.013594
v 0.139375 0.286250 -0.147500
v 0.183750 0.362500 -0.130000
v 0.038750 0.352500 -0.233750
v -0.075313 0.367500 -0.156250
v 0.183750 0.467500 -0.108750
v 0.020313 0.475000 -0.216250
v -0.127500 0.477500 -0.126250
v 0.020156 0.900000 -0.156875
v 0.020156 0.900000 -0.156875
v 0.020156 0.900000 -0.156875
v 0.125000 0.790000 -0.060937
v 0.015703 0.800000 -0.130000
v 0.015703 0.800000 -0.130000
v -0.026562 0.700000 -0.252500
v -0.014609 0.805000 -0.237500
v 0.067500 0.800000 -0.287500
v -0.111250 0.945000 -0.232500
v -0.002793 0.845000 -0.335000
v -0.089375 0.830000 -0.290000
v 0.102500 0.845000 -0.270000
v -0.080625 0.990000 -0.208750
v 0.015312 0.980000 -0.285000
v 0.113125 0.935000 -0.212500
v 0.004023 0.940000 -0.312500
v -0.091250 1.030000 -0.156250
v -0.091250 1.030000 -0.156250
v -0.091250 1.030000 -0.156250
v 0.099375 1.000000 -0.163750
v 0.099375 1.000000 -0.163750
v 0.024063 1.015000 -0.241250
v 0.036094 1.110000 -0.167500
v 0.036094 1.110000 -0.167500
v -0.056563 1.115000 -0.090000
v -0.056563 1.115000 -0.090000
v 0.032188 1.065000 -0.241250
v -0.118125 0.805000 -0.063750
v -0.134375 1.025000 -0.124375
v 0.168750 0.905000 -0.073125
v 0.040625 1.135000 -0.106250
v 0.040625 1.135000 -0.106250
v 0.148125 1.030000 -0.075313
v 0.330000 0.850000 0.016328
v 0.322500 1.005000 0.016328
v 0.308750 1.165000 0.016328
v 0.335000 0.745000 0.016328
v 0.377500 0.850000 0.016328
v 0.352500 0.850000 0.043125
v 0.320000 1.165000 0.050625
v 0.360000 1.005000 0.057500
v 0.395000 1.005000 0.016328
v 0.360000 1.170000 0.016328
v 0.303750 0.825000 0.055938
v 0.320000 0.935000 0.052500
v 0.342500 0.935000 0.085000
v 0.308750 0.935000 0.098125
v 0.308750 1.150000 0.016328
v 0.320000 1.040000 0.044687
v 0.298750 1.155000 0.079688
v 0.306250 1.040000 0.104375
v 0.342500 1.040000 0.085000
v 0.327500 1.160000 0.060312
v 0.217756 1.161888 0.082627
v 0.246932 1.115777 0.016028
v 0.129457 1.284892 0.016028
v 0.143025 1.242200 0.076984
v 0.185999 1.231325 0.119061
v 0.024844 1.260000 0.016328
v 0.024844 1.260000 0.016328
v 0.186250 1.085000 0.016328
v 0.186250 1.085000 0.016328
v 0.056563 1.185000 0.068437
v 0.056563 1.185000 0.068437
v 0.056563 1.185000 0.068437
v 0.102500 1.130000 0.088125
v 0.102500 1.130000 0.088125
v 0.147500 1.095000 0.059688
v 0.147500 1.095000 0.059688
v 0.115625 0.009805 0.228750
v 0.115625 0.009805 0.228750
v 0.115625 0.009805 0.228750
v 0.113750 0.010234 0.340000
v 0.113750 0.010234 0.340000
v 0.113750 0.010234 0.340000
v 0.111875 0.010156 0.106250
v 0.111875 0.010156 0.106250
v 0.111875 0.010156 0.106250
v 0.116250 0.013672 0.211250
v 0.116250 0.013672 0.211250
v 0.116250 0.013672 0.211250
v 0.042188 0.011016 0.221250
v 0.042188 0.011016 0.221250
v 0.042188 0.011016 0.221250
v -0.012266 0.008906 0.298750
v -0.012266 0.008906 0.298750
v -0.095625 0.004844 0.238750
v -0.095625 0.004844 0.238750
v -0.012422 0.009102 0.156250
v -0.012422 0.009102 0.156250
v 0.116875 0.093750 0.270000
v 0.116875 0.093750 0.270000
v 0.108125 0.101250 0.168750
v 0.108125 0.101250 0.168750
v 0.218750 0.011562 0.142500
v 0.218750 0.011406 0.298750
v -0.022500 0.445000 0.402500
v -0.021563 0.525000 0.307500
v -0.123750 0.555000 0.392500
v 0.073438 0.552500 0.395000
v -0.005430 0.525000 0.487500
v -0.025781 1.095000 0.201250
v -0.025781 1.095000 0.201250
v 0.096875 1.065000 0.197500
v 0.096875 1.065000 0.197500
v 0.030156 0.337500 0.074375
v -0.014844 0.447500 0.046250
v 0.139375 0.286250 0.180000
v 0.183750 0.362500 0.162500
v 0.038750 0.352500 0.267500
v -0.075313 0.367500 0.188750
v 0.183750 0.467500 0.141250
v 0.020313 0.475000 0.248750
v -0.127500 0.477500 0.159375
v 0.173750 0.790000 0.016328
v 0.020156 0.900000 0.190000
v 0.020156 0.900000 0.190000
v 0.020156 0.900000 0.190000
v 0.015703 0.800000 0.162500
v 0.015703 0.800000 0.162500
v 0.125000 0.790000 0.093750
v -0.014609 0.815000 0.266250
v 0.067500 0.815000 0.316250
v -0.002793 0.860000 0.362500
v -0.111250 0.930000 0.267500
v -0.089375 0.845000 0.317500
v 0.102500 0.860000 0.297500
v -0.080625 0.990000 0.242500
v 0.015312 0.980000 0.317500
v 0.004023 0.930000 0.357500
v 0.113125 0.925000 0.245000
v -0.091250 1.030000 0.188750
v -0.091250 1.030000 0.188750
v -0.091250 1.030000 0.188750
v 0.099375 1.000000 0.196250
v 0.099375 1.000000 0.196250
v 0.024063 1.015000 0.273750
v 0.036094 1.110000 0.200000
v 0.036094 1.110000 0.200000
v -0.056563 1.115000 0.123125
v -0.056563 1.115000 0.123125
v 0.032188 1.065000 0.273750
v -0.153750 0.795000 0.016328
v -0.118125 0.805000 0.096250
v -0.134375 1.025000 0.157500
v -0.166250 1.025000 0.016328
v 0.216250 0.890000 0.016328
v 0.168750 0.905000 0.105625
v 0.040625 1.135000 0.139375
v 0.040625 1.135000 0.139375
v 0.148125 1.030000 0.108125
v -0.093750 1.160000 0.016328
v 0.195000 1.015000 0.016328
v 0.253465 1.254636 -0.078117
v 0.311358 1.261670 -0.054229
v 0.311358 1.261670 -0.054229
v 0.320001 1.235420 -0.046742
v 0.339544 1.226572 -0.028437
v 0.353304 1.217989 -0.009889
v 0.253465 1.254636 0.109890
v 0.311358 1.261670 0.086002
v 0.311358 1.261670 0.086002
v 0.339544 1.226572 0.060210
v 0.320001 1.235420 0.078515
v 0.369727 1.232940 0.015886
v 0.353304 1.217989 0.041662
v 0.185999 1.231325 -0.087227
v 0.185999 1.231325 -0.087227
v 0.158540 1.334815 -0.071331
v 0.158540 1.334815 -0.071331
v 0.170907 1.377948 -0.037170
v 0.170907 1.377948 -0.037170
v 0.143025 1.242200 -0.044823
v 0.271677 1.193850 -0.060917
v 0.217756 1.161888 -0.050570
v 0.214487 1.303087 -0.088420
v 0.224947 1.335046 -0.029875
v 0.330037 1.254812 -0.037899
v 0.330037 1.254812 -0.037899
v 0.330037 1.254812 -0.037899
v 0.339818 1.247609 -0.024968
v 0.339818 1.247609 -0.024968
v 0.349746 1.251014 -0.010417
v 0.349746 1.251014 -0.010417
v 0.349746 1.251014 -0.010417
v 0.354077 1.232925 -0.010850
v 0.268952 1.284782 -0.052807
v 0.338538 1.259405 -0.024605
v 0.338538 1.259405 -0.024605
v 0.292959 1.270517 -0.054771
v 0.349380 1.274826 -0.026470
v 0.359166 1.257238 -0.010469
v 0.326052 1.304728 -0.022988
v 0.280223 1.323022 -0.025591
v 0.185999 1.231325 0.119061
v 0.185999 1.231325 0.119061
v 0.158540 1.334815 0.103105
v 0.158540 1.334815 0.103105
v 0.170907 1.377948 0.068944
v 0.170907 1.377948 0.068944
v 0.185418 1.393149 0.015886
v 0.185418 1.393149 0.015886
v 0.129457 1.284892 0.016028
v 0.143025 1.242200 0.076984
v 0.349321 1.214028 0.015886
v 0.309013 1.160223 0.015429
v 0.246932 1.115777 0.016028
v 0.271677 1.193850 0.091775
v 0.217756 1.161888 0.082627
v 0.214487 1.303087 0.119278
v 0.224947 1.335046 0.061648
v 0.236903 1.352074 0.015886
v 0.330037 1.254812 0.069673
v 0.330037 1.254812 0.069673
v 0.330037 1.254812 0.069673
v 0.339818 1.247609 0.056741
v 0.339818 1.247609 0.056741
v 0.369293 1.242333 0.015886
v 0.357954 1.260256 0.015886
v 0.357954 1.260256 0.015886
v 0.349746 1.251014 0.042190
v 0.349746 1.251014 0.042190
v 0.349746 1.251014 0.042190
v 0.354077 1.232925 0.042623
v 0.268952 1.284782 0.084580
v 0.338538 1.259405 0.056377
v 0.338538 1.259405 0.056377
v 0.292959 1.270517 0.086544
v 0.349380 1.274826 0.058243
v 0.359166 1.257238 0.042242
v 0.280223 1.323022 0.057365
v 0.326052 1.304728 0.054761
v 0.334079 1.311509 0.015886
v 0.293558 1.337626 0.015886
vn 0.071343 -0.163374 -0.983981
vn -0.909681 0.019385 -0.414856
vn -0.781471 0.102063 0.615537
vn -0.254132 0.352097 0.900802
vn -0.961084 -0.275615 -0.018800
vn -0.630910 0.682410 -0.369148
vn -0.116543 -0.407158 -0.905892
vn -0.301398 0.209215 -0.930262
vn 0.843516 -0.050490 -0.534726
vn 0.357865 -0.930299 0.080478
vn -0.193169 0.202902 0.959956
vn 0.686303 0.661733 -0.301823
vn 0.723461 0.130495 0.677920
vn 0.046816 -0.007680 0.998874
vn 0.046816 -0.007680 0.998874
vn 0.030186 0.438334 0.898305
vn 0.156959 0.275160 -0.948499
vn 0.151039 -0.298419 -0.942408
vn -0.941776 0.331911 -0.053793
vn -0.859108 0.403843 -0.314395
vn 0.974347 0.164774 0.153290
vn 0.975151 0.099433 -0.197973
vn 0.362250 0.710657 0.603110
vn -0.124853 0.082951 0.988702
vn 0.978980 0.203954 -0.000040
vn 0.071521 -0.164054 0.983855
vn -0.909764 0.018761 0.414701
vn -0.990492 0.137568 -0.000026
vn -0.781306 0.100815 -0.615953
vn -0.255927 0.358484 -0.897770
vn -0.961424 -0.274708 0.014120
vn -0.631620 0.682093 0.368518
vn -0.115757 -0.410092 0.904669
vn -0.302247 0.207051 0.930471
vn 0.844104 -0.050780 0.533769
vn 0.359529 -0.929093 -0.086745
vn 0.686395 0.660921 0.303391
vn -0.189529 0.205311 -0.960170
vn 0.722869 0.130098 -0.678628
vn 0.029518 0.437060 -0.898948
vn 0.047244 -0.011061 -0.998822
vn 0.047244 -0.011061 -0.998822
vn 0.158766 0.401313 0.902076
vn -0.937906 0.344616 0.039655
vn -0.831558 0.502786 0.236046
vn 0.357856 0.724563 -0.589023
vn 0.981188 0.117908 0.152866
vn 0.973596 0.144976 -0.176330
vn -0.047677 0.077277 -0.995869
vn -0.020469 -0.141331 -0.989751
vn -0.072272 -0.015649 -0.997262
vn 0.478874 0.089722 -0.873287
vn 0.458221 -0.867763 -0.192407
vn -0.179298 -0.039171 0.983015
vn 0.984792 -0.162756 -0.060784
vn -0.654667 -0.107240 -0.748272
vn 0.216046 -0.082739 0.972871
vn 0.874115 0.056719 -0.482396
vn -0.593391 0.058696 -0.802772
vn -0.559115 0.143280 -0.816615
vn 0.478874 0.089722 -0.873287
vn 0.217085 -0.498044 -0.839540
vn -0.723958 0.453079 -0.520197
vn -0.329936 -0.041952 -0.943071
vn -0.006725 0.636647 -0.771126
vn -0.006725 0.636647 -0.771126
vn -0.006725 0.636647 -0.771126
vn 0.618095 -0.218432 -0.755146
vn 0.618095 -0.218432 -0.755146
vn 0.330255 0.071661 -0.941168
vn 0.330255 0.071661 -0.941168
vn 0.132395 -0.510365 -0.849705
vn 0.132395 -0.510365 -0.849705
vn 0.132395 -0.510365 -0.849705
vn 0.400549 -0.619537 0.675081
vn 0.400549 -0.619537 0.675081
vn 0.400549 -0.619537 0.675081
vn 0.417388 -0.863171 -0.284116
vn 0.417388 -0.863171 -0.284116
vn 0.417388 -0.863171 -0.284116
vn 0.295850 -0.531569 -0.793667
vn 0.295850 -0.531569 -0.793667
vn 0.295850 -0.531569 -0.793667
vn 0.083304 -0.569743 0.817590
vn 0.083304 -0.569743 0.817590
vn 0.083304 -0.569743 0.817590
vn -0.610073 -0.791982 -0.023990
vn -0.610073 -0.791982 -0.023990
vn -0.307420 -0.702779 -0.641557
vn -0.307420 -0.702779 -0.641557
vn -0.340971 -0.757961 0.556088
vn -0.340971 -0.757961 0.556088
vn 0.591210 0.794550 -0.138424
vn 0.591210 0.794550 -0.138424
vn 0.573843 0.817290 -0.052349
vn 0.573843 0.817290 -0.052349
vn 0.998989 -0.042159 0.015604
vn 0.999022 -0.016966 0.040836
vn -0.002521 -0.996361 0.085195
vn -0.228710 0.094425 0.968904
vn -0.922788 -0.133068 -0.361601
vn 0.927963 -0.136978 0.346586
vn 0.351169 -0.313154 -0.882392
vn -0.441213 0.744844 -0.500538
vn -0.441213 0.744844 -0.500538
vn 0.746589 0.462268 -0.478448
vn 0.746589 0.462268 -0.478448
vn 0.060430 -0.304504 0.950592
vn -0.196833 -0.336687 0.920814
vn 0.634967 -0.768911 -0.074790
vn 0.960944 -0.276450 -0.012694
vn 0.216014 -0.073678 -0.973606
vn -0.899536 0.220483 -0.377123
vn 0.976677 0.183467 -0.111542
vn -0.117225 0.189182 -0.974920
vn -0.918490 -0.074849 -0.388296
vn -0.097278 -0.808403 -0.580536
vn -0.097278 -0.808403 -0.580536
vn -0.097278 -0.808403 -0.580536
vn 0.624062 -0.125032 -0.771306
vn 0.042651 -0.169163 -0.984665
vn 0.042651 -0.169163 -0.984665
vn 0.175035 -0.251279 0.951957
vn -0.107747 -0.492580 0.863572
vn 0.990001 -0.021827 0.139363
vn -0.982802 0.180338 0.039728
vn 0.060042 0.454053 -0.888950
vn -0.937357 0.105654 -0.331963
vn 0.909903 -0.246568 -0.333588
vn -0.842695 0.492684 -0.217090
vn 0.016540 0.671324 -0.740979
vn 0.992893 0.032198 -0.114571
vn 0.071150 0.391628 -0.917368
vn -0.707029 0.330900 -0.624992
vn -0.707029 0.330900 -0.624992
vn -0.707029 0.330900 -0.624992
vn 0.852381 -0.041133 -0.521300
vn 0.852381 -0.041133 -0.521300
vn 0.156285 0.550518 -0.820064
vn 0.113325 0.887785 -0.446088
vn 0.113325 0.887785 -0.446088
vn -0.449125 0.766119 -0.459726
vn -0.449125 0.766119 -0.459726
vn 0.147848 0.463990 -0.873415
vn -0.692267 -0.091319 -0.715840
vn -0.761808 0.123155 -0.635989
vn 0.782078 -0.145982 -0.605840
vn 0.146504 0.812659 -0.564023
vn 0.146504 0.812659 -0.564023
vn 0.839531 0.304535 -0.449939
vn -0.998850 -0.047948 -0.000719
vn -0.998393 -0.056674 -0.000244
vn -0.744724 -0.667373 0.000193
vn -0.196594 -0.980479 -0.003359
vn 0.968754 -0.248022 -0.000732
vn -0.020484 -0.141457 0.989732
vn 0.477214 0.089096 0.874259
vn -0.072440 -0.015359 0.997254
vn 0.999963 -0.008628 -0.000234
vn 0.969504 0.245076 0.000246
vn 0.469411 -0.865220 0.176204
vn -0.181404 -0.038676 -0.982648
vn 0.985034 -0.162735 0.056797
vn -0.654149 -0.107272 0.748720
vn -0.744724 -0.667373 0.000193
vn 0.215564 -0.082940 -0.972961
vn -0.558272 0.139173 0.817902
vn -0.597065 0.057866 0.800103
vn 0.871703 0.057772 0.486616
vn 0.477214 0.089096 0.874259
vn 0.224493 -0.495470 0.839114
vn 0.493987 -0.869469 0.000630
vn -0.615997 0.787748 -0.000320
vn -0.722236 0.454834 0.521058
vn -0.325463 -0.037701 0.944803
vn -0.403363 0.915040 -0.000630
vn -0.403363 0.915040 -0.000630
vn 0.883024 -0.469328 0.000829
vn 0.883024 -0.469328 0.000829
vn -0.003451 0.637534 0.770414
vn -0.003451 0.637534 0.770414
vn -0.003451 0.637534 0.770414
vn 0.334207 0.076747 0.939370
vn 0.334207 0.076747 0.939370
vn 0.620283 -0.214519 0.754474
vn 0.620283 -0.214519 0.754474
vn 0.399644 -0.618076 -0.676954
vn 0.399644 -0.618076 -0.676954
vn 0.399644 -0.618076 -0.676954
vn 0.130668 -0.513098 0.848326
vn 0.130668 -0.513098 0.848326
vn 0.130668 -0.513098 0.848326
vn 0.086459 -0.568531 -0.818106
vn 0.086459 -0.568531 -0.818106
vn 0.086459 -0.568531 -0.818106
vn 0.293511 -0.533492 0.793245
vn 0.293511 -0.533492 0.793245
vn 0.293511 -0.533492 0.793245
vn 0.417378 -0.863336 0.283630
vn 0.417378 -0.863336 0.283630
vn 0.417378 -0.863336 0.283630
vn -0.303269 -0.705387 0.640669
vn -0.303269 -0.705387 0.640669
vn -0.608564 -0.793189 0.022399
vn -0.608564 -0.793189 0.022399
vn -0.340971 -0.757961 -0.556088
vn -0.340971 -0.757961 -0.556088
vn 0.591639 0.793553 0.142254
vn 0.591639 0.793553 0.142254
vn 0.576017 0.815410 0.057534
vn 0.576017 0.815410 0.057534
vn 0.999062 -0.042794 -0.006543
vn 0.999183 -0.023441 -0.032924
vn 0.044686 -0.998997 0.002806
vn -0.154187 -0.032519 -0.987506
vn -0.928853 -0.180602 0.323444
vn 0.928147 -0.183301 -0.323951
vn 0.312695 -0.201672 0.928197
vn -0.440899 0.744197 0.501775
vn -0.440899 0.744197 0.501775
vn 0.746251 0.461918 0.479313
vn 0.746251 0.461918 0.479313
vn 0.060110 -0.303411 -0.950962
vn -0.197249 -0.336991 -0.920614
vn 0.634751 -0.769589 0.069457
vn 0.960763 -0.277230 0.008791
vn 0.216252 -0.074743 0.973473
vn -0.900339 0.221350 0.374691
vn 0.976608 0.184804 0.109928
vn -0.117415 0.192119 0.974322
vn -0.918032 -0.074622 0.389420
vn 0.993482 -0.113986 -0.000106
vn -0.104342 -0.806795 0.581545
vn -0.104342 -0.806795 0.581545
vn -0.104342 -0.806795 0.581545
vn 0.041610 -0.169407 0.984667
vn 0.041610 -0.169407 0.984667
vn 0.624452 -0.124641 0.771054
vn -0.100624 -0.538960 -0.836300
vn 0.988636 -0.055276 -0.139796
vn 0.061715 0.399217 0.914777
vn -0.991808 0.123490 -0.032667
vn -0.938855 0.044190 0.341465
vn 0.890227 -0.301547 0.341418
vn -0.854308 0.462825 0.236540
vn 0.009606 0.674035 0.738637
vn 0.067717 0.375896 0.924184
vn 0.994963 0.016033 0.098949
vn -0.703803 0.332605 0.627722
vn -0.703803 0.332605 0.627722
vn -0.703803 0.332605 0.627722
vn 0.852564 -0.045574 0.520631
vn 0.852564 -0.045574 0.520631
vn 0.170156 0.538745 0.825106
vn 0.113192 0.887068 0.447547
vn 0.113192 0.887068 0.447547
vn -0.448620 0.765624 0.461042
vn -0.448620 0.765624 0.461042
vn 0.147848 0.463990 0.873415
vn -0.997401 0.072049 0.000207
vn -0.692659 -0.091289 0.715465
vn -0.759727 0.123921 0.638325
vn -0.964811 0.262945 -0.000303
vn 0.993601 -0.112944 0.000374
vn 0.782477 -0.145483 0.605446
vn 0.146896 0.813680 0.562447
vn 0.146896 0.813680 0.562447
vn 0.839656 0.304135 0.449977
vn -0.777605 0.628752 -0.000923
vn 0.980256 0.197733 -0.000063
vn 0.276450 0.120372 -0.953460
vn 0.558758 0.180405 -0.809471
vn 0.558758 0.180405 -0.809471
vn 0.669101 -0.007410 -0.743135
vn 0.761356 0.021245 -0.647985
vn 0.830694 0.050035 -0.554477
vn 0.265075 -0.102453 0.958770
vn 0.592128 0.128166 0.795587
vn 0.592128 0.128166 0.795587
vn 0.761361 0.021236 0.647980
vn 0.669089 -0.007439 0.743145
vn 0.994322 0.106412 0.000000
vn 0.830694 0.050036 0.554476
vn -0.329936 -0.041952 -0.943071
vn -0.329936 -0.041952 -0.943071
vn -0.495872 0.383715 -0.779021
vn -0.495872 0.383715 -0.779021
vn -0.420820 0.801761 -0.424369
vn -0.420820 0.801761 -0.424369
vn -0.723958 0.453079 -0.520197
vn 0.385467 -0.582384 -0.715713
vn 0.217085 -0.498044 -0.839540
vn 0.314369 0.423149 -0.849775
vn 0.430500 0.713616 -0.552650
vn 0.766397 -0.148677 -0.624924
vn 0.766397 -0.148677 -0.624924
vn 0.766397 -0.148677 -0.624924
vn 0.790921 -0.015909 -0.611711
vn 0.790921 -0.015909 -0.611711
vn 0.867797 -0.154565 -0.472268
vn 0.867797 -0.154565 -0.472268
vn 0.867797 -0.154565 -0.472268
vn 0.830694 0.050035 -0.554477
vn 0.373488 0.536867 -0.756492
vn 0.790921 -0.015909 -0.611711
vn 0.790921 -0.015909 -0.611711
vn 0.288224 0.518852 -0.804810
vn 0.718630 0.095723 -0.688773
vn 0.867797 -0.154565 -0.472268
vn 0.581502 0.680892 -0.445243
vn 0.257499 0.728106 -0.635260
vn -0.325463 -0.037701 0.944803
vn -0.325463 -0.037701 0.944803
vn -0.491748 0.383672 0.781652
vn -0.491748 0.383672 0.781652
vn -0.421065 0.801687 0.424267
vn -0.421065 0.801687 0.424267
vn -0.271886 0.962329 -0.000089
vn -0.271886 0.962329 -0.000089
vn -0.615997 0.787748 -0.000320
vn -0.722236 0.454834 0.521058
vn 0.800324 -0.599568 0.000185
vn -0.744724 -0.667373 0.000193
vn 0.493987 -0.869469 0.000630
vn 0.393942 -0.580294 0.712789
vn 0.224493 -0.495470 0.839114
vn 0.313506 0.425390 0.848975
vn 0.430263 0.712511 0.554258
vn 0.378115 0.925759 -0.000000
vn 0.766407 -0.148678 0.624912
vn 0.766407 -0.148678 0.624912
vn 0.766407 -0.148678 0.624912
vn 0.790931 -0.015908 0.611698
vn 0.790931 -0.015908 0.611698
vn 0.994322 0.106412 0.000000
vn 0.998119 0.061314 0.000000
vn 0.998119 0.061314 0.000000
vn 0.867797 -0.154565 0.472268
vn 0.867797 -0.154565 0.472268
vn 0.867797 -0.154565 0.472268
vn 0.830694 0.050036 0.554476
vn 0.399254 0.535193 0.744422
vn 0.790931 -0.015908 0.611698
vn 0.790931 -0.015908 0.611698
vn 0.300255 0.513700 0.803716
vn 0.718632 0.095737 0.688769
vn 0.867797 -0.154565 0.472268
vn 0.257498 0.728106 0.635260
vn 0.581502 0.680892 0.445243
vn 0.791261 0.611478 -0.000000
vn 0.399806 0.916600 -0.000000
vt 0.483924 0.595728
vt 0.507361 0.530421
vt 0.498916 0.653657
vt 0.437049 0.435694
vt 0.452674 0.383936
vt 0.480018 0.345850
vt 0.468299 0.339991
vt 0.437049 0.435694
vt 0.452674 0.604258
vt 0.448768 0.341944
vt 0.468299 0.339991
vt 0.460486 0.445460
vt 0.729977 0.704087
vt 0.450395 0.649323
vt 0.774803 0.691489
vt 0.483924 0.595728
vt 0.927398 1.572267
vt 0.940465 0.403650
vt 0.963903 0.454431
vt 0.872709 1.574403
vt 0.872709 1.574403
vt 0.963903 0.454431
vt 0.987340 0.481775
vt 0.833647 1.561647
vt 0.613200 0.706645
vt 0.483924 0.595728
vt 0.507361 0.530421
vt 0.534401 0.653966
vt 0.498916 0.653657
vt 0.437049 0.435694
vt 0.452674 0.383936
vt 0.480018 0.345850
vt 0.468299 0.339991
vt 0.437049 0.435694
vt 0.452674 0.604258
vt 0.448768 0.341944
vt 0.460486 0.445460
vt 0.468299 0.339991
vt 0.729977 0.704087
vt 0.483924 0.595728
vt 0.450395 0.649323
vt 0.774803 0.691489
vt 0.927398 1.572267
vt 0.963903 0.454431
vt 0.872709 1.574403
vt 0.987340 0.481775
vt 0.963903 0.454431
vt 0.872709 1.574403
vt 0.833647 1.561647
vt 0.446403 1.627245
vt 0.523687 1.562839
vt 0.446403 1.627245
vt 0.497924 1.504877
vt 0.381999 1.562839
vt 0.420643 1.601482
vt 0.446403 1.627245
vt 0.472165 1.437253
vt 0.497924 1.504877
vt 0.523687 1.562839
vt 0.446403 1.627245
vt 0.420643 1.601482
vt 0.715380 0.025980
vt 0.703661 0.088480
vt 0.715380 0.053324
vt 0.731268 0.958449
vt 0.494010 0.948642
vt 0.629443 0.104105
vt 0.726894 0.919416
vt 0.639208 0.033793
vt 0.728390 0.940544
vt 0.629443 0.065043
vt 1.104438 0.461015
vt 0.444861 0.595240
vt 0.308673 0.809925
vt 1.073189 0.433672
vt 0.507361 0.515771
vt 0.287208 0.772361
vt 0.495643 0.485987
vt 0.311357 0.756262
vt 0.311357 0.756262
vt 1.073189 0.433672
vt 0.507361 0.515771
vt 0.283854 0.766995
vt 1.104438 0.461015
vt 0.444861 0.595240
vt 0.265073 0.732114
vt 0.433143 0.338038
vt 0.363677 0.732114
vt 0.413611 0.458155
vt 0.344896 0.769678
vt 0.413611 0.458155
vt 0.318064 0.724065
vt 1.096627 0.539140
vt 0.487830 0.594019
vt 0.487830 0.594019
vt 1.096627 0.539140
vt 1.194282 0.406328
vt 1.194282 0.406328
vt 0.892241 1.436403
vt 0.939116 1.473024
vt 0.868803 1.490114
vt 0.868803 1.490114
vt 0.833647 1.473024
vt 0.800784 0.893647
vt 0.850621 0.677088
vt 0.850621 0.677088
vt 0.800784 0.893647
vt 0.448768 0.439600
vt 0.464393 0.508935
vt 0.429236 0.414210
vt 0.429236 0.469874
vt 0.448768 0.439600
vt 0.472205 0.428858
vt 0.437049 0.532374
vt 0.464393 0.508935
vt 0.491736 0.476710
vt 0.414098 0.875071
vt 0.881871 0.563806
vt 0.788825 0.805785
vt 0.732534 0.762915
vt 0.443231 0.770086
vt 0.779279 0.750317
vt 0.940465 0.403650
vt 0.917028 0.497400
vt 0.952184 0.505213
vt 0.928746 0.567713
vt 0.979528 0.513025
vt 0.952184 0.505213
vt 0.940465 0.532556
vt 0.913121 0.610681
vt 0.944371 0.630213
vt 0.913121 0.610681
vt 0.963903 0.587244
vt 0.426291 0.934679
vt 0.798716 0.853525
vt 0.874059 0.630213
vt 0.874059 0.630213
vt 0.798716 0.853525
vt 0.920934 0.649744
vt 0.846715 0.712244
vt 0.797588 0.919225
vt 0.477055 0.915685
vt 0.767534 0.907770
vt 0.909215 0.680994
vt 0.492816 0.772625
vt 0.467377 0.881318
vt 0.731530 0.826057
vt 0.760500 0.939742
vt 0.465509 0.944042
vt 0.732809 0.887443
vt 0.420643 1.601482
vt 0.497924 1.504877
vt 0.420643 1.601482
vt 0.497924 1.504877
vt 0.420643 1.601482
vt 0.446403 1.627245
vt 0.446403 1.627245
vt 0.523687 1.562839
vt 0.497924 1.504877
vt 0.420643 1.601482
vt 0.497924 1.504877
vt 0.381999 1.562839
vt 0.420643 1.601482
vt 0.446403 1.627245
vt 0.381999 1.562839
vt 0.472165 1.437253
vt 0.446403 1.627245
vt 0.523687 1.562839
vt 0.497924 1.504877
vt 0.420643 1.601482
vt 0.715380 0.025980
vt 0.703661 0.006449
vt 0.697802 0.115824
vt 0.703661 0.088480
vt 0.715380 0.053324
vt 0.528487 0.953228
vt 0.629443 0.135355
vt 0.674890 0.914014
vt 0.650927 0.010355
vt 0.731268 0.958449
vt 0.494010 0.948642
vt 0.629443 0.104105
vt 0.728390 0.940544
vt 0.629443 0.065043
vt 0.726894 0.919416
vt 0.639208 0.033793
vt 1.073189 0.433672
vt 0.507361 0.515771
vt 0.287208 0.772361
vt 1.104438 0.461015
vt 0.444861 0.595240
vt 0.308673 0.809925
vt 1.104438 0.461015
vt 0.444861 0.595240
vt 0.265073 0.732114
vt 1.073189 0.433672
vt 0.507361 0.515771
vt 0.283854 0.766995
vt 0.495643 0.485987
vt 0.311357 0.756262
vt 0.311357 0.756262
vt 0.413611 0.458155
vt 0.344896 0.769678
vt 0.433143 0.338038
vt 0.363677 0.732114
vt 0.413611 0.458155
vt 0.318064 0.724065
vt 1.096627 0.539140
vt 0.487830 0.594019
vt 0.487830 0.594019
vt 1.096627 0.539140
vt 1.194282 0.406328
vt 1.194282 0.406328
vt 0.892241 1.436403
vt 0.939116 1.473024
vt 0.868803 1.490114
vt 0.868803 1.490114
vt 0.833647 1.473024
vt 0.800784 0.893647
vt 0.850621 0.677088
vt 0.850621 0.677088
vt 0.800784 0.893647
vt 0.448768 0.439600
vt 0.464393 0.508935
vt 0.429236 0.414210
vt 0.429236 0.469874
vt 0.448768 0.439600
vt 0.472205 0.428858
vt 0.437049 0.532374
vt 0.464393 0.508935
vt 0.491736 0.476710
vt 0.662562 0.769786
vt 0.414098 0.875071
vt 0.881871 0.563806
vt 0.788825 0.805785
vt 0.443231 0.770086
vt 0.779279 0.750317
vt 0.732534 0.762915
vt 0.917028 0.497400
vt 0.952184 0.505213
vt 0.979528 0.513025
vt 0.928746 0.567713
vt 0.952184 0.505213
vt 0.940465 0.532556
vt 0.913121 0.610681
vt 0.944371 0.630213
vt 0.963903 0.587244
vt 0.913121 0.610681
vt 0.426291 0.934679
vt 0.798716 0.853525
vt 0.874059 0.630213
vt 0.874059 0.630213
vt 0.798716 0.853525
vt 0.920934 0.649744
vt 0.846715 0.712244
vt 0.797588 0.919225
vt 0.477055 0.915685
vt 0.767534 0.907770
vt 0.909215 0.680994
vt 0.572445 0.710273
vt 0.492816 0.772625
vt 0.467377 0.881318
vt 0.526981 0.887729
vt 0.674301 0.820656
vt 0.731530 0.826057
vt 0.760500 0.939742
vt 0.465509 0.944042
vt 0.732809 0.887443
vt 0.520089 0.933469
vt 0.674381 0.882042
vt 0.834696 1.479127
vt 0.862308 1.427579
vt 0.959577 0.389932
vt 0.985143 0.452329
vt 0.987427 0.514307
vt 0.979413 0.564787
vt 0.834696 1.479127
vt 0.862308 1.427579
vt 0.959577 0.389932
vt 0.987427 0.514307
vt 0.985143 0.452329
vt 0.943202 0.614607
vt 0.979413 0.564787
vt 0.792197 1.564791
vt 0.352178 0.513539
vt 0.828106 1.584692
vt 0.349636 0.574096
vt 0.892590 1.583295
vt 0.321653 0.599165
vt 0.314487 0.528281
vt 0.803817 1.455711
vt 0.762599 1.541513
vt 0.833894 1.550044
vt 0.893835 1.551630
vt 0.877919 1.421567
vt 1.085830 1.610984
vt 0.945073 0.450849
vt 1.071953 1.574598
vt 0.942563 0.493676
vt 0.911603 1.378284
vt 1.039930 1.568548
vt 0.933294 0.534267
vt 0.957559 0.550461
vt 0.859205 1.492582
vt 0.888896 1.415125
vt 1.052168 1.602918
vt 0.864261 1.464910
vt 0.891976 1.432278
vt 0.918465 1.404399
vt 0.912784 1.447905
vt 0.902906 1.501478
vt 0.792197 1.564791
vt 0.352178 0.513539
vt 0.828106 1.584692
vt 0.349636 0.574096
vt 0.892590 1.583295
vt 0.321653 0.599165
vt 0.943623 1.582522
vt 0.279049 0.615107
vt 0.272434 0.537932
vt 0.314487 0.528281
vt 0.835971 1.335715
vt 0.781031 1.437733
vt 0.745999 1.525770
vt 0.803817 1.455711
vt 0.762599 1.541513
vt 0.833894 1.550044
vt 0.893835 1.551630
vt 0.943421 1.553043
vt 0.877919 1.421567
vt 1.085830 1.610984
vt 0.945073 0.450849
vt 1.071953 1.574598
vt 0.942563 0.493676
vt 0.916185 0.597461
vt 0.935501 1.353796
vt 0.905229 0.558249
vt 0.911603 1.378284
vt 1.039930 1.568548
vt 0.933294 0.534267
vt 0.957559 0.550461
vt 0.859205 1.492582
vt 0.888896 1.415125
vt 1.052168 1.602918
vt 0.864261 1.464910
vt 0.891976 1.432278
vt 0.918465 1.404399
vt 0.902906 1.501478
vt 0.912784 1.447905
vt 0.943201 1.464134
vt 0.943107 1.497681
f 183/183/183 266/266/266 185/185/185
f 183/183/183 180/180/180 266/266/266
f 185/185/185 270/270/270 178/178/178
f 257/257/257 181/181/181 176/176/176
f 176/176/176 269/269/269 257/257/257
f 266/266/266 268/268/268 185/185/185
f 181/181/181 257/257/257 267/267/267
f 270/270/270 268/268/268 265/265/265
f 265/265/265 264/264/264 270/270/270
f 257/257/257 269/269/269 263/263/263
f 263/263/263 262/262/262 257/257/257
f 262/262/262 263/263/263 261/261/261
f 260/260/260 28/28/28 3/3/3
f 3/3/3 261/261/261 260/260/260
f 255/255/255 259/259/259 221/221/221
f 256/256/256 266/266/266 258/258/258
f 258/258/258 219/219/219 256/256/256
f 259/259/259 254/254/254 252/252/252
f 268/268/268 253/253/253 265/265/265
f 249/249/249 257/257/257 262/262/262
f 261/261/261 236/236/236 233/233/233
f 259/259/259 252/252/252 221/221/221
f 258/258/258 250/250/250 219/219/219
f 259/259/259 251/251/251 254/254/254
f 246/246/246 247/247/247 248/248/248
f 254/254/254 251/251/251 245/245/245
f 248/248/248 247/247/247 244/244/244
f 247/247/247 242/242/242 243/243/243
f 243/243/243 241/241/241 247/247/247
f 240/240/240 241/241/241 23/23/23
f 23/23/23 22/22/22 240/240/240
f 241/241/241 243/243/243 19/19/19
f 19/19/19 23/23/23 241/241/241
f 252/252/252 248/248/248 234/234/234
f 245/245/245 234/234/234 242/242/242
f 248/248/248 244/244/244 239/239/239
f 243/243/243 242/242/242 239/239/239
f 240/240/240 22/22/22 18/18/18
f 18/18/18 239/239/239 240/240/240
f 19/19/19 243/243/243 239/239/239
f 239/239/239 18/18/18 19/19/19
f 245/245/245 242/242/242 246/246/246
f 245/245/245 246/246/246 254/254/254
f 245/245/245 251/251/251 234/234/234
f 235/235/235 237/237/237 238/238/238
f 233/233/233 262/262/262 261/261/261
f 253/253/253 235/235/235 265/265/265
f 265/265/265 238/238/238 232/232/232
f 232/232/232 264/264/264 265/265/265
f 235/235/235 238/238/238 265/265/265
f 247/247/247 241/241/241 244/244/244
f 244/244/244 240/240/240 239/239/239
f 248/248/248 239/239/239 234/234/234
f 234/234/234 239/239/239 242/242/242
f 241/241/241 240/240/240 244/244/244
f 185/185/185 268/268/268 270/270/270
f 233/233/233 249/249/249 262/262/262
f 263/263/263 260/260/260 261/261/261
f 16/16/16 2/2/2 231/231/231
f 231/231/231 230/230/230 16/16/16
f 16/16/16 230/230/230 229/229/229
f 230/230/230 231/231/231 228/228/228
f 228/228/228 227/227/227 230/230/230
f 229/229/229 230/230/230 227/227/227
f 227/227/227 226/226/226 229/229/229
f 227/227/227 228/228/228 11/11/11
f 225/225/225 227/227/227 10/10/10
f 4/4/4 5/5/5 204/204/204
f 204/204/204 202/202/202 4/4/4
f 9/9/9 229/229/229 224/224/224
f 224/224/224 1/1/1 9/9/9
f 229/229/229 226/226/226 223/223/223
f 223/223/223 224/224/224 229/229/229
f 228/228/228 231/231/231 224/224/224
f 224/224/224 223/223/223 228/228/228
f 225/225/225 10/10/10 223/223/223
f 6/6/6 228/228/228 223/223/223
f 223/223/223 7/7/7 6/6/6
f 204/204/204 5/5/5 8/8/8
f 8/8/8 206/206/206 204/204/204
f 227/227/227 11/11/11 10/10/10
f 10/10/10 7/7/7 223/223/223
f 1/1/1 224/224/224 2/2/2
f 224/224/224 231/231/231 2/2/2
f 229/229/229 9/9/9 16/16/16
f 228/228/228 6/6/6 11/11/11
f 261/261/261 3/3/3 14/14/14
f 14/14/14 236/236/236 261/261/261
f 15/15/15 13/13/13 238/238/238
f 238/238/238 237/237/237 15/15/15
f 13/13/13 25/25/25 232/232/232
f 232/232/232 238/238/238 13/13/13
f 248/248/248 252/252/252 254/254/254
f 242/242/242 247/247/247 246/246/246
f 254/254/254 246/246/246 248/248/248
f 253/253/253 268/268/268 222/222/222
f 266/266/266 256/256/256 222/222/222
f 222/222/222 268/268/268 266/266/266
f 251/251/251 259/259/259 220/220/220
f 220/220/220 259/259/259 255/255/255
f 21/21/21 24/24/24 218/218/218
f 218/218/218 217/217/217 21/21/21
f 24/24/24 20/20/20 216/216/216
f 216/216/216 218/218/218 24/24/24
f 17/17/17 21/21/21 217/217/217
f 217/217/217 215/215/215 17/17/17
f 20/20/20 17/17/17 215/215/215
f 215/215/215 216/216/216 20/20/20
f 217/217/217 218/218/218 214/214/214
f 218/218/218 216/216/216 214/214/214
f 215/215/215 217/217/217 214/214/214
f 216/216/216 215/215/215 214/214/214
f 227/227/227 225/225/225 226/226/226
f 226/226/226 225/225/225 223/223/223
f 190/190/190 213/213/213 208/208/208
f 8/8/8 12/12/12 210/210/210
f 211/211/211 212/212/212 193/193/193
f 209/209/209 12/12/12 4/4/4
f 208/208/208 213/213/213 187/187/187
f 212/212/212 211/211/211 196/196/196
f 210/210/210 12/12/12 199/199/199
f 199/199/199 197/197/197 210/210/210
f 12/12/12 209/209/209 188/188/188
f 188/188/188 199/199/199 12/12/12
f 4/4/4 191/191/191 209/209/209
f 194/194/194 206/206/206 8/8/8
f 8/8/8 210/210/210 194/194/194
f 4/4/4 202/202/202 191/191/191
f 203/203/203 205/205/205 207/207/207
f 207/207/207 200/200/200 203/203/203
f 198/198/198 201/201/201 207/207/207
f 207/207/207 195/195/195 198/198/198
f 192/192/192 203/203/203 201/201/201
f 201/201/201 189/189/189 192/192/192
f 196/196/196 193/193/193 212/212/212
f 190/190/190 187/187/187 213/213/213
f 184/184/184 186/186/186 171/171/171
f 171/171/171 175/175/175 184/184/184
f 182/182/182 184/184/184 175/175/175
f 175/175/175 174/174/174 182/182/182
f 186/186/186 179/179/179 172/172/172
f 172/172/172 171/171/171 186/186/186
f 177/177/177 182/182/182 174/174/174
f 174/174/174 173/173/173 177/177/177
f 168/168/168 169/169/169 170/170/170
f 170/170/170 167/167/167 168/168/168
f 170/170/170 169/169/169 166/166/166
f 166/166/166 165/165/165 170/170/170
f 169/169/169 168/168/168 164/164/164
f 164/164/164 163/163/163 169/169/169
f 166/166/166 169/169/169 163/163/163
f 163/163/163 162/162/162 166/166/166
f 163/163/163 164/164/164 161/161/161
f 162/162/162 163/163/163 161/161/161
f 168/168/168 167/167/167 165/165/165
f 165/165/165 166/166/166 168/168/168
f 164/164/164 168/168/168 166/166/166
f 166/166/166 162/162/162 164/164/164
f 164/164/164 162/162/162 161/161/161
f 158/158/158 159/159/159 160/160/160
f 160/160/160 157/157/157 158/158/158
f 159/159/159 158/158/158 156/156/156
f 156/156/156 155/155/155 159/159/159
f 155/155/155 156/156/156 154/154/154
f 158/158/158 157/157/157 153/153/153
f 153/153/153 152/152/152 158/158/158
f 156/156/156 158/158/158 152/152/152
f 152/152/152 151/151/151 156/156/156
f 156/156/156 151/151/151 154/154/154
f 70/70/70 68/68/68 148/148/148
f 70/70/70 148/148/148 65/65/65
f 68/68/68 178/178/178 270/270/270
f 142/142/142 269/269/269 176/176/176
f 176/176/176 66/66/66 142/142/142
f 148/148/148 68/68/68 150/150/150
f 66/66/66 149/149/149 142/142/142
f 270/270/270 264/264/264 147/147/147
f 147/147/147 150/150/150 270/270/270
f 142/142/142 146/146/146 263/263/263
f 263/263/263 269/269/269 142/142/142
f 146/146/146 145/145/145 263/263/263
f 260/260/260 145/145/145 29/29/29
f 29/29/29 28/28/28 260/260/260
f 140/140/140 106/106/106 144/144/144
f 141/141/141 104/104/104 143/143/143
f 143/143/143 148/148/148 141/141/141
f 144/144/144 137/137/137 139/139/139
f 150/150/150 147/147/147 138/138/138
f 134/134/134 146/146/146 142/142/142
f 145/145/145 117/117/117 121/121/121
f 144/144/144 106/106/106 137/137/137
f 143/143/143 104/104/104 135/135/135
f 144/144/144 139/139/139 136/136/136
f 131/131/131 132/132/132 133/133/133
f 139/139/139 130/130/130 136/136/136
f 132/132/132 129/129/129 133/133/133
f 133/133/133 127/127/127 128/128/128
f 128/128/128 126/126/126 133/133/133
f 125/125/125 47/47/47 46/46/46
f 46/46/46 127/127/127 125/125/125
f 127/127/127 46/46/46 44/44/44
f 44/44/44 128/128/128 127/127/127
f 137/137/137 118/118/118 132/132/132
f 130/130/130 126/126/126 118/118/118
f 132/132/132 124/124/124 129/129/129
f 128/128/128 124/124/124 126/126/126
f 125/125/125 124/124/124 123/123/123
f 123/123/123 47/47/47 125/125/125
f 44/44/44 123/123/123 124/124/124
f 124/124/124 128/128/128 44/44/44
f 130/130/130 131/131/131 126/126/126
f 130/130/130 139/139/139 131/131/131
f 130/130/130 118/118/118 136/136/136
f 119/119/119 120/120/120 122/122/122
f 117/117/117 145/145/145 146/146/146
f 138/138/138 147/147/147 119/119/119
f 147/147/147 264/264/264 232/232/232
f 232/232/232 120/120/120 147/147/147
f 119/119/119 147/147/147 120/120/120
f 133/133/133 129/129/129 127/127/127
f 129/129/129 124/124/124 125/125/125
f 132/132/132 118/118/118 124/124/124
f 118/118/118 126/126/126 124/124/124
f 127/127/127 129/129/129 125/125/125
f 68/68/68 270/270/270 150/150/150
f 117/117/117 146/146/146 134/134/134
f 263/263/263 145/145/145 260/260/260
f 40/40/40 115/115/115 116/116/116
f 116/116/116 27/27/27 40/40/40
f 40/40/40 114/114/114 115/115/115
f 115/115/115 112/112/112 113/113/113
f 113/113/113 116/116/116 115/115/115
f 114/114/114 111/111/111 112/112/112
f 112/112/112 115/115/115 114/114/114
f 112/112/112 38/38/38 113/113/113
f 110/110/110 36/36/36 112/112/112
f 30/30/30 89/89/89 87/87/87
f 87/87/87 31/31/31 30/30/30
f 35/35/35 26/26/26 109/109/109
f 109/109/109 114/114/114 35/35/35
f 114/114/114 109/109/109 108/108/108
f 108/108/108 111/111/111 114/114/114
f 113/113/113 108/108/108 109/109/109
f 109/109/109 116/116/116 113/113/113
f 110/110/110 108/108/108 36/36/36
f 32/32/32 33/33/33 108/108/108
f 108/108/108 113/113/113 32/32/32
f 87/87/87 91/91/91 34/34/34
f 34/34/34 31/31/31 87/87/87
f 112/112/112 36/36/36 38/38/38
f 36/36/36 108/108/108 33/33/33
f 26/26/26 27/27/27 109/109/109
f 109/109/109 27/27/27 116/116/116
f 114/114/114 40/40/40 35/35/35
f 113/113/113 38/38/38 32/32/32
f 145/145/145 121/121/121 41/41/41
f 41/41/41 29/29/29 145/145/145
f 42/42/42 122/122/122 120/120/120
f 120/120/120 39/39/39 42/42/42
f 39/39/39 120/120/120 232/232/232
f 232/232/232 25/25/25 39/39/39
f 132/132/132 139/139/139 137/137/137
f 126/126/126 131/131/131 133/133/133
f 139/139/139 132/132/132 131/131/131
f 138/138/138 107/107/107 150/150/150
f 148/148/148 150/150/150 107/107/107
f 107/107/107 141/141/141 148/148/148
f 136/136/136 105/105/105 144/144/144
f 105/105/105 140/140/140 144/144/144
f 48/48/48 102/102/102 103/103/103
f 103/103/103 49/49/49 48/48/48
f 49/49/49 103/103/103 101/101/101
f 101/101/101 45/45/45 49/49/49
f 43/43/43 100/100/100 102/102/102
f 102/102/102 48/48/48 43/43/43
f 45/45/45 101/101/101 100/100/100
f 100/100/100 43/43/43 45/45/45
f 102/102/102 99/99/99 103/103/103
f 103/103/103 99/99/99 101/101/101
f 100/100/100 99/99/99 102/102/102
f 101/101/101 99/99/99 100/100/100
f 112/112/112 111/111/111 110/110/110
f 111/111/111 108/108/108 110/110/110
f 72/72/72 93/93/93 98/98/98
f 34/34/34 95/95/95 37/37/37
f 96/96/96 84/84/84 97/97/97
f 94/94/94 30/30/30 37/37/37
f 93/93/93 75/75/75 98/98/98
f 97/97/97 81/81/81 96/96/96
f 95/95/95 82/82/82 78/78/78
f 78/78/78 37/37/37 95/95/95
f 37/37/37 78/78/78 76/76/76
f 76/76/76 94/94/94 37/37/37
f 30/30/30 94/94/94 73/73/73
f 85/85/85 34/34/34 91/91/91
f 34/34/34 85/85/85 95/95/95
f 30/30/30 73/73/73 89/89/89
f 90/90/90 79/79/79 92/92/92
f 92/92/92 88/88/88 90/90/90
f 83/83/83 86/86/86 92/92/92
f 92/92/92 80/80/80 83/83/83
f 74/74/74 77/77/77 80/80/80
f 80/80/80 90/90/90 74/74/74
f 81/81/81 97/97/97 84/84/84
f 72/72/72 98/98/98 75/75/75
f 71/71/71 64/64/64 62/62/62
f 62/62/62 69/69/69 71/71/71
f 67/67/67 63/63/63 64/64/64
f 64/64/64 71/71/71 67/67/67
f 69/69/69 62/62/62 172/172/172
f 172/172/172 179/179/179 69/69/69
f 177/177/177 173/173/173 63/63/63
f 63/63/63 67/67/67 177/177/177
f 59/59/59 60/60/60 61/61/61
f 61/61/61 58/58/58 59/59/59
f 61/61/61 165/165/165 57/57/57
f 57/57/57 58/58/58 61/61/61
f 58/58/58 55/55/55 56/56/56
f 56/56/56 59/59/59 58/58/58
f 57/57/57 54/54/54 55/55/55
f 55/55/55 58/58/58 57/57/57
f 55/55/55 53/53/53 56/56/56
f 54/54/54 53/53/53 55/55/55
f 59/59/59 57/57/57 165/165/165
f 165/165/165 60/60/60 59/59/59
f 56/56/56 54/54/54 57/57/57
f 57/57/57 59/59/59 56/56/56
f 56/56/56 53/53/53 54/54/54
f 51/51/51 52/52/52 160/160/160
f 160/160/160 159/159/159 51/51/51
f 159/159/159 155/155/155 50/50/50
f 50/50/50 51/51/51 159/159/159
f 155/155/155 154/154/154 50/50/50
f 51/51/51 152/152/152 153/153/153
f 153/153/153 52/52/52 51/51/51
f 50/50/50 151/151/151 152/152/152
f 152/152/152 51/51/51 50/50/50
f 50/50/50 154/154/154 151/151/151
f 349/349/349 350/350/350 351/351/351
f 351/351/351 348/348/348 349/349/349
f 350/350/350 349/349/349 347/347/347
f 347/347/347 336/336/336 350/350/350
f 347/347/347 349/349/349 346/346/346
f 346/346/346 345/345/345 278/278/278
f 347/347/347 346/346/346 343/343/343
f 343/343/343 338/338/338 347/347/347
f 346/346/346 278/278/278 330/330/330
f 330/330/330 343/343/343 346/346/346
f 344/344/344 333/333/333 339/339/339
f 344/344/344 331/331/331 333/333/333
f 346/346/346 349/349/349 345/345/345
f 345/345/345 349/349/349 348/348/348
f 348/348/348 342/342/342 345/345/345
f 347/347/347 338/338/338 336/336/336
f 337/337/337 340/340/340 341/341/341
f 341/341/341 335/335/335 337/337/337
f 335/335/335 341/341/341 283/283/283
f 283/283/283 282/282/282 335/335/335
f 341/341/341 340/340/340 334/334/334
f 334/334/334 280/280/280 341/341/341
f 280/280/280 334/334/334 332/332/332
f 332/332/332 281/281/281 280/280/280
f 332/332/332 279/279/279 281/281/281
f 283/283/283 341/341/341 280/280/280
f 348/348/348 351/351/351 329/329/329
f 329/329/329 328/328/328 348/348/348
f 328/328/328 329/329/329 318/318/318
f 318/318/318 316/316/316 328/328/328
f 328/328/328 316/316/316 314/314/314
f 314/314/314 327/327/327 328/328/328
f 327/327/327 312/312/312 277/277/277
f 342/342/342 348/348/348 328/328/328
f 328/328/328 327/327/327 342/342/342
f 327/327/327 277/277/277 342/342/342
f 327/327/327 314/314/314 312/312/312
f 277/277/277 312/312/312 326/326/326
f 326/326/326 325/325/325 277/277/277
f 325/325/325 326/326/326 324/324/324
f 324/324/324 323/323/323 325/325/325
f 325/325/325 323/323/323 322/322/322
f 319/319/319 320/320/320 321/321/321
f 315/315/315 317/317/317 321/321/321
f 315/315/315 321/321/321 313/313/313
f 321/321/321 317/317/317 319/319/319
f 310/310/310 311/311/311 351/351/351
f 351/351/351 350/350/350 310/310/310
f 350/350/350 336/336/336 309/309/309
f 309/309/309 310/310/310 350/350/350
f 309/309/309 308/308/308 310/310/310
f 308/308/308 272/272/272 307/307/307
f 309/309/309 300/300/300 305/305/305
f 305/305/305 308/308/308 309/309/309
f 308/308/308 305/305/305 295/295/295
f 295/295/295 272/272/272 308/308/308
f 306/306/306 301/301/301 298/298/298
f 306/306/306 298/298/298 296/296/296
f 308/308/308 307/307/307 310/310/310
f 307/307/307 304/304/304 311/311/311
f 311/311/311 310/310/310 307/307/307
f 309/309/309 336/336/336 300/300/300
f 337/337/337 335/335/335 303/303/303
f 303/303/303 302/302/302 337/337/337
f 335/335/335 282/282/282 276/276/276
f 276/276/276 303/303/303 335/335/335
f 303/303/303 275/275/275 299/299/299
f 299/299/299 302/302/302 303/303/303
f 275/275/275 274/274/274 297/297/297
f 297/297/297 299/299/299 275/275/275
f 297/297/297 274/274/274 273/273/273
f 276/276/276 275/275/275 303/303/303
f 311/311/311 294/294/294 329/329/329
f 329/329/329 351/351/351 311/311/311
f 294/294/294 288/288/288 318/318/318
f 318/318/318 329/329/329 294/294/294
f 294/294/294 293/293/293 286/286/286
f 286/286/286 288/288/288 294/294/294
f 293/293/293 271/271/271 284/284/284
f 304/304/304 293/293/293 294/294/294
f 294/294/294 311/311/311 304/304/304
f 293/293/293 304/304/304 271/271/271
f 271/271/271 307/307/307 272/272/272
f 307/307/307 271/271/271 304/304/304
f 293/293/293 284/284/284 286/286/286
f 271/271/271 291/291/291 292/292/292
f 292/292/292 284/284/284 271/271/271
f 291/291/291 323/323/323 324/324/324
f 324/324/324 292/292/292 291/291/291
f 291/291/291 322/322/322 323/323/323
f 319/319/319 290/290/290 320/320/320
f 287/287/287 290/290/290 289/289/289
f 287/287/287 285/285/285 290/290/290
f 290/290/290 319/319/319 289/289/289
v -0.257500 0.750000 0.160000
v -0.257500 0.750000 0.160000
v -0.203750 0.770000 0.156250
v -0.252500 0.790000 0.136250
v -0.252500 0.790000 0.136250
v -0.211250 0.805000 0.124375
v -0.211250 0.805000 0.124375
v -0.271250 0.795000 0.016484
v -0.271250 0.795000 0.016484
v -0.271250 0.795000 0.016484
v -0.271250 0.795000 0.016484
v -0.203750 0.770000 -0.123125
v -0.257500 0.750000 -0.127500
v -0.257500 0.750000 -0.127500
v -0.325000 0.775000 0.016484
v -0.325000 0.775000 0.016484
v -0.330000 0.725000 0.016484
v -0.252500 0.790000 -0.103125
v -0.252500 0.790000 -0.103125
v -0.245000 0.785000 0.016484
v -0.245000 0.785000 0.016484
v -0.211250 0.805000 -0.091250
v -0.211250 0.805000 -0.091250
v -0.345000 1.080000 0.016484
v -0.345000 1.080000 0.016484
v -0.345000 1.080000 0.016484
v -0.345000 1.080000 0.016484
v -0.175000 0.915000 0.196250
v -0.175000 0.915000 0.196250
v -0.175000 0.915000 -0.163750
v -0.175000 0.915000 -0.163750
v -0.128125 1.270000 0.016484
v -0.128125 1.270000 0.016484
v -0.128125 1.270000 0.016484
v -0.128125 1.270000 0.016484
v -0.080625 1.205000 0.101875
v -0.077188 1.195000 0.016484
v -0.080625 1.205000 -0.069062
v -0.197500 1.040000 0.177500
v -0.197500 1.040000 0.177500
v -0.197500 1.040000 0.177500
v -0.197500 1.040000 0.177500
v -0.175000 1.020000 0.016484
v -0.197500 1.040000 -0.144375
v -0.197500 1.040000 -0.144375
v -0.197500 1.040000 -0.144375
v -0.197500 1.040000 -0.144375
v -0.143125 1.065000 0.181250
v -0.143125 1.065000 -0.148750
v -0.056250 0.995000 0.016484
v -0.056250 0.995000 0.016484
v -0.056250 0.995000 0.016484
v -0.056250 0.995000 0.016484
vn -0.458302 0.028591 0.888337
vn -0.458302 0.028591 0.888337
vn 0.174921 -0.293908 0.939692
vn -0.754577 0.654070 0.052967
vn -0.754577 0.654070 0.052967
vn -0.770270 0.637717 -0.001475
vn -0.770270 0.637717 -0.001475
vn -0.271462 -0.962449 -0.000464
vn -0.271462 -0.962449 -0.000464
vn -0.271462 -0.962449 -0.000464
vn -0.271462 -0.962449 -0.000464
vn 0.187516 -0.299296 -0.935553
vn -0.454290 0.027507 -0.890429
vn -0.454290 0.027507 -0.890429
vn -0.750528 0.660839 -0.000157
vn -0.750528 0.660839 -0.000157
vn -0.971396 0.237463 0.000522
vn -0.753807 0.655015 -0.052247
vn -0.753807 0.655015 -0.052247
vn -0.674018 0.738715 0.000003
vn -0.674018 0.738715 0.000003
vn -0.770775 0.637107 0.000405
vn -0.770775 0.637107 0.000405
vn -0.954085 0.299537 -0.000279
vn -0.954085 0.299537 -0.000279
vn -0.954085 0.299537 -0.000279
vn -0.954085 0.299537 -0.000279
vn -0.882753 0.337558 0.326806
vn -0.882753 0.337558 0.326806
vn -0.882554 0.339054 -0.325793
vn -0.882554 0.339054 -0.325793
vn 0.298144 0.954521 -0.000448
vn 0.298144 0.954521 -0.000448
vn 0.298144 0.954521 -0.000448
vn 0.298144 0.954521 -0.000448
vn -0.887226 0.460979 -0.018141
vn -0.872904 0.487891 -0.000084
vn -0.887220 0.460991 0.018141
vn 0.012429 0.010101 0.999872
vn 0.012429 0.010101 0.999872
vn 0.012429 0.010101 0.999872
vn 0.012429 0.010101 0.999872
vn -0.933096 0.359627 0.000097
vn 0.012424 0.010094 -0.999872
vn 0.012424 0.010094 -0.999872
vn 0.012424 0.010094 -0.999872
vn 0.012424 0.010094 -0.999872
vn -0.940136 0.328070 0.092275
vn -0.940160 0.328072 -0.092017
vn 0.961209 -0.275820 -0.000275
vn 0.961209 -0.275820 -0.000275
vn 0.961209 -0.275820 -0.000275
vn 0.961209 -0.275820 -0.000275
vt 0.789063 0.472656
vt 0.781250 0.464844
vt 0.789063 0.472656
vt 0.781250 0.464844
vt 0.792969 0.513672
vt 0.855469 0.191406
vt 0.789063 0.472656
vt 0.589844 0.171875
vt 0.589844 0.171875
vt 0.589844 0.171875
vt 0.589844 0.171875
vt 0.789063 0.472656
vt 0.789063 0.472656
vt 0.781250 0.464844
vt 0.707031 0.527344
vt 0.730469 0.568359
vt 0.710938 0.541016
vt 0.781250 0.464844
vt 0.792969 0.513672
vt 0.875000 0.105469
vt 0.710938 0.541016
vt 0.855469 0.191406
vt 0.789063 0.472656
vt 0.675781 0.187500
vt 0.675781 0.187500
vt 0.675781 0.187500
vt 0.675781 0.187500
vt 0.789063 0.230469
vt 0.839844 0.513672
vt 0.789063 0.230469
vt 0.839844 0.513672
vt 0.589844 0.171875
vt 0.589844 0.171875
vt 0.589844 0.171875
vt 0.589844 0.171875
vt 0.660156 0.132812
vt 0.683594 0.046875
vt 0.660156 0.132812
vt 0.613281 0.046875
vt 0.613281 0.046875
vt 0.613281 0.046875
vt 0.613281 0.046875
vt 0.792969 0.109375
vt 0.613281 0.046875
vt 0.613281 0.046875
vt 0.613281 0.046875
vt 0.613281 0.046875
vt 0.695313 0.207031
vt 0.695313 0.207031
vt 0.498047 0.144531
vt 0.498047 0.144531
vt 0.498047 0.144531
vt 0.498047 0.144531
f 375/375/375 383/383/383 395/395/395
f 396/396/396 359/359/359 376/376/376
f 384/384/384 401/401/401 397/397/397
f 398/398/398 402/402/402 360/360/360
f 371/371/371 394/394/394 381/381/381
f 381/381/381 373/373/373 371/371/371
f 394/394/394 400/400/400 381/381/381
f 394/394/394 388/388/388 389/389/389
f 389/389/389 400/400/400 394/394/394
f 374/374/374 382/382/382 369/369/369
f 374/374/374 369/369/369 366/366/366
f 366/366/366 372/372/372 374/374/374
f 370/370/370 382/382/382 364/364/364
f 370/370/370 364/364/364 368/368/368
f 368/368/368 367/367/367 370/370/370
f 382/382/382 363/363/363 365/365/365
f 377/377/377 390/390/390 385/385/385
f 391/391/391 378/378/378 361/361/361
f 386/386/386 392/392/392 403/403/403
f 393/393/393 362/362/362 404/404/404
f 371/371/371 357/357/357 379/379/379
f 379/379/379 394/394/394 371/371/371
f 394/394/394 379/379/379 399/399/399
f 394/394/394 399/399/399 387/387/387
f 387/387/387 388/388/388 394/394/394
f 358/358/358 355/355/355 380/380/380
f 358/358/358 372/372/372 366/366/366
f 366/366/366 355/355/355 358/358/358
f 356/356/356 352/352/352 380/380/380
f 356/356/356 367/367/367 368/368/368
f 368/368/368 352/352/352 356/356/356
f 380/380/380 353/353/353 354/354/354
v -0.110000 1.105000 0.144375
v -0.138125 1.090000 0.198750
v -0.110000 1.105000 -0.111250
v -0.138125 1.090000 -0.165000
v -0.170000 1.040000 0.173750
v -0.170000 1.040000 -0.141875
v -0.252500 1.120000 0.165000
v -0.260000 1.190000 0.171250
v -0.253750 1.160000 -0.138750
v -0.195000 1.200000 0.133125
v -0.236250 1.090000 -0.133125
v -0.192500 1.180000 -0.100000
v -0.355000 1.105000 -0.118750
v -0.362500 1.135000 0.044687
v -0.365000 1.205000 0.036250
v -0.360000 1.160000 -0.003477
v -0.290000 1.215000 0.012891
v -0.287500 1.180000 0.016484
v -0.236892 1.302950 0.066922
v -0.282500 1.350000 0.016484
v -0.236892 1.302950 -0.034422
v -0.183750 1.370000 0.016484
v -0.180492 1.324100 0.089834
v -0.127617 1.302950 0.089834
v -0.180492 1.324100 -0.057334
v -0.071875 1.340000 0.016484
v -0.127617 1.302950 -0.057334
v -0.080625 1.205000 0.101875
v -0.077188 1.195000 0.016484
v -0.080625 1.205000 -0.069062
v -0.330000 1.225000 0.016484
v -0.347500 1.090000 -0.011875
v -0.335000 1.060000 0.151250
v -0.253750 0.890000 0.144375
v -0.253750 0.890000 -0.111875
v -0.367500 1.005000 -0.030781
v -0.355000 0.925000 0.072500
v -0.382500 0.960000 0.108750
v -0.337500 1.005000 0.112500
v -0.247500 0.965000 0.182500
v -0.282500 0.915000 0.187500
v -0.360000 1.025000 0.063438
v -0.347500 0.945000 -0.039844
v -0.375000 0.980000 -0.075938
v -0.327500 1.025000 -0.079688
v -0.247500 0.965000 -0.150000
v -0.282500 0.915000 -0.155000
v -0.172500 0.925000 0.167500
v -0.172500 0.925000 -0.135625
v -0.167500 0.970000 0.149375
v -0.167500 0.970000 -0.116250
v -0.183750 0.905000 0.121250
v -0.183750 0.905000 -0.088750
vn 0.620105 0.612833 0.489801
vn 0.096901 0.267374 0.958708
vn 0.553537 0.680837 -0.479643
vn 0.057559 0.296656 -0.953248
vn -0.332694 -0.243443 0.911071
vn -0.300218 -0.236054 -0.924201
vn -0.564882 -0.115702 0.817020
vn -0.249821 0.643675 0.723375
vn -0.347261 0.605238 -0.716308
vn 0.326617 0.800808 0.502023
vn -0.548211 -0.176418 -0.817521
vn 0.212751 0.840878 -0.497656
vn -0.800666 0.478577 -0.360415
vn -0.938135 0.008221 0.346171
vn -0.837276 0.483866 0.254641
vn -0.896334 0.365383 -0.251158
vn -0.144567 0.986964 -0.070724
vn -0.280160 0.957120 0.073696
vn -0.427071 0.574021 0.698649
vn -0.638428 0.769677 0.002620
vn -0.428452 0.576305 -0.695918
vn -0.169382 0.985549 0.001684
vn 0.016801 0.823170 0.567547
vn 0.772680 0.441520 0.456098
vn 0.017273 0.824849 -0.565089
vn 0.650677 0.759353 0.001793
vn 0.773505 0.442093 -0.454141
vn 0.902198 0.431090 -0.014165
vn 0.973387 0.229168 0.000693
vn 0.902180 0.431128 0.014145
vn -0.934781 0.355217 0.002284
vn -0.930980 -0.125098 -0.342967
vn -0.852267 0.365689 0.374050
vn -0.150681 -0.910258 0.385650
vn -0.214770 -0.916355 -0.337886
vn -0.985684 0.159553 -0.054507
vn -0.750803 -0.657313 0.065072
vn -0.889379 -0.286056 0.356620
vn -0.575078 0.527414 0.625395
vn 0.028499 0.247839 0.968382
vn -0.292059 -0.247559 0.923805
vn -0.983766 0.172274 0.050254
vn -0.783742 -0.621065 -0.005108
vn -0.920651 -0.252222 -0.297969
vn -0.554017 0.530102 -0.641916
vn 0.033500 0.251804 -0.967198
vn -0.314877 -0.239280 -0.918476
vn 0.307667 -0.431881 0.847833
vn 0.307309 -0.428117 -0.849869
vn 0.345808 0.317248 0.883046
vn 0.347833 0.337895 -0.874551
vn 0.297685 -0.900499 0.316995
vn 0.296872 -0.901959 -0.313587
vt 0.761719 0.253906
vt 0.726563 0.242187
vt 0.761719 0.253906
vt 0.726563 0.242187
vt 0.671875 0.234375
vt 0.671875 0.234375
vt 0.609375 0.378906
vt 0.656250 0.398437
vt 0.656250 0.398437
vt 0.699219 0.414062
vt 0.609375 0.378906
vt 0.699219 0.414062
vt 0.433594 0.472656
vt 0.546875 0.414062
vt 0.570313 0.445312
vt 0.570313 0.445312
vt 0.574219 0.484375
vt 0.574219 0.484375
vt 0.546875 0.414062
vt 0.570313 0.445312
vt 0.546875 0.414062
vt 0.656250 0.398437
vt 0.609375 0.378906
vt 0.648438 0.300781
vt 0.609375 0.378906
vt 0.691406 0.320312
vt 0.648438 0.300781
vt 0.671875 0.234375
vt 0.726563 0.242187
vt 0.671875 0.234375
vt 0.433594 0.472656
vt 0.546875 0.414062
vt 0.433594 0.472656
vt 0.699219 0.414062
vt 0.699219 0.414062
vt 0.433594 0.472656
vt 0.574219 0.484375
vt 0.570313 0.445312
vt 0.546875 0.414062
vt 0.609375 0.378906
vt 0.656250 0.398437
vt 0.433594 0.472656
vt 0.574219 0.484375
vt 0.570313 0.445312
vt 0.546875 0.414062
vt 0.609375 0.378906
vt 0.656250 0.398437
vt 0.726563 0.242187
vt 0.726563 0.242187
vt 0.671875 0.234375
vt 0.671875 0.234375
vt 0.761719 0.253906
vt 0.761719 0.253906
f 450/450/450 453/453/453 451/451/451
f 451/451/451 453/453/453 439/439/439
f 451/451/451 448/448/448 449/449/449
f 449/449/449 450/450/450 451/451/451
f 439/439/439 447/447/447 448/448/448
f 448/448/448 451/451/451 439/439/439
f 448/448/448 446/446/446 449/449/449
f 447/447/447 446/446/446 448/448/448
f 439/439/439 453/453/453 457/457/457
f 453/453/453 450/450/450 455/455/455
f 416/416/416 408/408/408 413/413/413
f 413/413/413 408/408/408 415/415/415
f 413/413/413 420/420/420 422/422/422
f 422/422/422 416/416/416 413/413/413
f 415/415/415 436/436/436 420/420/420
f 420/420/420 413/413/413 415/415/415
f 420/420/420 437/437/437 422/422/422
f 436/436/436 437/437/437 420/420/420
f 415/415/415 408/408/408 410/410/410
f 408/408/408 416/416/416 407/407/407
f 433/433/433 434/434/434 431/431/431
f 431/431/431 430/430/430 433/433/433
f 430/430/430 431/431/431 429/429/429
f 429/429/429 426/426/426 430/430/430
f 426/426/426 429/429/429 425/425/425
f 425/425/425 424/424/424 426/426/426
f 424/424/424 425/425/425 435/435/435
f 444/444/444 445/445/445 452/452/452
f 445/445/445 438/438/438 452/452/452
f 445/445/445 444/444/444 443/443/443
f 443/443/443 442/442/442 445/445/445
f 438/438/438 445/445/445 442/442/442
f 442/442/442 441/441/441 438/438/438
f 442/442/442 443/443/443 440/440/440
f 441/441/441 442/442/442 440/440/440
f 438/438/438 456/456/456 452/452/452
f 452/452/452 454/454/454 444/444/444
f 414/414/414 412/412/412 406/406/406
f 412/412/412 411/411/411 406/406/406
f 412/412/412 414/414/414 421/421/421
f 421/421/421 419/419/419 412/412/412
f 411/411/411 412/412/412 419/419/419
f 419/419/419 418/418/418 411/411/411
f 419/419/419 421/421/421 417/417/417
f 418/418/418 419/419/419 417/417/417
f 411/411/411 409/409/409 406/406/406
f 406/406/406 405/405/405 414/414/414
f 433/433/433 430/430/430 428/428/428
f 428/428/428 432/432/432 433/433/433
f 430/430/430 426/426/426 427/427/427
f 427/427/427 428/428/428 430/430/430
f 426/426/426 424/424/424 423/423/423
f 423/423/423 427/427/427 426/426/426
f 424/424/424 435/435/435 423/423/423
v 0.182500 0.640000 0.032969
v 0.182500 0.640000 -0.000229
v 0.180000 0.680000 0.076563
v 0.180000 0.680000 -0.043750
v 0.205000 0.710000 0.032500
v 0.190000 0.755000 0.102500
v 0.205000 0.710000 0.000167
v 0.190000 0.755000 -0.069687
v 0.226250 0.865000 0.083125
v 0.201250 0.840000 0.128750
v 0.226250 0.865000 -0.050313
v 0.201250 0.840000 -0.095625
v 0.213750 0.785000 0.058438
v 0.213750 0.785000 -0.025781
v 0.213750 0.935000 0.114375
v 0.213750 0.935000 0.114375
v 0.202500 0.920000 0.157500
v 0.202500 0.920000 -0.124375
v 0.213750 0.935000 -0.081875
v 0.213750 0.935000 -0.081875
v 0.202500 0.980000 0.114375
v 0.202500 0.980000 -0.081875
v 0.237500 0.955000 0.016406
v 0.237500 0.910000 0.016406
v 0.092500 0.595000 0.193750
v 0.092500 0.595000 0.193750
v 0.092500 0.595000 0.193750
v 0.080000 0.650000 0.167500
v 0.080000 0.650000 0.167500
v 0.080000 0.650000 0.167500
v 0.080000 0.650000 -0.135000
v 0.080000 0.650000 -0.135000
v 0.080000 0.650000 -0.135000
v 0.092500 0.595000 -0.160000
v 0.092500 0.595000 -0.160000
v 0.092500 0.595000 -0.160000
v 0.151875 0.655000 0.105000
v 0.151875 0.655000 -0.072188
v 0.166250 0.617500 0.118125
v 0.166250 0.617500 0.118125
v 0.166250 0.617500 -0.085000
v 0.166250 0.617500 -0.085000
v -0.001279 0.665000 0.181250
v -0.001279 0.665000 0.181250
v -0.001279 0.665000 0.181250
v -0.001279 0.665000 -0.149375
v -0.001279 0.665000 -0.149375
v -0.001279 0.665000 -0.149375
v -0.009570 0.607500 0.207500
v -0.009570 0.607500 0.207500
v -0.009570 0.607500 0.207500
v -0.009570 0.607500 -0.175000
v -0.009570 0.607500 -0.175000
v -0.009570 0.607500 -0.175000
v -0.111875 0.670000 0.144375
v -0.111875 0.670000 0.144375
v -0.111875 0.670000 0.144375
v -0.111875 0.670000 -0.111250
v -0.111875 0.670000 -0.111250
v -0.111875 0.670000 -0.111250
v -0.074688 0.705000 0.167500
v -0.074688 0.705000 0.167500
v -0.074688 0.705000 0.167500
v -0.074688 0.705000 -0.135000
v -0.074688 0.705000 -0.135000
v -0.074688 0.705000 -0.135000
v -0.166250 0.865000 0.040313
v -0.166250 0.865000 0.040313
v -0.143750 0.875000 0.084375
v -0.143750 0.875000 0.084375
v -0.143750 0.875000 0.084375
v -0.166250 0.865000 -0.007773
v -0.166250 0.865000 -0.007773
v -0.143750 0.875000 -0.051875
v -0.143750 0.875000 -0.051875
v -0.143750 0.875000 -0.051875
v -0.155000 0.930000 0.044375
v -0.155000 0.930000 -0.011719
v -0.151250 0.760000 0.084375
v -0.151250 0.760000 0.084375
v -0.151250 0.760000 0.084375
v -0.151250 0.760000 -0.051875
v -0.151250 0.760000 -0.051875
v -0.151250 0.760000 -0.051875
v -0.127500 0.795000 0.113750
v -0.127500 0.795000 0.113750
v -0.127500 0.795000 0.113750
v -0.127500 0.795000 -0.081250
v -0.127500 0.795000 -0.081250
v -0.127500 0.795000 -0.081250
vn 0.903728 -0.288365 0.316420
vn 0.903408 -0.288584 -0.317135
vn 0.907935 -0.251469 0.335286
vn 0.907582 -0.251713 -0.336058
vn 0.905107 -0.258987 0.337204
vn 0.909398 -0.237458 0.341481
vn 0.904757 -0.259235 -0.337951
vn 0.908902 -0.237197 -0.342980
vn 0.905472 -0.175300 0.386510
vn 0.927523 -0.125697 0.351996
vn 0.904689 -0.175850 -0.388092
vn 0.926591 -0.126687 -0.354089
vn 0.910778 -0.236403 0.338522
vn 0.910415 -0.236466 -0.339454
vn 0.953188 0.023208 0.301485
vn 0.953188 0.023208 0.301485
vn 0.970826 -0.094386 0.220429
vn 0.970112 -0.095349 -0.223141
vn 0.953007 0.022290 -0.302128
vn 0.953007 0.022290 -0.302128
vn 0.933065 0.233266 0.273818
vn 0.933287 0.233322 -0.273012
vn 0.992585 0.121549 0.000394
vn 1.000000 0.000000 0.000364
vn 0.328333 0.444554 0.833408
vn 0.328333 0.444554 0.833408
vn 0.328333 0.444554 0.833408
vn 0.460869 0.465611 0.755517
vn 0.460869 0.465611 0.755517
vn 0.460869 0.465611 0.755517
vn 0.464862 0.454758 -0.759670
vn 0.464862 0.454758 -0.759670
vn 0.464862 0.454758 -0.759670
vn 0.334457 0.431406 -0.837871
vn 0.334457 0.431406 -0.837871
vn 0.334457 0.431406 -0.837871
vn 0.565318 0.457043 0.686679
vn 0.568704 0.452656 -0.686788
vn 0.565319 0.456728 0.686887
vn 0.565319 0.456728 0.686887
vn 0.568712 0.448328 -0.689615
vn 0.568712 0.448328 -0.689615
vn 0.151070 0.421053 0.894367
vn 0.151070 0.421053 0.894367
vn 0.151070 0.421053 0.894367
vn 0.152185 0.410518 -0.899063
vn 0.152185 0.410518 -0.899063
vn 0.152185 0.410518 -0.899063
vn -0.108852 0.283900 0.952655
vn -0.108852 0.283900 0.952655
vn -0.108852 0.283900 0.952655
vn -0.111904 0.276158 -0.954575
vn -0.111904 0.276158 -0.954575
vn -0.111904 0.276158 -0.954575
vn -0.652870 0.054408 0.755514
vn -0.652870 0.054408 0.755514
vn -0.652870 0.054408 0.755514
vn -0.656072 0.049731 -0.753058
vn -0.656072 0.049731 -0.753058
vn -0.656072 0.049731 -0.753058
vn -0.382011 0.185958 0.905255
vn -0.382011 0.185958 0.905255
vn -0.382011 0.185958 0.905255
vn -0.390229 0.179438 -0.903063
vn -0.390229 0.179438 -0.903063
vn -0.390229 0.179438 -0.903063
vn -0.895138 0.093285 0.435920
vn -0.895138 0.093285 0.435920
vn -0.868696 0.080006 0.488841
vn -0.868696 0.080006 0.488841
vn -0.868696 0.080006 0.488841
vn -0.895290 0.093703 -0.435517
vn -0.895290 0.093703 -0.435517
vn -0.868816 0.080287 -0.488582
vn -0.868816 0.080287 -0.488582
vn -0.868816 0.080287 -0.488582
vn -0.894741 0.128121 0.427812
vn -0.894863 0.128944 -0.427309
vn -0.837237 0.052281 0.544335
vn -0.837237 0.052281 0.544335
vn -0.837237 0.052281 0.544335
vn -0.836932 0.051493 -0.544879
vn -0.836932 0.051493 -0.544879
vn -0.836932 0.051493 -0.544879
vn -0.744057 0.072739 0.664144
vn -0.744057 0.072739 0.664144
vn -0.744057 0.072739 0.664144
vn -0.745172 0.070038 -0.663185
vn -0.745172 0.070038 -0.663185
vn -0.745172 0.070038 -0.663185
vt 0.964844 0.226562
vt 0.964844 0.226562
vt 0.937500 0.128906
vt 0.937500 0.128906
vt 0.996094 0.128906
vt 0.937500 0.031250
vt 0.996094 0.128906
vt 0.937500 0.031250
vt 0.996094 0.128906
vt 0.937500 0.128906
vt 0.996094 0.128906
vt 0.937500 0.128906
vt 0.996094 0.031250
vt 0.996094 0.031250
vt 0.937500 0.207031
vt 0.996094 0.207031
vt 0.937500 0.207031
vt 0.937500 0.207031
vt 0.937500 0.207031
vt 0.996094 0.207031
vt 0.996094 0.207031
vt 0.996094 0.207031
vt 0.996094 0.031250
vt 0.937500 0.031250
vt 0.996094 0.031250
vt 0.996094 0.031250
vt 0.996094 0.031250
vt 0.937500 0.031250
vt 0.937500 0.031250
vt 0.937500 0.031250
vt 0.937500 0.031250
vt 0.937500 0.031250
vt 0.937500 0.031250
vt 0.996094 0.031250
vt 0.996094 0.031250
vt 0.996094 0.031250
vt 0.937500 0.128906
vt 0.937500 0.128906
vt 0.996094 0.128906
vt 0.996094 0.128906
vt 0.996094 0.128906
vt 0.996094 0.128906
vt 0.937500 0.128906
vt 0.937500 0.128906
vt 0.937500 0.128906
vt 0.937500 0.128906
vt 0.937500 0.128906
vt 0.937500 0.128906
vt 0.996094 0.128906
vt 0.996094 0.128906
vt 0.996094 0.128906
vt 0.996094 0.128906
vt 0.996094 0.128906
vt 0.996094 0.128906
vt 0.996094 0.031250
vt 0.996094 0.031250
vt 0.996094 0.031250
vt 0.996094 0.031250
vt 0.996094 0.031250
vt 0.996094 0.031250
vt 0.937500 0.031250
vt 0.937500 0.031250
vt 0.937500 0.031250
vt 0.937500 0.031250
vt 0.937500 0.031250
vt 0.937500 0.031250
vt 0.996094 0.031250
vt 0.996094 0.031250
vt 0.937500 0.031250
vt 0.937500 0.031250
vt 0.937500 0.031250
vt 0.996094 0.031250
vt 0.996094 0.031250
vt 0.937500 0.031250
vt 0.937500 0.031250
vt 0.937500 0.031250
vt 0.964844 0.031250
vt 0.964844 0.031250
vt 0.996094 0.128906
vt 0.996094 0.128906
vt 0.996094 0.128906
vt 0.996094 0.128906
vt 0.996094 0.128906
vt 0.996094 0.128906
vt 0.937500 0.128906
vt 0.937500 0.128906
vt 0.937500 0.128906
vt 0.937500 0.128906
vt 0.937500 0.128906
vt 0.937500 0.128906
f 476/476/476 479/479/479 480/480/480
f 480/480/480 481/481/481 476/476/476
f 477/477/477 468/468/468 469/469/469
f 469/469/469 475/475/475 477/477/477
f 468/468/468 471/471/471 465/465/465
f 465/465/465 469/469/469 468/468/468
f 471/471/471 464/464/464 461/461/461
f 461/461/461 465/465/465 471/471/471
f 464/464/464 459/459/459 461/461/461
f 488/488/488 495/495/495 498/498/498
f 499/499/499 491/491/491 489/489/489
f 492/492/492 509/509/509 503/503/503
f 504/504/504 490/490/490 493/493/493
f 510/510/510 515/515/515 521/521/521
f 522/522/522 505/505/505 511/511/511
f 516/516/516 539/539/539 545/545/545
f 546/546/546 523/523/523 517/517/517
f 540/540/540 529/529/529 531/531/531
f 532/532/532 547/547/547 541/541/541
f 530/530/530 535/535/535 533/533/533
f 472/472/472 481/481/481 480/480/480
f 480/480/480 478/478/478 472/472/472
f 473/473/473 474/474/474 467/467/467
f 467/467/467 466/466/466 473/473/473
f 466/466/466 467/467/467 463/463/463
f 463/463/463 470/470/470 466/466/466
f 470/470/470 463/463/463 460/460/460
f 460/460/460 462/462/462 470/470/470
f 462/462/462 460/460/460 458/458/458
f 485/485/485 482/482/482 496/496/496
f 497/497/497 494/494/494 486/486/486
f 483/483/483 487/487/487 500/500/500
f 501/501/501 506/506/506 484/484/484
f 507/507/507 502/502/502 518/518/518
f 519/519/519 512/512/512 508/508/508
f 513/513/513 520/520/520 542/542/542
f 543/543/543 536/536/536 514/514/514
f 537/537/537 544/544/544 526/526/526
f 527/527/527 524/524/524 538/538/538
f 525/525/525 528/528/528 534/534/534
v 0.138125 0.650000 -0.122500
v 0.138125 0.690000 -0.111250
v 0.138125 0.650000 0.155000
v 0.138125 0.690000 0.143750
v 0.170000 0.680000 -0.118750
v 0.170000 0.680000 -0.118750
v 0.170000 0.650000 -0.128125
v 0.170000 0.650000 -0.128125
v 0.166250 0.680000 -0.062187
v 0.170000 0.680000 0.151875
v 0.170000 0.680000 0.151875
v 0.170000 0.650000 0.161250
v 0.170000 0.650000 0.161250
v 0.166250 0.680000 0.095000
v 0.187500 0.675000 0.016328
v 0.197500 0.665000 -0.065937
v 0.197500 0.665000 -0.065937
v 0.197500 0.665000 0.098750
v 0.197500 0.665000 0.098750
v 0.222500 0.650000 0.016328
v 0.222500 0.650000 0.016328
v 0.170000 0.595000 -0.076250
v 0.170000 0.595000 -0.076250
v 0.170000 0.595000 0.108750
v 0.170000 0.595000 0.108750
v 0.197500 0.607500 -0.079063
v 0.197500 0.607500 -0.079063
v 0.197500 0.607500 0.111875
v 0.197500 0.607500 0.111875
v 0.222500 0.590000 0.016328
v 0.222500 0.590000 0.016328
v 0.206250 0.577500 0.016328
v 0.206250 0.577500 0.016328
v 0.171250 0.442500 -0.064375
v 0.171250 0.442500 0.096875
v 0.206250 0.442500 0.016328
v 0.171250 0.222500 -0.064375
v 0.206250 0.222500 0.016328
v 0.171250 0.222500 0.096875
v 0.203750 1.060000 -0.105625
v 0.203750 1.060000 -0.105625
v 0.173750 1.050000 -0.105625
v -0.063125 1.125000 -0.223750
v -0.063125 1.125000 -0.223750
v 0.078438 1.160000 -0.223750
v 0.078438 1.160000 -0.223750
v -0.063125 1.150000 -0.141875
v -0.063125 1.150000 -0.141875
v 0.078438 1.180000 -0.141875
v 0.078438 1.180000 -0.141875
v 0.007656 1.025000 -0.380000
v -0.092500 0.955000 -0.292500
v -0.031406 1.050000 -0.306250
v 0.058750 1.085000 -0.306250
v 0.136875 0.965000 -0.280000
v -0.063125 1.080000 -0.236250
v -0.063125 1.080000 -0.236250
v 0.078438 1.110000 -0.236250
v 0.078438 1.110000 -0.236250
v -0.146875 0.980000 -0.167500
v -0.146875 0.980000 -0.167500
v -0.146875 0.980000 -0.167500
v 0.187500 1.010000 -0.152500
v 0.187500 1.010000 -0.152500
v 0.187500 1.010000 -0.152500
v 0.187500 1.010000 -0.152500
v 0.210000 1.020000 -0.162500
v 0.210000 1.020000 -0.162500
v 0.180000 1.010000 -0.162500
v 0.180000 1.015000 -0.039844
v 0.180000 1.015000 -0.039844
v 0.210000 1.020000 -0.039844
v 0.210000 1.020000 -0.039844
v 0.205000 1.035000 -0.090625
v 0.205000 1.035000 -0.090625
v 0.173750 0.970000 -0.101875
v 0.173750 0.970000 -0.101875
v 0.173750 0.970000 -0.101875
v 0.173750 0.970000 -0.101875
v 0.221250 0.945000 -0.162500
v 0.221250 0.945000 -0.162500
v 0.221250 0.945000 -0.162500
v 0.221250 0.945000 -0.162500
v 0.221250 0.945000 -0.162500
v 0.190000 0.925000 -0.102500
v 0.190000 0.925000 -0.102500
v 0.190000 0.925000 -0.102500
v 0.190000 0.925000 -0.102500
v 0.227500 0.905000 -0.103750
v 0.227500 0.905000 -0.103750
v 0.227500 0.905000 -0.103750
v 0.222500 0.940000 -0.040313
v 0.222500 0.940000 -0.040313
v 0.222500 0.940000 -0.040313
v 0.222500 0.940000 -0.040313
v 0.222500 0.940000 -0.040313
v 0.258750 0.990000 -0.103125
v 0.241250 0.930000 0.206250
v 0.241250 0.930000 0.206250
v 0.241250 0.930000 0.206250
v 0.241250 0.930000 0.206250
v 0.241250 0.930000 0.206250
v 0.241250 0.925000 0.063438
v 0.241250 0.925000 0.063438
v 0.241250 0.925000 0.063438
v 0.241250 0.925000 0.063438
v 0.241250 0.925000 0.063438
v 0.247500 0.885000 0.137500
v 0.247500 0.885000 0.137500
v 0.247500 0.885000 0.137500
v 0.203750 0.905000 0.135625
v 0.203750 0.905000 0.135625
v 0.203750 0.905000 0.135625
v 0.203750 0.905000 0.135625
v 0.185000 0.960000 0.135000
v 0.185000 0.960000 0.135000
v 0.185000 0.960000 0.135000
v 0.185000 0.960000 0.135000
v 0.283750 0.980000 0.136875
v 0.186250 1.055000 0.139375
v 0.220000 1.065000 0.139375
v 0.220000 1.065000 0.139375
v 0.227500 1.020000 0.062813
v 0.227500 1.020000 0.062813
v 0.227500 1.020000 0.206250
v 0.227500 1.020000 0.206250
v 0.222500 1.035000 0.121875
v 0.222500 1.035000 0.121875
v -0.160000 1.000000 -0.104375
v -0.160000 1.000000 -0.104375
v 0.015234 1.015000 -0.060937
v -0.090000 1.145000 0.276250
v -0.090000 1.145000 0.276250
v 0.074688 1.180000 0.276250
v 0.074688 1.180000 0.276250
v -0.090000 1.170000 0.181250
v -0.090000 1.170000 0.181250
v 0.074688 1.205000 0.181250
v 0.074688 1.205000 0.181250
v -0.090000 1.085000 0.292500
v -0.090000 1.085000 0.292500
v 0.074688 1.125000 0.292500
v 0.074688 1.125000 0.292500
v -0.007891 1.025000 0.457500
v -0.053437 1.055000 0.372500
v 0.051563 1.095000 0.372500
v -0.125000 0.945000 0.357500
v 0.142500 0.955000 0.342500
v -0.203750 0.995000 0.138125
v -0.203750 0.995000 0.138125
v -0.187500 0.970000 0.211250
v -0.187500 0.970000 0.211250
v -0.187500 0.970000 0.211250
v 0.000894 1.010000 0.087500
v 0.201250 1.010000 0.193750
v 0.201250 1.010000 0.193750
v 0.201250 1.010000 0.193750
v 0.201250 1.010000 0.193750
v 0.192500 1.010000 0.206250
v 0.192500 1.010000 0.062813
v 0.192500 1.010000 0.062813
vn -0.168839 -0.236886 -0.956754
vn 0.002576 0.628480 -0.777821
vn -0.186821 -0.239373 0.952785
vn -0.012314 0.629105 0.777223
vn 0.669780 0.583316 -0.459497
vn 0.669780 0.583316 -0.459497
vn 0.526055 -0.064534 -0.847999
vn 0.526055 -0.064534 -0.847999
vn 0.389550 0.921001 -0.002980
vn 0.667877 0.585473 0.459523
vn 0.667877 0.585473 0.459523
vn 0.520034 -0.067400 0.851482
vn 0.520034 -0.067400 0.851482
vn 0.389657 0.920955 0.003025
vn 0.506230 0.862399 -0.000041
vn 0.808009 0.547855 -0.216741
vn 0.808009 0.547855 -0.216741
vn 0.808302 0.547700 0.216038
vn 0.808302 0.547700 0.216038
vn 0.881474 0.472232 -0.000139
vn 0.881474 0.472232 -0.000139
vn 0.655523 -0.478309 -0.584389
vn 0.655523 -0.478309 -0.584389
vn 0.652725 -0.481843 0.584618
vn 0.652725 -0.481843 0.584618
vn 0.781058 -0.419470 -0.462594
vn 0.781058 -0.419470 -0.462594
vn 0.780564 -0.421401 0.461673
vn 0.780564 -0.421401 0.461673
vn 0.897137 -0.441752 -0.000239
vn 0.897137 -0.441752 -0.000239
vn 0.863655 -0.504083 0.000066
vn 0.863655 -0.504083 0.000066
vn 0.921643 -0.007012 -0.387975
vn 0.921384 -0.007027 0.388591
vn 1.000000 0.000000 0.000354
vn 0.917437 0.000000 -0.397882
vn 1.000000 0.000000 0.000354
vn 0.917155 0.000000 0.398531
vn 0.315537 0.944787 0.088395
vn 0.315537 0.944787 0.088395
vn -0.305375 0.916124 -0.259738
vn -0.618566 0.487991 -0.615826
vn -0.618566 0.487991 -0.615826
vn 0.312985 0.630389 -0.710387
vn 0.312985 0.630389 -0.710387
vn -0.403895 0.817390 0.410783
vn -0.403895 0.817390 0.410783
vn 0.213964 0.874859 0.434559
vn 0.213964 0.874859 0.434559
vn -0.175410 0.660682 -0.729884
vn -0.772190 0.399778 -0.493862
vn -0.502343 0.729030 -0.464937
vn 0.386610 0.735545 -0.556333
vn 0.734455 0.351118 -0.580768
vn -0.492096 0.443379 -0.749171
vn -0.492096 0.443379 -0.749171
vn 0.245243 0.626011 -0.740247
vn 0.245243 0.626011 -0.740247
vn -0.823217 0.322075 -0.467527
vn -0.823217 0.322075 -0.467527
vn -0.823217 0.322075 -0.467527
vn 0.396947 0.335480 -0.854334
vn 0.396947 0.335480 -0.854334
vn 0.396947 0.335480 -0.854334
vn 0.396947 0.335480 -0.854334
vn 0.360526 0.553167 -0.751017
vn 0.360526 0.553167 -0.751017
vn 0.396947 0.335480 -0.854334
vn -0.628143 0.119960 0.768795
vn -0.628143 0.119960 0.768795
vn 0.421767 0.491924 0.761658
vn 0.421767 0.491924 0.761658
vn 0.628377 0.643755 0.436718
vn 0.628377 0.643755 0.436718
vn -0.918768 -0.393798 -0.028085
vn -0.918768 -0.393798 -0.028085
vn -0.918768 -0.393798 -0.028085
vn -0.918768 -0.393798 -0.028085
vn -0.330832 -0.427682 -0.841212
vn -0.330832 -0.427682 -0.841212
vn -0.330832 -0.427682 -0.841212
vn -0.330832 -0.427682 -0.841212
vn -0.330832 -0.427682 -0.841212
vn -0.751457 -0.659303 -0.025136
vn -0.751457 -0.659303 -0.025136
vn -0.751457 -0.659303 -0.025136
vn -0.751457 -0.659303 -0.025136
vn 0.049174 -0.997555 -0.049649
vn 0.049174 -0.997555 -0.049649
vn 0.049174 -0.997555 -0.049649
vn -0.330415 -0.491731 0.805622
vn -0.330415 -0.491731 0.805622
vn -0.330415 -0.491731 0.805622
vn -0.330415 -0.491731 0.805622
vn -0.330415 -0.491731 0.805622
vn 0.988010 0.152594 -0.023486
vn -0.317672 -0.426934 0.846647
vn -0.317672 -0.426934 0.846647
vn -0.317672 -0.426934 0.846647
vn -0.317672 -0.426934 0.846647
vn -0.317672 -0.426934 0.846647
vn -0.315587 -0.499147 -0.807005
vn -0.315587 -0.499147 -0.807005
vn -0.315587 -0.499147 -0.807005
vn -0.315587 -0.499147 -0.807005
vn -0.315587 -0.499147 -0.807005
vn 0.095655 -0.994530 0.041966
vn 0.095655 -0.994530 0.041966
vn 0.095655 -0.994530 0.041966
vn -0.736263 -0.676189 0.026196
vn -0.736263 -0.676189 0.026196
vn -0.736263 -0.676189 0.026196
vn -0.736263 -0.676189 0.026196
vn -0.923210 -0.382756 0.034368
vn -0.923210 -0.382756 0.034368
vn -0.923210 -0.382756 0.034368
vn -0.923210 -0.382756 0.034368
vn 0.989862 0.140929 0.017684
vn -0.273054 0.932542 0.236236
vn 0.319487 0.942491 -0.098173
vn 0.319487 0.942491 -0.098173
vn 0.407620 0.493851 -0.768086
vn 0.407620 0.493851 -0.768086
vn 0.380448 0.561645 0.734720
vn 0.380448 0.561645 0.734720
vn 0.626435 0.643622 -0.439694
vn 0.626435 0.643622 -0.439694
vn -0.724495 0.541493 0.426489
vn -0.724495 0.541493 0.426489
vn -0.085345 0.425154 0.901088
vn -0.616861 0.492026 0.614323
vn -0.616861 0.492026 0.614323
vn 0.316973 0.640469 0.699520
vn 0.316973 0.640469 0.699520
vn -0.394540 0.817151 -0.420240
vn -0.394540 0.817151 -0.420240
vn 0.216299 0.876248 -0.430585
vn 0.216299 0.876248 -0.430585
vn -0.499418 0.455063 0.737224
vn -0.499418 0.455063 0.737224
vn 0.239224 0.642362 0.728109
vn 0.239224 0.642362 0.728109
vn -0.169624 0.657086 0.734484
vn -0.502655 0.731280 0.461051
vn 0.387299 0.728615 0.564907
vn -0.771194 0.409651 0.487284
vn 0.731762 0.349998 0.584829
vn -0.725025 0.537654 -0.430426
vn -0.725025 0.537654 -0.430426
vn -0.824301 0.318484 0.468076
vn -0.824301 0.318484 0.468076
vn -0.824301 0.318484 0.468076
vn -0.084320 0.418956 -0.904083
vn 0.402502 0.352557 0.844805
vn 0.402502 0.352557 0.844805
vn 0.402502 0.352557 0.844805
vn 0.402502 0.352557 0.844805
vn 0.402502 0.352557 0.844805
vn -0.639291 0.107738 -0.761380
vn -0.639291 0.107738 -0.761380
vt 0.851563 0.125000
vt 0.851563 0.003906
vt 0.851563 0.125000
vt 0.851563 0.003906
vt 0.613281 0.003906
vt 0.835938 0.003906
vt 0.726563 0.003906
vt 0.835938 0.125000
vt 0.851563 0.125000
vt 0.613281 0.003906
vt 0.835938 0.003906
vt 0.726563 0.003906
vt 0.835938 0.125000
vt 0.851563 0.125000
vt 0.851563 0.003906
vt 0.613281 0.050781
vt 0.835938 0.125000
vt 0.613281 0.050781
vt 0.835938 0.125000
vt 0.613281 0.113281
vt 0.835938 0.003906
vt 0.546875 0.449219
vt 0.851563 0.003906
vt 0.546875 0.449219
vt 0.851563 0.003906
vt 0.835938 0.003906
vt 0.726563 0.050781
vt 0.835938 0.003906
vt 0.726563 0.050781
vt 0.835938 0.125000
vt 0.730469 0.113281
vt 0.851563 0.125000
vt 0.601563 0.410156
vt 0.523438 0.312500
vt 0.523438 0.312500
vt 0.601563 0.296875
vt 0.490234 0.140625
vt 0.554688 0.125000
vt 0.490234 0.140625
vt 0.515625 0.273437
vt 0.851563 0.125000
vt 0.835938 0.125000
vt 0.855469 0.125000
vt 0.835938 0.003906
vt 0.855469 0.003906
vt 0.835938 0.125000
vt 0.902344 0.125000
vt 0.753906 0.035156
vt 0.902344 0.003906
vt 0.746094 0.078125
vt 0.601563 0.716797
vt 0.656250 0.406250
vt 0.625000 0.304687
vt 0.578125 0.304687
vt 0.542969 0.406250
vt 0.851563 0.003906
vt 0.632813 0.140625
vt 0.851563 0.125000
vt 0.562500 0.140625
vt 0.855469 0.003906
vt 0.851563 0.125000
vt 0.703125 0.140625
vt 0.855469 0.125000
vt 0.851563 0.003906
vt 0.496094 0.140625
vt 0.750000 0.007812
vt 0.531250 0.359375
vt 0.851563 0.003906
vt 0.835938 0.003906
vt 0.835938 0.003906
vt 0.750000 0.007812
vt 0.531250 0.359375
vt 0.851563 0.003906
vt 0.902344 0.125000
vt 0.804688 0.105469
vt 0.757813 0.050781
vt 0.757813 0.050781
vt 0.757813 0.050781
vt 0.757813 0.050781
vt 0.515625 0.273437
vt 0.835938 0.125000
vt 0.789063 0.007812
vt 0.789063 0.007812
vt 0.789063 0.007812
vt 0.796875 0.031250
vt 0.796875 0.031250
vt 0.796875 0.031250
vt 0.796875 0.031250
vt 0.531250 0.359375
vt 0.824219 0.011719
vt 0.824219 0.011719
vt 0.515625 0.273437
vt 0.835938 0.125000
vt 0.789063 0.007812
vt 0.789063 0.007812
vt 0.789063 0.007812
vt 0.636719 0.296875
vt 0.515625 0.273437
vt 0.835938 0.125000
vt 0.789063 0.007812
vt 0.789063 0.007812
vt 0.789063 0.007812
vt 0.515625 0.273437
vt 0.835938 0.125000
vt 0.789063 0.007812
vt 0.789063 0.007812
vt 0.789063 0.007812
vt 0.531250 0.359375
vt 0.824219 0.011719
vt 0.824219 0.011719
vt 0.796875 0.031250
vt 0.796875 0.031250
vt 0.796875 0.031250
vt 0.796875 0.031250
vt 0.757813 0.050781
vt 0.757813 0.050781
vt 0.757813 0.050781
vt 0.757813 0.050781
vt 0.636719 0.296875
vt 0.835938 0.125000
vt 0.515625 0.273437
vt 0.851563 0.125000
vt 0.531250 0.359375
vt 0.851563 0.003906
vt 0.531250 0.359375
vt 0.851563 0.003906
vt 0.902344 0.125000
vt 0.804688 0.105469
vt 0.902344 0.003906
vt 0.808594 0.007812
vt 0.835938 0.058594
vt 0.855469 0.125000
vt 0.835938 0.003906
vt 0.855469 0.003906
vt 0.835938 0.125000
vt 0.902344 0.125000
vt 0.753906 0.035156
vt 0.902344 0.003906
vt 0.746094 0.078125
vt 0.851563 0.003906
vt 0.632813 0.140625
vt 0.851563 0.125000
vt 0.562500 0.140625
vt 0.601563 0.716797
vt 0.625000 0.304687
vt 0.578125 0.304687
vt 0.656250 0.406250
vt 0.542969 0.406250
vt 0.902344 0.003906
vt 0.808594 0.007812
vt 0.855469 0.003906
vt 0.851563 0.125000
vt 0.703125 0.140625
vt 0.835938 0.058594
vt 0.855469 0.125000
vt 0.851563 0.003906
vt 0.496094 0.140625
vt 0.750000 0.007812
vt 0.835938 0.003906
vt 0.835938 0.003906
vt 0.750000 0.007812
f 575/575/575 579/579/579 577/577/577
f 576/576/576 578/578/578 567/567/567
f 567/567/567 565/565/565 576/576/576
f 576/576/576 565/565/565 557/557/557
f 557/557/557 559/559/559 576/576/576
f 582/582/582 583/583/583 580/580/580
f 580/580/580 571/571/571 582/582/582
f 566/566/566 568/568/568 562/562/562
f 562/562/562 561/561/561 566/566/566
f 575/575/575 560/560/560 572/572/572
f 558/558/558 566/566/566 561/561/561
f 561/561/561 551/551/551 558/558/558
f 560/560/560 558/558/558 551/551/551
f 551/551/551 550/550/550 560/560/560
f 583/583/583 582/582/582 586/586/586
f 586/586/586 585/585/585 583/583/583
f 575/575/575 572/572/572 579/579/579
f 560/560/560 550/550/550 572/572/572
f 681/681/681 702/702/702 674/674/674
f 674/674/674 685/685/685 681/681/681
f 681/681/681 685/685/685 683/683/683
f 683/683/683 679/679/679 681/681/681
f 679/679/679 683/683/683 696/696/696
f 696/696/696 698/698/698 679/679/679
f 686/686/686 675/675/675 701/701/701
f 684/684/684 686/686/686 701/701/701
f 697/697/697 684/684/684 701/701/701
f 682/682/682 689/689/689 703/703/703
f 682/682/682 680/680/680 687/687/687
f 687/687/687 689/689/689 682/682/682
f 680/680/680 699/699/699 687/687/687
f 704/704/704 690/690/690 693/693/693
f 693/693/693 695/695/695 704/704/704
f 690/690/690 688/688/688 692/692/692
f 692/692/692 693/693/693 690/690/690
f 688/688/688 700/700/700 694/694/694
f 694/694/694 692/692/692 688/688/688
f 695/695/695 693/693/693 691/691/691
f 693/693/693 692/692/692 691/691/691
f 692/692/692 694/694/694 691/691/691
f 672/672/672 645/645/645 666/666/666
f 672/672/672 666/666/666 668/668/668
f 666/666/666 645/645/645 655/655/655
f 668/668/668 666/666/666 670/670/670
f 666/666/666 650/650/650 670/670/670
f 666/666/666 655/655/655 650/650/650
f 673/673/673 706/706/706 646/646/646
f 673/673/673 669/669/669 667/667/667
f 667/667/667 706/706/706 673/673/673
f 669/669/669 671/671/671 707/707/707
f 707/707/707 667/667/667 669/669/669
f 671/671/671 651/651/651 707/707/707
f 656/656/656 647/647/647 658/658/658
f 652/652/652 657/657/657 659/659/659
f 653/653/653 660/660/660 662/662/662
f 661/661/661 648/648/648 663/663/663
f 654/654/654 664/664/664 708/708/708
f 665/665/665 649/649/649 705/705/705
f 573/573/573 577/577/577 579/579/579
f 574/574/574 563/563/563 567/567/567
f 567/567/567 578/578/578 574/574/574
f 574/574/574 554/554/554 552/552/552
f 552/552/552 563/563/563 574/574/574
f 581/581/581 569/569/569 580/580/580
f 580/580/580 583/583/583 581/581/581
f 564/564/564 556/556/556 562/562/562
f 562/562/562 568/568/568 564/564/564
f 573/573/573 570/570/570 555/555/555
f 553/553/553 549/549/549 556/556/556
f 556/556/556 564/564/564 553/553/553
f 555/555/555 548/548/548 549/549/549
f 549/549/549 553/553/553 555/555/555
f 583/583/583 585/585/585 584/584/584
f 584/584/584 581/581/581 583/583/583
f 573/573/573 579/579/579 570/570/570
f 555/555/555 570/570/570 548/548/548
f 592/592/592 596/596/596 621/621/621
f 621/621/621 610/610/610 592/592/592
f 592/592/592 590/590/590 594/594/594
f 594/594/594 596/596/596 592/592/592
f 590/590/590 607/607/607 676/676/676
f 676/676/676 594/594/594 590/590/590
f 597/597/597 678/678/678 622/622/622
f 595/595/595 678/678/678 597/597/597
f 677/677/677 678/678/678 595/595/595
f 593/593/593 611/611/611 605/605/605
f 593/593/593 605/605/605 603/603/603
f 603/603/603 591/591/591 593/593/593
f 591/591/591 603/603/603 608/608/608
f 612/612/612 602/602/602 601/601/601
f 601/601/601 606/606/606 612/612/612
f 606/606/606 601/601/601 600/600/600
f 600/600/600 604/604/604 606/606/606
f 604/604/604 600/600/600 599/599/599
f 599/599/599 609/609/609 604/604/604
f 602/602/602 598/598/598 601/601/601
f 601/601/601 598/598/598 600/600/600
f 600/600/600 598/598/598 599/599/599
f 614/614/614 644/644/644 627/627/627
f 614/614/614 587/587/587 644/644/644
f 644/644/644 636/636/636 627/627/627
f 587/587/587 619/619/619 644/644/644
f 644/644/644 619/619/619 639/639/639
f 644/644/644 639/639/639 636/636/636
f 615/615/615 628/628/628 616/616/616
f 615/615/615 616/616/616 589/589/589
f 589/589/589 588/588/588 615/615/615
f 588/588/588 589/589/589 617/617/617
f 617/617/617 620/620/620 588/588/588
f 620/620/620 617/617/617 640/640/640
f 637/637/637 632/632/632 629/629/629
f 641/641/641 633/633/633 638/638/638
f 642/642/642 623/623/623 634/634/634
f 635/635/635 624/624/624 630/630/630
f 643/643/643 618/618/618 625/625/625
f 626/626/626 613/613/613 631/631/631
v -0.106250 0.755000 -0.345000
v -0.106250 0.755000 -0.345000
v 0.004219 0.785000 -0.407500
v 0.082500 0.740000 -0.337500
v -0.026562 0.700000 -0.252500
v -0.017969 0.612500 -0.465000
v -0.032656 0.605000 -0.362500
v -0.089375 0.617500 -0.422500
v 0.030469 0.605000 -0.392500
v -0.017969 0.630000 0.355000
v -0.026562 0.730000 0.286250
v -0.106250 0.775000 0.365000
v -0.080625 0.650000 0.420000
v 0.051875 0.635000 0.387500
v 0.082500 0.755000 0.360000
v -0.001660 0.655000 0.467500
v 0.004219 0.805000 0.427500
v -0.216250 0.283750 -0.163750
v -0.108125 0.266250 -0.213750
v -0.108750 0.231250 -0.107500
v -0.000771 0.231250 -0.150625
v -0.044687 0.133750 -0.245000
v -0.131875 0.133125 -0.178750
v -0.048125 0.131250 -0.128750
v 0.056250 0.143125 -0.185000
v -0.044687 0.133750 0.278750
v -0.131875 0.133125 0.211250
v -0.048125 0.131250 0.161250
v 0.056250 0.143125 0.218750
v -0.108750 0.231250 0.140000
v -0.000771 0.231250 0.182500
v -0.216250 0.283750 0.196250
v -0.108125 0.266250 0.246250
vn -0.977037 0.000183 -0.213067
vn -0.977037 0.000183 -0.213067
vn -0.119536 0.343223 -0.931616
vn 0.939027 -0.188939 -0.287281
vn -0.170561 -0.687334 0.706032
vn 0.449598 0.162960 -0.878240
vn -0.211352 -0.733904 0.645535
vn -0.967991 -0.084869 -0.236199
vn 0.768899 -0.572977 0.283709
vn -0.191136 -0.567185 -0.801104
vn -0.155343 -0.527172 -0.835439
vn -0.971761 -0.106578 0.210529
vn -0.968013 -0.131342 0.213774
vn 0.807967 -0.403377 -0.429507
vn 0.965333 -0.110601 0.236431
vn 0.430762 0.136328 0.892109
vn -0.138261 0.264832 0.954331
vn -0.794828 -0.528089 0.298948
vn -0.016457 0.230388 -0.972960
vn -0.126060 -0.278736 0.952058
vn 0.720848 0.300296 0.624661
vn -0.098660 0.183440 -0.978067
vn -0.818394 -0.327008 -0.472544
vn -0.064517 -0.251367 0.965739
vn 0.802131 0.522857 -0.288456
vn -0.104555 0.189415 0.976315
vn -0.821158 -0.325102 0.469051
vn -0.063274 -0.255518 -0.964731
vn 0.803392 0.523458 0.283820
vn -0.128587 -0.280111 -0.951317
vn 0.721112 0.296879 -0.625987
vn -0.794828 -0.528089 -0.298948
vn -0.019196 0.237012 0.971317
vt 0.742188 0.132812
vt 0.351563 0.765625
vt 0.332031 0.764648
vt 0.351563 0.765625
vt 0.332031 0.764648
vt 0.380859 0.673828
vt 0.380859 0.673828
vt 0.398438 0.675781
vt 0.398438 0.675781
vt 0.380859 0.673828
vt 0.332031 0.764648
vt 0.351563 0.765625
vt 0.398438 0.675781
vt 0.398438 0.675781
vt 0.351563 0.765625
vt 0.380859 0.673828
vt 0.332031 0.764648
vt 0.332031 0.764648
vt 0.351563 0.765625
vt 0.351563 0.765625
vt 0.332031 0.764648
vt 0.398438 0.675781
vt 0.380859 0.673828
vt 0.398438 0.675781
vt 0.380859 0.673828
vt 0.398438 0.675781
vt 0.380859 0.673828
vt 0.398438 0.675781
vt 0.380859 0.673828
vt 0.351563 0.765625
vt 0.332031 0.764648
vt 0.332031 0.764648
vt 0.351563 0.765625
f 712/712/712 717/717/717 714/714/714
f 714/714/714 711/711/711 712/712/712
f 711/711/711 714/714/714 716/716/716
f 716/716/716 710/710/710 711/711/711
f 717/717/717 712/712/712 713/713/713
f 713/713/713 715/715/715 717/717/717
f 716/716/716 715/715/715 713/713/713
f 713/713/713 710/710/710 716/716/716
f 729/729/729 733/733/733 727/727/727
f 729/729/729 728/728/728 732/732/732
f 732/732/732 733/733/733 729/729/729
f 731/731/731 732/732/732 726/726/726
f 726/726/726 727/727/727 731/731/731
f 726/726/726 732/732/732 728/728/728
f 727/727/727 733/733/733 730/730/730
f 731/731/731 727/727/727 730/730/730
f 723/723/723 725/725/725 724/724/724
f 724/724/724 722/722/722 723/723/723
f 725/725/725 720/720/720 721/721/721
f 721/721/721 724/724/724 725/725/725
f 722/722/722 718/718/718 719/719/719
f 719/719/719 723/723/723 722/722/722
f 721/721/721 720/720/720 719/719/719
f 719/719/719 718/718/718 721/721/721
f 739/739/739 741/741/741 737/737/737
f 739/739/739 737/737/737 736/736/736
f 736/736/736 738/738/738 739/739/739
f 735/735/735 740/740/740 736/736/736
f 740/740/740 735/735/735 741/741/741
f 740/740/740 738/738/738 736/736/736
f 741/741/741 734/734/734 737/737/737
f 735/735/735 734/734/734 741/741/741
v -0.135000 0.555000 0.110000
v -0.135000 0.555000 0.110000
v -0.137500 0.665000 0.094375
v 0.143125 0.590000 0.091875
v 0.150000 0.670000 0.088750
v 0.017500 0.685000 0.154375
v 0.017422 0.625000 0.195000
v 0.198750 0.670000 0.016406
v -0.158750 0.580000 0.016406
v -0.135000 0.555000 -0.077500
v -0.172500 0.660000 0.016406
v -0.137500 0.665000 -0.061562
v 0.196250 0.585000 0.016406
v 0.143125 0.590000 -0.059375
v 0.150000 0.670000 -0.055938
v 0.017422 0.625000 -0.162500
v 0.017500 0.685000 -0.121250
v 0.014063 0.510000 0.037969
v 0.148750 0.485000 0.016406
v 0.014063 0.510000 -0.005273
vn -0.864112 -0.295775 0.407219
vn -0.864112 -0.295775 0.407219
vn -0.645208 0.239327 0.725555
vn 0.607680 -0.276905 0.744345
vn 0.708490 0.107633 0.697464
vn 0.034024 0.560302 0.827589
vn 0.051206 0.333511 0.941355
vn 0.999568 -0.029399 0.000000
vn -0.642352 -0.766410 -0.000400
vn -0.864541 -0.294797 -0.407017
vn -0.997676 -0.068140 0.000191
vn -0.645057 0.242796 -0.724535
vn 0.984406 -0.175909 0.000660
vn 0.608917 -0.276271 -0.743569
vn 0.708792 0.110590 -0.696695
vn 0.051051 0.338710 -0.939505
vn 0.033755 0.566176 -0.823593
vn -0.242944 -0.969667 0.026915
vn 0.299361 -0.954140 0.000180
vn -0.242712 -0.969709 -0.027491
vt 0.738281 0.922852
vt 0.300781 0.988037
vt 0.294922 0.903809
vt 0.300781 0.988037
vt 0.294922 0.903809
vt 0.229492 0.922363
vt 0.221680 0.997986
vt 0.375000 0.896973
vt 0.378906 0.927734
vt 0.300781 0.988037
vt 0.375000 0.896973
vt 0.294922 0.903809
vt 0.378906 0.927734
vt 0.300781 0.988037
vt 0.294922 0.903809
vt 0.221680 0.997986
vt 0.229492 0.922363
vt 0.357422 0.987732
vt 0.375000 0.960693
vt 0.357422 0.987732
f 756/756/756 757/757/757 758/758/758
f 756/756/756 754/754/754 755/755/755
f 751/751/751 752/752/752 753/753/753
f 761/761/761 750/750/750 751/751/751
f 752/752/752 751/751/751 750/750/750
f 749/749/749 754/754/754 756/756/756
f 754/754/754 760/760/760 755/755/755
f 760/760/760 750/750/750 761/761/761
f 755/755/755 760/760/760 761/761/761
f 757/757/757 753/753/753 758/758/758
f 753/753/753 757/757/757 751/751/751
f 757/757/757 756/756/756 755/755/755
f 746/746/746 747/747/747 748/748/748
f 746/746/746 745/745/745 754/754/754
f 743/743/743 744/744/744 752/752/752
f 759/759/759 743/743/743 750/750/750
f 752/752/752 750/750/750 743/743/743
f 749/749/749 746/746/746 754/754/754
f 754/754/754 745/745/745 760/760/760
f 760/760/760 759/759/759 750/750/750
f 745/745/745 759/759/759 760/760/760
f 748/748/748 747/747/747 744/744/744
f 744/744/744 743/743/743 748/748/748
f 748/748/748 745/745/745 746/746/746
v 0.397500 0.362500 -0.390000
v 0.397500 0.362500 -0.390000
v 0.397500 0.287500 -0.390000
v 0.865000 0.530000 -0.390000
v 0.865000 0.530000 -0.390000
v 0.865000 0.530000 -0.390000
v 0.400000 0.695000 -0.390000
v 0.400000 0.695000 -0.390000
v 0.412500 0.765000 -0.390000
v 0.980000 0.530000 -0.390000
v 0.397500 0.530000 -0.445000
v 0.325000 0.527500 -0.417500
v 0.325000 0.527500 -0.417500
v 0.397500 0.530000 -0.332500
v 0.327500 0.475000 -0.390000
v 0.327500 0.475000 -0.390000
v 0.325000 0.585000 -0.390000
v 0.325000 0.585000 -0.390000
v 0.325000 0.527500 -0.362500
v 0.325000 0.527500 -0.362500
v -0.595000 0.527500 -0.440000
v -0.595000 0.527500 -0.440000
v -0.655000 0.527500 -0.450000
v -0.715000 0.530000 -0.390000
v -0.655000 0.450000 -0.390000
v -0.592500 0.475000 -0.390000
v -0.592500 0.475000 -0.390000
v -0.655000 0.527500 -0.327500
v -0.595000 0.527500 -0.340000
v -0.595000 0.527500 -0.340000
v -0.595000 0.585000 -0.390000
v -0.595000 0.585000 -0.390000
v -0.655000 0.612500 -0.390000
v -0.153750 0.575000 -0.390000
v -0.153750 0.527500 -0.427500
v -0.153750 0.527500 -0.352500
v -0.151875 0.487500 -0.390000
vn -0.456153 -0.537212 -0.709456
vn -0.456153 -0.537212 -0.709456
vn 0.000000 0.000000 -1.000000
vn 0.232236 0.002833 -0.972655
vn 0.232236 0.002833 -0.972655
vn 0.232236 0.002833 -0.972655
vn -0.436655 0.552903 -0.709669
vn -0.436655 0.552903 -0.709669
vn 0.000000 0.000000 -1.000000
vn 0.000000 0.000000 -1.000000
vn -0.123010 0.002570 -0.992402
vn -0.252140 0.113891 -0.960965
vn -0.252140 0.113891 -0.960965
vn -0.135395 0.002649 0.990788
vn -0.485390 -0.874298 0.000000
vn -0.485390 -0.874298 0.000000
vn -0.476466 0.879193 0.000000
vn -0.476466 0.879193 0.000000
vn -0.259603 0.114147 0.958946
vn -0.259603 0.114147 0.958946
vn 0.127335 0.235715 -0.963444
vn 0.127335 0.235715 -0.963444
vn -0.205313 -0.196302 -0.958808
vn -0.999769 -0.017590 -0.012323
vn -0.344660 -0.938645 -0.012483
vn 0.156499 -0.987674 -0.002884
vn 0.156499 -0.987674 -0.002884
vn -0.196489 -0.199350 0.960027
vn 0.140169 0.239410 0.960747
vn 0.140169 0.239410 0.960747
vn 0.224286 0.974523 -0.000000
vn 0.224286 0.974523 -0.000000
vn -0.112529 0.993607 -0.009104
vn 0.019114 0.999817 0.000000
vn 0.016454 -0.266107 -0.963803
vn 0.016454 -0.266107 0.963803
vn 0.001128 -0.999999 -0.000000
vt 0.210938 0.734375
vt 0.241211 0.292969
vt 0.241211 0.250000
vt 0.001633 0.849609
vt 0.001633 0.849609
vt 0.168945 0.277344
vt 0.210938 0.734375
vt 0.241211 0.292969
vt 0.241211 0.250000
vt 0.163086 0.250000
vt 0.224609 0.842773
vt 0.964844 0.531250
vt 0.267578 0.842773
vt 0.224609 0.842773
vt 0.968750 0.505859
vt 0.253906 0.774414
vt 0.964844 0.560547
vt 0.253906 0.774414
vt 0.964844 0.531250
vt 0.267578 0.842773
vt 0.500000 0.531250
vt 0.123535 0.496094
vt 0.123535 0.535156
vt 0.125000 0.570312
vt 0.090820 0.533203
vt 0.500000 0.505859
vt 0.104492 0.496094
vt 0.123535 0.535156
vt 0.500000 0.531250
vt 0.123535 0.496094
vt 0.500000 0.560547
vt 0.145508 0.496094
vt 0.160156 0.533203
vt 0.714844 0.554687
vt 0.714844 0.531250
vt 0.714844 0.531250
vt 0.718750 0.509766
f 790/790/790 797/797/797 795/795/795
f 795/795/795 792/792/792 790/790/790
f 797/797/797 790/790/790 787/787/787
f 787/787/787 798/798/798 797/797/797
f 795/795/795 797/797/797 780/780/780
f 780/780/780 778/778/778 795/795/795
f 797/797/797 798/798/798 776/776/776
f 776/776/776 780/780/780 797/797/797
f 791/791/791 793/793/793 794/794/794
f 794/794/794 789/789/789 791/791/791
f 788/788/788 791/791/791 789/789/789
f 789/789/789 786/786/786 788/788/788
f 789/789/789 794/794/794 785/785/785
f 786/786/786 789/789/789 785/785/785
f 779/779/779 781/781/781 768/768/768
f 781/781/781 777/777/777 762/762/762
f 768/768/768 775/775/775 765/765/765
f 762/762/762 765/765/765 775/775/775
f 768/768/768 781/781/781 775/775/775
f 775/775/775 781/781/781 762/762/762
f 782/782/782 792/792/792 795/795/795
f 795/795/795 796/796/796 782/782/782
f 796/796/796 798/798/798 787/787/787
f 787/787/787 782/782/782 796/796/796
f 795/795/795 778/778/778 773/773/773
f 773/773/773 796/796/796 795/795/795
f 796/796/796 773/773/773 776/776/776
f 776/776/776 798/798/798 796/796/796
f 783/783/783 784/784/784 794/794/794
f 794/794/794 793/793/793 783/783/783
f 788/788/788 786/786/786 784/784/784
f 784/784/784 783/783/783 788/788/788
f 784/784/784 785/785/785 794/794/794
f 786/786/786 785/785/785 784/784/784
f 779/779/779 768/768/768 774/774/774
f 774/774/774 762/762/762 777/777/777
f 768/768/768 766/766/766 772/772/772
f 762/762/762 772/772/772 766/766/766
f 769/769/769 770/770/770 771/771/771
f 771/771/771 767/767/767 769/769/769
f 767/767/767 771/771/771 764/764/764
f 764/764/764 763/763/763 767/767/767
f 768/768/768 772/772/772 774/774/774
f 772/772/772 762/762/762 774/774/774
v 0.176762 1.296331 -0.123620
v 0.219340 1.304457 -0.159600
v 0.150957 1.263709 -0.221092
v 0.152936 1.433981 -0.130823
v 0.197551 1.410980 -0.170140
v 0.140024 1.433312 -0.211660
v 0.152936 1.433981 0.161681
v 0.140024 1.433312 0.242518
v 0.197551 1.410980 0.200998
v 0.227787 1.501830 -0.096409
v 0.221388 1.514914 -0.140009
v 0.251363 1.498403 -0.122531
v 0.227787 1.501830 0.127267
v 0.221388 1.514914 0.170867
v 0.251363 1.498403 0.153390
v 0.270592 1.595084 -0.110962
v 0.270592 1.595084 0.141819
v 0.219340 1.304457 0.190458
v 0.176762 1.296331 0.154478
v 0.150957 1.263709 0.251950
v 0.253465 1.254636 -0.078117
v 0.253465 1.254636 -0.078117
v 0.253465 1.254636 -0.078117
v 0.282521 1.251529 -0.094755
v 0.282521 1.251529 -0.094755
v 0.253465 1.254636 0.109890
v 0.253465 1.254636 0.109890
v 0.253465 1.254636 0.109890
v 0.282521 1.251529 0.126529
v 0.282521 1.251529 0.126529
v 0.230924 1.190477 -0.138645
v 0.230924 1.190477 -0.138645
v 0.230924 1.190477 0.169503
v 0.230924 1.190477 0.169503
v 0.271677 1.193850 -0.060917
v 0.271677 1.193850 0.091775
v 0.318225 1.119190 -0.088851
v 0.318225 1.119190 0.119709
v 0.349175 1.153258 -0.059411
v 0.349175 1.153258 0.090269
v 0.378947 1.060896 -0.037723
v 0.378947 1.060896 0.068581
v 0.346372 1.183527 -0.051517
v 0.346372 1.183527 0.082375
v 0.367997 1.176646 0.023463
v 0.367997 1.176646 0.007395
v 0.366444 1.167470 -0.022274
v 0.376884 1.174926 0.015429
v 0.366444 1.167470 0.053132
v 0.390655 1.104121 -0.022615
v 0.390655 1.104121 0.053473
v 0.364435 1.209074 -0.011523
v 0.364435 1.209074 -0.011523
v 0.353304 1.217989 -0.009889
v 0.381337 1.224047 0.015886
v 0.381337 1.224047 0.015886
v 0.364435 1.209074 0.043296
v 0.364435 1.209074 0.043296
v 0.369727 1.232940 0.015886
v 0.353304 1.217989 0.041662
v 0.339544 1.226572 -0.028437
v 0.339544 1.226572 0.060210
v 0.349958 1.217622 -0.030609
v 0.349958 1.217622 -0.030609
v 0.349958 1.217622 0.062382
v 0.349958 1.217622 0.062382
v 0.327493 1.226329 -0.050408
v 0.327493 1.226329 -0.050408
v 0.320001 1.235420 -0.046742
v 0.327493 1.226329 0.082181
v 0.327493 1.226329 0.082181
v 0.320001 1.235420 0.078515
v 0.311358 1.261670 -0.054229
v 0.311358 1.261670 -0.054229
v 0.311358 1.261670 0.086002
v 0.311358 1.261670 0.086002
v 0.311358 1.261670 0.086002
v 0.292959 1.270517 0.086544
v 0.268952 1.284782 0.084580
v 0.294658 1.143574 -0.109278
v 0.294658 1.143574 0.140136
v 0.355358 1.185452 -0.030322
v 0.355358 1.185452 0.061180
v 0.326421 1.188818 -0.087978
v 0.326421 1.188818 0.118837
v 0.350869 1.198755 -0.036706
v 0.350869 1.198755 0.068480
v 0.349321 1.214028 0.015886
vn -0.012952 0.148483 0.988830
vn 0.788240 0.614103 0.039429
vn -0.337272 -0.547727 -0.765665
vn -0.565806 -0.035800 0.823761
vn 0.998959 -0.010724 -0.044349
vn 0.012117 0.381799 -0.924166
vn -0.565805 -0.035800 -0.823762
vn 0.012112 0.381801 0.924165
vn 0.998959 -0.010724 0.044349
vn -0.237074 0.060466 0.969608
vn -0.509058 0.758397 -0.407056
vn 0.907205 -0.386381 -0.166399
vn -0.237070 0.060459 -0.969610
vn -0.509059 0.758397 0.407054
vn 0.907205 -0.386377 0.166407
vn 0.840568 0.520057 0.151613
vn 0.840567 0.520070 -0.151572
vn 0.787950 0.614417 -0.040325
vn -0.010738 0.146574 -0.989142
vn -0.337814 -0.546394 0.766378
vn 0.193588 0.978167 -0.075580
vn 0.193588 0.978167 -0.075580
vn 0.193588 0.978167 -0.075580
vn 0.684299 0.458607 -0.566934
vn 0.684299 0.458607 -0.566934
vn 0.002099 0.992535 0.121946
vn 0.002099 0.992535 0.121946
vn 0.002099 0.992535 0.121946
vn 0.684276 0.456003 0.569058
vn 0.684276 0.456003 0.569058
vn 0.113223 -0.483035 -0.868250
vn 0.113223 -0.483035 -0.868250
vn 0.110138 -0.487581 0.866103
vn 0.110138 -0.487581 0.866103
vn 0.702054 0.008848 -0.712068
vn 0.699427 -0.003439 0.714696
vn 0.625474 0.094869 -0.774456
vn 0.628392 0.088175 0.772883
vn 0.638951 0.324302 -0.697546
vn 0.649779 0.308511 0.694701
vn 0.732360 0.177762 -0.657305
vn 0.732360 0.177762 0.657305
vn 0.884028 0.414032 -0.216962
vn 0.884028 0.414032 0.216962
vn 0.966173 0.257895 -0.000174
vn 0.966173 0.257895 -0.000174
vn 0.875403 0.123634 -0.467315
vn 0.966173 0.257895 -0.000174
vn 0.878303 0.113143 0.464524
vn 0.884028 0.414032 -0.216962
vn 0.884028 0.414032 0.216962
vn 0.669220 0.580344 -0.464053
vn 0.669220 0.580344 -0.464053
vn 0.669220 0.580344 -0.464053
vn 0.795548 0.605890 -0.000488
vn 0.795548 0.605890 -0.000488
vn 0.671253 0.578114 0.463901
vn 0.671253 0.578114 0.463901
vn 0.795548 0.605890 -0.000488
vn 0.671253 0.578114 0.463901
vn 0.702984 0.627654 -0.334461
vn 0.702775 0.627142 0.335856
vn 0.702984 0.627654 -0.334461
vn 0.702984 0.627654 -0.334461
vn 0.702775 0.627142 0.335856
vn 0.702775 0.627142 0.335856
vn 0.783124 0.596780 -0.174844
vn 0.783124 0.596780 -0.174844
vn 0.783124 0.596780 -0.174844
vn 0.783888 0.595407 0.176098
vn 0.783888 0.595407 0.176098
vn 0.783888 0.595407 0.176098
vn 0.716139 0.697573 0.023187
vn 0.716139 0.697573 0.023187
vn 0.620167 0.711454 0.330494
vn 0.620167 0.711454 0.330494
vn 0.620167 0.711454 0.330494
vn 0.264134 0.528856 0.806563
vn 0.255974 0.541075 0.801071
vn 0.732360 0.177762 -0.657305
vn 0.732360 0.177762 0.657305
vn 0.770523 0.183453 -0.610442
vn 0.771347 0.179928 0.610451
vn 0.731476 0.222700 -0.644475
vn 0.729773 0.217995 0.648004
vn 0.770523 0.183453 -0.610442
vn 0.771347 0.179928 0.610451
vn 0.999991 0.003860 0.001875
vt 0.186597 0.516113
vt 0.172466 0.497818
vt 0.158969 0.477549
vt 0.313205 0.457186
vt 0.299375 0.436698
vt 0.287432 0.420585
vt 0.313205 0.457186
vt 0.287432 0.420585
vt 0.299375 0.436698
vt 0.186597 0.516113
vt 0.158969 0.477549
vt 0.172466 0.497818
vt 0.186597 0.516113
vt 0.158969 0.477549
vt 0.172466 0.497818
vt 0.299375 0.436698
vt 0.299375 0.436698
vt 0.172466 0.497818
vt 0.186597 0.516113
vt 0.158969 0.477549
vt 0.883862 0.889404
vt 0.790484 0.955936
vt 0.313205 0.457186
vt 0.818694 0.952282
vt 0.299375 0.436698
vt 0.883862 0.889404
vt 0.790484 0.955936
vt 0.313205 0.457186
vt 0.818694 0.952282
vt 0.299375 0.436698
vt 0.287432 0.420585
vt 0.866473 0.984029
vt 0.287432 0.420585
vt 0.866473 0.984029
vt 0.852983 0.865988
vt 0.852983 0.865988
vt 0.897715 0.987350
vt 0.897715 0.987350
vt 0.923710 0.904262
vt 0.923710 0.904262
vt 0.642106 0.714116
vt 0.642106 0.714116
vt 0.739531 0.918758
vt 0.739531 0.918758
vt 0.564603 0.984061
vt 0.564603 0.984061
vt 0.966505 0.865448
vt 0.995351 0.845749
vt 0.966505 0.865448
vt 0.642106 0.714116
vt 0.642106 0.714116
vt 0.379869 0.292799
vt 0.922382 0.767339
vt 0.398534 0.278581
vt 0.348438 0.229111
vt 0.994850 0.771032
vt 0.379869 0.292799
vt 0.922382 0.767339
vt 0.368232 0.220633
vt 0.398534 0.278581
vt 0.368232 0.220633
vt 0.368232 0.220633
vt 0.348438 0.229111
vt 0.879560 0.798017
vt 0.348438 0.229111
vt 0.879560 0.798017
vt 0.379869 0.292799
vt 0.846887 0.872428
vt 0.398534 0.278581
vt 0.379869 0.292799
vt 0.846887 0.872428
vt 0.398534 0.278581
vt 0.368232 0.220633
vt 0.779489 0.922682
vt 0.911474 0.837856
vt 0.368232 0.220633
vt 0.779489 0.922682
vt 0.913427 0.875187
vt 0.908371 0.902859
vt 0.564603 0.984061
vt 0.564603 0.984061
vt 0.739531 0.918758
vt 0.739531 0.918758
vt 0.871540 0.905193
vt 0.871540 0.905193
vt 0.890611 0.855631
vt 0.890611 0.855631
vt 0.885137 0.745992
f 824/824/824 873/873/873 876/876/876
f 876/876/876 877/877/877 824/824/824
f 824/824/824 834/834/834 886/886/886
f 819/819/819 886/886/886 833/833/833
f 857/857/857 858/858/858 855/855/855
f 855/855/855 853/853/853 857/857/857
f 860/860/860 870/870/870 868/868/868
f 868/868/868 863/863/863 860/860/860
f 870/870/870 874/874/874 868/868/868
f 858/858/858 860/860/860 863/863/863
f 863/863/863 855/855/855 858/858/858
f 854/854/854 856/856/856 847/847/847
f 847/847/847 846/846/846 854/854/854
f 864/864/864 869/869/869 883/883/883
f 883/883/883 885/885/885 864/864/864
f 856/856/856 864/864/864 885/885/885
f 885/885/885 883/883/883 836/836/836
f 836/836/836 838/838/838 885/885/885
f 885/885/885 838/838/838 847/847/847
f 885/885/885 847/847/847 856/856/856
f 883/883/883 869/869/869 827/827/827
f 828/828/828 816/816/816 818/818/818
f 818/818/818 831/831/831 828/828/828
f 806/806/806 807/807/807 813/813/813
f 813/813/813 812/812/812 806/806/806
f 836/836/836 883/883/883 832/832/832
f 807/807/807 816/816/816 817/817/817
f 817/817/817 805/805/805 807/807/807
f 813/813/813 807/807/807 805/805/805
f 805/805/805 811/811/811 813/813/813
f 875/875/875 825/825/825 827/827/827
f 827/827/827 869/869/869 875/875/875
f 818/818/818 817/817/817 826/826/826
f 826/826/826 831/831/831 818/818/818
f 812/812/812 811/811/811 805/805/805
f 805/805/805 806/806/806 812/812/812
f 827/827/827 832/832/832 883/883/883
f 813/813/813 815/815/815 812/812/812
f 811/811/811 815/815/815 813/813/813
f 812/812/812 815/815/815 811/811/811
f 807/807/807 806/806/806 818/818/818
f 818/818/818 816/816/816 807/807/807
f 816/816/816 828/828/828 826/826/826
f 826/826/826 817/817/817 816/816/816
f 818/818/818 806/806/806 805/805/805
f 805/805/805 817/817/817 818/818/818
f 844/844/844 842/842/842 849/849/849
f 879/879/879 840/840/840 881/881/881
f 857/857/857 853/853/853 850/850/850
f 850/850/850 852/852/852 857/857/857
f 859/859/859 861/861/861 865/865/865
f 865/865/865 867/867/867 859/859/859
f 867/867/867 865/865/865 871/871/871
f 852/852/852 850/850/850 861/861/861
f 861/861/861 859/859/859 852/852/852
f 854/854/854 846/846/846 845/845/845
f 845/845/845 851/851/851 854/854/854
f 862/862/862 884/884/884 882/882/882
f 882/882/882 866/866/866 862/862/862
f 851/851/851 884/884/884 862/862/862
f 884/884/884 837/837/837 835/835/835
f 835/835/835 882/882/882 884/884/884
f 884/884/884 845/845/845 837/837/837
f 884/884/884 851/851/851 845/845/845
f 882/882/882 822/822/822 866/866/866
f 823/823/823 829/829/829 801/801/801
f 801/801/801 800/800/800 823/823/823
f 804/804/804 809/809/809 810/810/810
f 810/810/810 803/803/803 804/804/804
f 835/835/835 830/830/830 882/882/882
f 803/803/803 802/802/802 799/799/799
f 799/799/799 800/800/800 803/803/803
f 810/810/810 808/808/808 802/802/802
f 802/802/802 803/803/803 810/810/810
f 872/872/872 822/822/822 820/820/820
f 822/822/822 872/872/872 866/866/866
f 801/801/801 829/829/829 821/821/821
f 821/821/821 799/799/799 801/801/801
f 809/809/809 804/804/804 802/802/802
f 802/802/802 808/808/808 809/809/809
f 822/822/822 882/882/882 830/830/830
f 810/810/810 809/809/809 814/814/814
f 808/808/808 810/810/810 814/814/814
f 809/809/809 808/808/808 814/814/814
f 803/803/803 800/800/800 801/801/801
f 801/801/801 804/804/804 803/803/803
f 800/800/800 799/799/799 821/821/821
f 821/821/821 823/823/823 800/800/800
f 801/801/801 799/799/799 802/802/802
f 802/802/802 804/804/804 801/801/801
f 843/843/843 848/848/848 841/841/841
f 878/878/878 880/880/880 839/839/839
