# WC3 MDX geosets → Unity Y-up
mtllib materials.mtl
usemtl Faceless
o Model
v -0.061465 1.024110 0.368755
v 0.097643 0.978379 0.391226
v 0.000570 1.248840 0.288594
v 0.190237 1.211330 0.431006
v 0.190702 1.248780 0.528175
v 0.167288 1.391582 0.262253
v 0.136002 1.186610 0.277178
v 0.000570 1.248840 0.288594
v 0.074444 1.105180 0.594319
v 0.027037 1.070680 0.187777
v -0.052987 1.127350 0.140378
v -0.044972 1.465310 0.279216
v 0.000570 1.248840 0.288594
v -0.098684 1.156770 0.016211
v 0.055826 1.563300 0.115571
v 0.167288 1.391582 0.262253
v -0.073915 1.575660 0.003142
v 0.053406 1.565986 -0.117943
v -0.167504 1.479170 0.000817
v -0.044971 1.465310 -0.278152
v -0.051358 1.126780 -0.132911
v 0.000571 1.248840 -0.288594
v 0.027756 1.071080 -0.180309
v 0.186082 1.438566 -0.262253
v 0.249559 1.116320 0.158051
v 0.136002 1.186610 0.277178
v 0.167288 1.391582 0.262253
v 0.000570 1.248840 0.288594
v 0.169092 0.994430 0.140378
v 0.027037 1.070680 0.187777
v 0.355076 1.313260 -0.006187
v 0.284109 1.090980 -0.010379
v 0.212224 0.993942 -0.004551
v 0.169092 0.994431 -0.132911
v 0.239699 1.123130 -0.168115
v 0.000571 1.248840 -0.288594
v 0.027756 1.071080 -0.180309
v 0.186082 1.438566 -0.262253
v 0.136002 1.186610 -0.277178
v 0.197059 0.478870 -0.376473
v 0.277630 0.403782 -0.495421
v 0.195818 0.433088 -0.656815
v 0.408783 0.542696 -0.583228
v 0.154275 0.644559 -0.703462
v 0.328042 0.677483 -0.550825
v 0.096427 0.653888 -0.408027
v 0.063602 0.549040 -0.550825
v 0.096427 0.653888 -0.408027
v 0.154275 0.644559 -0.703462
v 0.000571 1.248840 -0.288594
v -0.061465 1.024110 -0.368755
v -0.148624 1.300683 -0.431006
v -0.135600 1.080340 -0.401341
v 0.190702 1.248780 -0.528175
v 0.074444 1.105180 -0.594319
v -0.044971 1.465310 -0.278152
v 0.186082 1.438566 -0.262253
v 0.232982 1.494023 0.001391
v 0.232982 1.494023 0.001391
v 0.232982 1.494023 0.001391
v 0.232982 1.494023 0.001391
v 0.232982 1.494023 0.001391
v 0.232982 1.494023 0.001391
v 0.232982 1.494023 0.001391
v 0.232982 1.494023 0.001391
v 0.232982 1.494023 0.001391
v 0.231525 1.527446 -0.000791
v 0.232982 1.494023 0.001391
v 0.219534 1.503462 -0.047914
v 0.219534 1.503462 0.046331
v 0.232982 1.494023 0.001391
v 0.232982 1.494023 0.001391
v 0.232982 1.494023 0.001391
v 0.232982 1.494023 0.001391
v 0.232982 1.494023 0.001391
v 0.232982 1.494023 0.001391
v 0.232982 1.494023 0.001391
v 0.232982 1.494023 0.001391
v 0.232982 1.494023 0.001391
v 0.232982 1.494023 0.001391
v 0.232982 1.494023 0.001391
v 0.232982 1.494023 0.001391
v 0.232982 1.494023 0.001391
v 0.232982 1.494023 0.001391
v 0.274229 1.440873 -0.050545
v 0.232982 1.494023 0.001391
v 0.232982 1.494023 0.001391
v 0.232982 1.494023 0.001391
v 0.190702 1.248780 -0.528175
v 0.074444 1.105180 -0.594319
v 0.190237 1.211330 -0.431006
v 0.097643 0.978379 -0.391226
v 0.136002 1.186610 -0.277178
v 0.000571 1.248840 -0.288594
v 0.186082 1.438566 -0.262253
v 0.000571 1.248840 -0.288594
v -0.061465 1.024110 -0.368755
v 0.232982 1.494023 0.001391
v 0.232982 1.494023 0.001391
v 0.232982 1.494023 0.001391
v 0.232982 1.494023 0.001391
v 0.232982 1.494023 0.001391
v 0.232982 1.494023 0.001391
v 0.232982 1.494023 0.001391
v 0.232982 1.494023 0.001391
v 0.232982 1.494023 0.001391
v 0.232982 1.494023 0.001391
v 0.232982 1.494023 0.001391
v 0.232982 1.494023 0.001391
v 0.232982 1.494023 0.001391
v 0.232982 1.494023 0.001391
v -0.135600 1.080340 0.401341
v -0.061465 1.024110 0.368755
v -0.080214 1.248773 0.431006
v 0.000570 1.248840 0.288594
v -0.044972 1.465310 0.279216
v 0.190702 1.248780 0.528175
v 0.167288 1.391582 0.262253
v 0.074444 1.105180 0.594319
v 0.232982 1.494023 0.001391
v 0.232982 1.494023 0.001391
v 0.232982 1.494023 0.001391
v 0.232982 1.494023 0.001391
v 0.232982 1.494023 0.001391
v 0.232982 1.494023 0.001391
v 0.232982 1.494023 0.001391
v 0.232982 1.494023 0.001391
v 0.232982 1.494023 0.001391
v 0.232982 1.494023 0.001391
v 0.232982 1.494023 0.001391
v 0.232982 1.494023 0.001391
v 0.232982 1.494023 0.001391
v 0.232982 1.494023 0.001391
v 0.232982 1.494023 0.001391
v 0.232982 1.494023 0.001391
v 0.232982 1.494023 0.001391
v 0.232982 1.494023 0.001391
v 0.232982 1.494023 0.001391
v 0.232982 1.494023 0.001391
v 0.226095 0.190285 0.245734
v 0.128895 -0.000263 0.440797
v 0.058756 0.186349 0.337663
v 0.335535 0.001692 0.300765
v -0.104554 0.000357 0.300736
v 0.128873 -0.000264 0.032106
v -0.082028 0.138910 0.243777
v 0.058750 0.182644 0.108982
v 0.058756 0.186349 0.337663
v 0.058750 0.182644 0.108982
v 0.058755 0.186366 -0.337669
v 0.128900 -0.000258 -0.440835
v 0.226087 0.190314 -0.245745
v 0.335498 0.001705 -0.300816
v -0.104546 0.000357 -0.300723
v 0.128818 -0.000255 -0.032093
v -0.082038 0.138922 -0.243769
v 0.058735 0.182665 -0.108974
v 0.058755 0.186366 -0.337669
v 0.058735 0.182665 -0.108974
v 0.195818 0.433088 0.656815
v 0.277632 0.403782 0.495423
v 0.197059 0.478871 0.376473
v 0.408783 0.542696 0.583228
v 0.154275 0.644560 0.703462
v 0.328042 0.677483 0.550825
v 0.096427 0.653889 0.408027
v 0.063602 0.549040 0.550825
v 0.096427 0.653889 0.408027
v 0.154275 0.644560 0.703462
v 0.167288 1.391582 0.262253
v 0.274229 1.440873 0.048963
v 0.261973 1.380482 0.069054
v 0.219534 1.503462 -0.047914
v 0.186082 1.438566 -0.262253
v 0.252806 1.434792 -0.150748
v 0.053406 1.565986 -0.117943
v 0.136174 1.535251 -0.066815
v 0.124835 1.558250 0.001843
v 0.231525 1.527446 -0.000791
v 0.136174 1.535260 0.070500
v 0.219534 1.503462 0.046331
v 0.055826 1.563300 0.115571
v 0.167288 1.391582 0.262253
v 0.274229 1.440873 0.048963
v 0.355076 1.313260 -0.006187
v 0.261973 1.380482 0.069054
v 0.355076 1.313260 -0.006187
v 0.167288 1.391582 0.262253
v 0.232982 1.494023 0.001391
v 0.274229 1.440873 -0.050545
v 0.186082 1.438566 -0.262253
v 0.124835 1.558250 0.001843
v 0.055826 1.563300 0.115571
v 0.053406 1.565986 -0.117943
v 0.219534 1.503462 -0.047914
v 0.252806 1.434792 -0.150748
v 0.274229 1.440873 -0.050545
v 0.274229 1.440873 0.048963
v 0.232982 1.494023 0.001391
v 0.355076 1.313260 -0.006187
v 0.274229 1.440873 -0.050545
v 0.252806 1.434792 -0.150748
v 0.355076 1.313260 -0.006187
v 0.232982 1.494023 0.001391
v 0.232982 1.494023 0.001391
v 0.232982 1.494023 0.001391
v 0.232982 1.494023 0.001391
v 0.232982 1.494023 0.001391
v 0.232982 1.494023 0.001391
v 0.232982 1.494023 0.001391
v 0.232982 1.494023 0.001391
v 0.232982 1.494023 0.001391
v 0.232982 1.494023 0.001391
v 0.232982 1.494023 0.001391
v 0.232982 1.494023 0.001391
v 0.232982 1.494023 0.001391
v 0.232982 1.494023 0.001391
v 0.232982 1.494023 0.001391
v 0.232982 1.494023 0.001391
v 0.232982 1.494023 0.001391
v 0.232982 1.494023 0.001391
v 0.232982 1.494023 0.001391
v 0.232982 1.494023 0.001391
v 0.232982 1.494023 0.001391
v 0.232982 1.494023 0.001391
v 0.232982 1.494023 0.001391
v 0.232982 1.494023 0.001391
v 0.232982 1.494023 0.001391
v 0.232982 1.494023 0.001391
v 0.232982 1.494023 0.001391
v 0.232982 1.494023 0.001391
v 0.232982 1.494023 0.001391
v 0.232982 1.494023 0.001391
v 0.232982 1.494023 0.001391
v 0.232982 1.494023 0.001391
v 0.232982 1.494023 0.001391
v 0.232982 1.494023 0.001391
v 0.232982 1.494023 0.001391
v 0.232982 1.494023 0.001391
v 0.232982 1.494023 0.001391
v 0.232982 1.494023 0.001391
v 0.232982 1.494023 0.001391
v 0.232982 1.494023 0.001391
v 0.232982 1.494023 0.001391
v 0.232982 1.494023 0.001391
v 0.232982 1.494023 0.001391
v 0.232982 1.494023 0.001391
v 0.232982 1.494023 0.001391
v 0.232982 1.494023 0.001391
v 0.232982 1.494023 0.001391
v 0.232982 1.494023 0.001391
v 0.232982 1.494023 0.001391
v 0.232982 1.494023 0.001391
v 0.232982 1.494023 0.001391
v 0.232982 1.494023 0.001391
v 0.232982 1.494023 0.001391
v 0.232982 1.494023 0.001391
v 0.232982 1.494023 0.001391
v 0.232982 1.494023 0.001391
v 0.274229 1.440873 0.048963
v 0.232982 1.494023 0.001391
v 0.232982 1.494023 0.001391
v 0.232982 1.494023 0.001391
v 0.232982 1.494023 0.001391
v 0.232982 1.494023 0.001391
v 0.232982 1.494023 0.001391
v 0.232982 1.494023 0.001391
v 0.232982 1.494023 0.001391
v 0.232982 1.494023 0.001391
v 0.232982 1.494023 0.001391
v 0.232982 1.494023 0.001391
v 0.232982 1.494023 0.001391
v 0.232982 1.494023 0.001391
v 0.232982 1.494023 0.001391
v 0.232982 1.494023 0.001391
v 0.232982 1.494023 0.001391
v 0.232982 1.494023 0.001391
v 0.232982 1.494023 0.001391
v 0.232982 1.494023 0.001391
v 0.232982 1.494023 0.001391
v 0.232982 1.494023 0.001391
v 0.232982 1.494023 0.001391
v 0.232982 1.494023 0.001391
v 0.232982 1.494023 0.001391
v 0.232982 1.494023 0.001391
v 0.232982 1.494023 0.001391
v 0.232982 1.494023 0.001391
v 0.232982 1.494023 0.001391
v 0.232982 1.494023 0.001391
v 0.232982 1.494023 0.001391
v 0.232982 1.494023 0.001391
v 0.232982 1.494023 0.001391
v 0.232982 1.494023 0.001391
v 0.232982 1.494023 0.001391
v 0.232982 1.494023 0.001391
v 0.232982 1.494023 0.001391
v 0.232982 1.494023 0.001391
v 0.232982 1.494023 0.001391
v 0.355076 1.313260 -0.006187
v 0.232982 1.494023 0.001391
v 0.232982 1.494023 0.001391
v 0.232982 1.494023 0.001391
v 0.232982 1.494023 0.001391
v 0.232982 1.494023 0.001391
v 0.232982 1.494023 0.001391
v 0.232982 1.494023 0.001391
v 0.232982 1.494023 0.001391
v 0.355076 1.313260 -0.006187
v 0.232982 1.494023 0.001391
v 0.232982 1.494023 0.001391
v 0.232982 1.494023 0.001391
v 0.232982 1.494023 0.001391
v 0.232982 1.494023 0.001391
v 0.232982 1.494023 0.001391
v 0.232982 1.494023 0.001391
v 0.232982 1.494023 0.001391
v 0.232982 1.494023 0.001391
v 0.232982 1.494023 0.001391
v 0.232982 1.494023 0.001391
v 0.232982 1.494023 0.001391
v 0.232982 1.494023 0.001391
v 0.232982 1.494023 0.001391
v 0.232982 1.494023 0.001391
v 0.232982 1.494023 0.001391
v 0.232982 1.494023 0.001391
v 0.232982 1.494023 0.001391
v 0.232982 1.494023 0.001391
v 0.232982 1.494023 0.001391
v 0.232982 1.494023 0.001391
v 0.232982 1.494023 0.001391
v 0.232982 1.494023 0.001391
v 0.232982 1.494023 0.001391
v 0.232982 1.494023 0.001391
v 0.232982 1.494023 0.001391
v 0.232982 1.494023 0.001391
v 0.232982 1.494023 0.001391
v 0.232982 1.494023 0.001391
v 0.232982 1.494023 0.001391
v 0.232982 1.494023 0.001391
v 0.232982 1.494023 0.001391
v 0.232982 1.494023 0.001391
v 0.232982 1.494023 0.001391
vn -0.310826 -0.097302 -0.945473
vn 0.556883 -0.540416 -0.630739
vn -0.685175 -0.554489 -0.472311
vn 0.958140 -0.286028 -0.012477
vn 0.615825 0.294259 0.730870
vn 0.759018 0.463538 0.457192
vn 0.631868 -0.774840 0.019137
vn -0.685175 -0.554489 -0.472311
vn 0.337963 0.225139 0.913835
vn -0.481880 -0.433826 0.761306
vn -0.815146 -0.203468 0.542345
vn -0.664283 0.543121 0.513564
vn -0.685175 -0.554489 -0.472311
vn -0.987153 -0.159360 0.011576
vn 0.197872 0.954448 0.223330
vn 0.759018 0.463538 0.457192
vn -0.404472 0.914539 0.004613
vn 0.168507 0.969860 -0.176004
vn -0.959319 0.282312 0.002533
vn -0.615837 0.640499 -0.458809
vn -0.861416 -0.249133 -0.442600
vn -0.618490 -0.654210 0.435292
vn -0.358183 -0.525064 -0.772019
vn 0.703226 0.491008 -0.514182
vn 0.666972 -0.448641 0.594869
vn 0.631868 -0.774840 0.019137
vn 0.759018 0.463538 0.457192
vn -0.685175 -0.554489 -0.472311
vn 0.539292 -0.550119 0.637600
vn -0.481880 -0.433826 0.761306
vn 0.935319 0.353789 0.003402
vn 0.869334 -0.493176 -0.032188
vn 0.803118 -0.595691 -0.012441
vn 0.506812 -0.562033 -0.653652
vn 0.638935 -0.461502 -0.615449
vn -0.618490 -0.654210 0.435292
vn -0.358183 -0.525064 -0.772019
vn 0.703226 0.491008 -0.514182
vn 0.613859 -0.789284 -0.014411
vn -0.042386 -0.490373 0.870481
vn 0.340852 -0.920184 0.192563
vn -0.291165 -0.820141 -0.492536
vn 0.963297 -0.153147 -0.220466
vn -0.172353 -0.061398 -0.983120
vn 0.763276 0.516384 0.388275
vn -0.269210 0.018811 0.962898
vn -0.826123 -0.563440 -0.007496
vn -0.269210 0.018811 0.962898
vn -0.172353 -0.061398 -0.983120
vn -0.618490 -0.654210 0.435292
vn -0.263917 -0.170262 0.949399
vn -0.935266 0.187817 0.300005
vn -0.819889 0.445365 -0.359767
vn 0.613229 0.251780 -0.748703
vn 0.337963 0.225139 -0.913835
vn -0.615837 0.640499 -0.458809
vn 0.703226 0.491008 -0.514182
vn 0.948038 0.318125 0.004399
vn 0.948038 0.318125 0.004399
vn 0.948038 0.318125 0.004399
vn 0.948038 0.318125 0.004399
vn 0.948038 0.318125 0.004399
vn 0.948038 0.318125 0.004399
vn 0.948038 0.318125 0.004399
vn 0.948038 0.318125 0.004399
vn 0.948038 0.318125 0.004399
vn 0.817014 0.576601 0.004371
vn 0.948038 0.318125 0.004399
vn 0.787096 0.552653 -0.273962
vn 0.806623 0.457995 0.373631
vn 0.948038 0.318125 0.004399
vn 0.948038 0.318125 0.004399
vn 0.948038 0.318125 0.004399
vn 0.948038 0.318125 0.004399
vn 0.948038 0.318125 0.004399
vn 0.948038 0.318125 0.004399
vn 0.948038 0.318125 0.004399
vn 0.948038 0.318125 0.004399
vn 0.948038 0.318125 0.004399
vn 0.948038 0.318125 0.004399
vn 0.948038 0.318125 0.004399
vn 0.948038 0.318125 0.004399
vn 0.948038 0.318125 0.004399
vn 0.948038 0.318125 0.004399
vn 0.817410 0.565865 -0.107877
vn 0.948038 0.318125 0.004399
vn 0.948038 0.318125 0.004399
vn 0.948038 0.318125 0.004399
vn 0.613229 0.251780 -0.748703
vn 0.337963 0.225139 -0.913835
vn 0.951208 -0.308520 0.004356
vn 0.556883 -0.540416 0.630739
vn 0.613859 -0.789284 -0.014411
vn -0.618490 -0.654210 0.435292
vn 0.703226 0.491008 -0.514182
vn -0.618490 -0.654210 0.435292
vn -0.263917 -0.170262 0.949399
vn 0.948038 0.318125 0.004399
vn 0.948038 0.318125 0.004399
vn 0.948038 0.318125 0.004399
vn 0.948038 0.318125 0.004399
vn 0.948038 0.318125 0.004399
vn 0.948038 0.318125 0.004399
vn 0.948038 0.318125 0.004399
vn 0.948038 0.318125 0.004399
vn 0.948038 0.318125 0.004399
vn 0.948038 0.318125 0.004399
vn 0.948038 0.318125 0.004399
vn 0.948038 0.318125 0.004399
vn 0.948038 0.318125 0.004399
vn 0.948038 0.318125 0.004399
vn -0.744928 0.576064 0.336500
vn -0.310826 -0.097302 -0.945473
vn -0.967736 0.238828 -0.080300
vn -0.685175 -0.554489 -0.472311
vn -0.664283 0.543121 0.513564
vn 0.615825 0.294259 0.730870
vn 0.759018 0.463538 0.457192
vn 0.337963 0.225139 0.913835
vn 0.948038 0.318125 0.004399
vn 0.948038 0.318125 0.004399
vn 0.948038 0.318125 0.004399
vn 0.948038 0.318125 0.004399
vn 0.948038 0.318125 0.004399
vn 0.948038 0.318125 0.004399
vn 0.948038 0.318125 0.004399
vn 0.948038 0.318125 0.004399
vn 0.948038 0.318125 0.004399
vn 0.948038 0.318125 0.004399
vn 0.948038 0.318125 0.004399
vn 0.948038 0.318125 0.004399
vn 0.948038 0.318125 0.004399
vn 0.948038 0.318125 0.004399
vn 0.948038 0.318125 0.004399
vn 0.948038 0.318125 0.004399
vn 0.948038 0.318125 0.004399
vn 0.948038 0.318125 0.004399
vn 0.948038 0.318125 0.004399
vn 0.948038 0.318125 0.004399
vn 0.738630 0.582679 0.338985
vn 0.165072 0.135844 0.976882
vn -0.090395 0.504510 0.858661
vn 0.862421 -0.421576 -0.280185
vn -0.728077 -0.591027 0.347261
vn -0.352426 -0.292036 -0.889107
vn -0.943410 0.126938 -0.306373
vn -0.017253 0.248001 -0.968606
vn -0.090395 0.504510 0.858661
vn -0.017253 0.248001 -0.968606
vn -0.090478 0.504525 -0.858643
vn 0.165016 0.135901 -0.976883
vn 0.738666 0.582639 -0.338976
vn 0.862386 -0.421665 0.280160
vn -0.728093 -0.591020 -0.347240
vn -0.352443 -0.292053 0.889095
vn -0.943440 0.126940 0.306281
vn -0.017219 0.247975 0.968614
vn -0.090478 0.504525 -0.858643
vn -0.017219 0.247975 0.968614
vn -0.291162 -0.820141 0.492538
vn 0.340857 -0.920183 -0.192560
vn -0.042382 -0.490373 -0.870482
vn 0.963297 -0.153143 0.220468
vn -0.172351 -0.061397 0.983120
vn 0.763277 0.516384 -0.388274
vn -0.269208 0.018812 -0.962898
vn -0.826123 -0.563440 0.007494
vn -0.269208 0.018812 -0.962898
vn -0.172351 -0.061397 0.983120
vn 0.759018 0.463538 0.457192
vn 0.876873 0.323626 0.355471
vn 0.838483 0.184601 0.512708
vn 0.787096 0.552653 -0.273962
vn 0.703226 0.491008 -0.514182
vn 0.794857 0.534720 -0.286839
vn 0.168507 0.969860 -0.176004
vn 0.377459 0.890228 -0.254988
vn 0.231098 0.972913 0.005863
vn 0.817014 0.576601 0.004371
vn 0.384631 0.880666 0.276563
vn 0.806623 0.457995 0.373631
vn 0.197872 0.954448 0.223330
vn 0.759018 0.463538 0.457192
vn 0.876873 0.323626 0.355471
vn 0.935319 0.353789 0.003402
vn 0.838483 0.184601 0.512708
vn 0.935319 0.353789 0.003402
vn 0.759018 0.463538 0.457192
vn 0.948038 0.318125 0.004399
vn 0.817410 0.565865 -0.107877
vn 0.703226 0.491008 -0.514182
vn 0.231098 0.972913 0.005863
vn 0.197872 0.954448 0.223330
vn 0.168507 0.969860 -0.176004
vn 0.787096 0.552653 -0.273962
vn 0.794857 0.534720 -0.286839
vn 0.817410 0.565865 -0.107877
vn 0.876873 0.323626 0.355471
vn 0.948038 0.318125 0.004399
vn 0.935319 0.353789 0.003402
vn 0.817410 0.565865 -0.107877
vn 0.794857 0.534720 -0.286839
vn 0.935319 0.353789 0.003402
vn 0.948038 0.318125 0.004399
vn 0.948038 0.318125 0.004399
vn 0.948038 0.318125 0.004399
vn 0.948038 0.318125 0.004399
vn 0.948038 0.318125 0.004399
vn 0.948038 0.318125 0.004399
vn 0.948038 0.318125 0.004399
vn 0.948038 0.318125 0.004399
vn 0.948038 0.318125 0.004399
vn 0.948038 0.318125 0.004399
vn 0.948038 0.318125 0.004399
vn 0.948038 0.318125 0.004399
vn 0.948038 0.318125 0.004399
vn 0.948038 0.318125 0.004399
vn 0.948038 0.318125 0.004399
vn 0.948038 0.318125 0.004399
vn 0.948038 0.318125 0.004399
vn 0.948038 0.318125 0.004399
vn 0.948038 0.318125 0.004399
vn 0.948038 0.318125 0.004399
vn 0.948038 0.318125 0.004399
vn 0.948038 0.318125 0.004399
vn 0.948038 0.318125 0.004399
vn 0.948038 0.318125 0.004399
vn 0.948038 0.318125 0.004399
vn 0.948038 0.318125 0.004399
vn 0.948038 0.318125 0.004399
vn 0.948038 0.318125 0.004399
vn 0.948038 0.318125 0.004399
vn 0.948038 0.318125 0.004399
vn 0.948038 0.318125 0.004399
vn 0.948038 0.318125 0.004399
vn 0.948038 0.318125 0.004399
vn 0.948038 0.318125 0.004399
vn 0.948038 0.318125 0.004399
vn 0.948038 0.318125 0.004399
vn 0.948038 0.318125 0.004399
vn 0.948038 0.318125 0.004399
vn 0.948038 0.318125 0.004399
vn 0.948038 0.318125 0.004399
vn 0.948038 0.318125 0.004399
vn 0.948038 0.318125 0.004399
vn 0.948038 0.318125 0.004399
vn 0.948038 0.318125 0.004399
vn 0.948038 0.318125 0.004399
vn 0.948038 0.318125 0.004399
vn 0.948038 0.318125 0.004399
vn 0.948038 0.318125 0.004399
vn 0.948038 0.318125 0.004399
vn 0.948038 0.318125 0.004399
vn 0.948038 0.318125 0.004399
vn 0.948038 0.318125 0.004399
vn 0.948038 0.318125 0.004399
vn 0.948038 0.318125 0.004399
vn 0.948038 0.318125 0.004399
vn 0.948038 0.318125 0.004399
vn 0.876873 0.323626 0.355471
vn 0.948038 0.318125 0.004399
vn 0.948038 0.318125 0.004399
vn 0.948038 0.318125 0.004399
vn 0.948038 0.318125 0.004399
vn 0.948038 0.318125 0.004399
vn 0.948038 0.318125 0.004399
vn 0.948038 0.318125 0.004399
vn 0.948038 0.318125 0.004399
vn 0.948038 0.318125 0.004399
vn 0.948038 0.318125 0.004399
vn 0.948038 0.318125 0.004399
vn 0.948038 0.318125 0.004399
vn 0.948038 0.318125 0.004399
vn 0.948038 0.318125 0.004399
vn 0.948038 0.318125 0.004399
vn 0.948038 0.318125 0.004399
vn 0.948038 0.318125 0.004399
vn 0.948038 0.318125 0.004399
vn 0.948038 0.318125 0.004399
vn 0.948038 0.318125 0.004399
vn 0.948038 0.318125 0.004399
vn 0.948038 0.318125 0.004399
vn 0.948038 0.318125 0.004399
vn 0.948038 0.318125 0.004399
vn 0.948038 0.318125 0.004399
vn 0.948038 0.318125 0.004399
vn 0.948038 0.318125 0.004399
vn 0.948038 0.318125 0.004399
vn 0.948038 0.318125 0.004399
vn 0.948038 0.318125 0.004399
vn 0.948038 0.318125 0.004399
vn 0.948038 0.318125 0.004399
vn 0.948038 0.318125 0.004399
vn 0.948038 0.318125 0.004399
vn 0.948038 0.318125 0.004399
vn 0.948038 0.318125 0.004399
vn 0.948038 0.318125 0.004399
vn 0.948038 0.318125 0.004399
vn 0.935319 0.353789 0.003402
vn 0.948038 0.318125 0.004399
vn 0.948038 0.318125 0.004399
vn 0.948038 0.318125 0.004399
vn 0.948038 0.318125 0.004399
vn 0.948038 0.318125 0.004399
vn 0.948038 0.318125 0.004399
vn 0.948038 0.318125 0.004399
vn 0.948038 0.318125 0.004399
vn 0.935319 0.353789 0.003402
vn 0.948038 0.318125 0.004399
vn 0.948038 0.318125 0.004399
vn 0.948038 0.318125 0.004399
vn 0.948038 0.318125 0.004399
vn 0.948038 0.318125 0.004399
vn 0.948038 0.318125 0.004399
vn 0.948038 0.318125 0.004399
vn 0.948038 0.318125 0.004399
vn 0.948038 0.318125 0.004399
vn 0.948038 0.318125 0.004399
vn 0.948038 0.318125 0.004399
vn 0.948038 0.318125 0.004399
vn 0.948038 0.318125 0.004399
vn 0.948038 0.318125 0.004399
vn 0.948038 0.318125 0.004399
vn 0.948038 0.318125 0.004399
vn 0.948038 0.318125 0.004399
vn 0.948038 0.318125 0.004399
vn 0.948038 0.318125 0.004399
vn 0.948038 0.318125 0.004399
vn 0.948038 0.318125 0.004399
vn 0.948038 0.318125 0.004399
vn 0.948038 0.318125 0.004399
vn 0.948038 0.318125 0.004399
vn 0.948038 0.318125 0.004399
vn 0.948038 0.318125 0.004399
vn 0.948038 0.318125 0.004399
vn 0.948038 0.318125 0.004399
vn 0.948038 0.318125 0.004399
vn 0.948038 0.318125 0.004399
vn 0.948038 0.318125 0.004399
vn 0.948038 0.318125 0.004399
vn 0.948038 0.318125 0.004399
vn 0.948038 0.318125 0.004399
vt 0.365577 0.695409
vt 0.352952 0.752915
vt 0.507120 0.808083
vt 0.473581 0.912926
vt 0.425879 0.931080
vt 0.531070 0.925716
vt 0.523851 0.873603
vt 0.507370 0.807921
vt 0.332586 0.799337
vt 0.486434 1.767567
vt 0.511084 1.767078
vt 0.469731 1.880082
vt 0.463803 1.766405
vt 0.534222 1.774324
vt 0.515566 1.930938
vt 0.460507 1.949175
vt 0.526160 1.869943
vt 0.546758 1.930938
vt 0.523054 1.830165
vt 0.525996 1.864359
vt 0.513501 1.778813
vt 0.524961 1.833244
vt 0.523842 1.788578
vt 0.539494 1.920587
vt 0.735205 1.769729
vt 0.788834 1.810779
vt 0.790492 1.924714
vt 0.764629 1.730696
vt 0.726510 1.687669
vt 0.768422 1.690279
vt 0.714508 1.907086
vt 0.680123 1.770147
vt 0.672221 1.628211
vt 0.727133 1.687236
vt 0.735059 1.769930
vt 0.765378 1.726918
vt 0.769088 1.691205
vt 0.790422 1.924917
vt 0.789208 1.811485
vt 1.416146 0.924231
vt 1.392930 0.832419
vt 1.456039 0.771885
vt 1.466324 0.859477
vt 1.529200 0.778559
vt 1.527919 0.860721
vt 1.532282 0.978170
vt 1.465687 0.859373
vt 1.532516 0.977824
vt 1.529434 0.778213
vt 0.463803 1.766405
vt 0.428874 1.752471
vt 0.408927 1.815722
vt 0.401948 1.784254
vt 0.405713 1.928000
vt 0.245901 1.844419
vt 0.469731 1.880082
vt 0.460507 1.949175
vt 0.798548 0.384475
vt 0.798548 0.384475
vt 0.798548 0.384475
vt 0.798548 0.384475
vt 0.798548 0.384475
vt 0.798548 0.384475
vt 0.798548 0.384475
vt 0.798548 0.384475
vt 0.798548 0.384475
vt 0.817661 0.386586
vt 0.798548 0.384475
vt 0.802888 0.398520
vt 0.805508 0.398869
vt 0.798548 0.384475
vt 0.798548 0.384475
vt 0.798548 0.384475
vt 0.798548 0.384475
vt 0.798548 0.384475
vt 0.798548 0.384475
vt 0.798548 0.384475
vt 0.798548 0.384475
vt 0.798548 0.384475
vt 0.798548 0.384475
vt 0.798548 0.384475
vt 0.798548 0.384475
vt 0.798548 0.384475
vt 0.798548 0.384475
vt 0.766951 0.396422
vt 0.798548 0.384475
vt 0.798548 0.384475
vt 0.798548 0.384475
vt 0.425879 0.931080
vt 0.332586 0.799337
vt 0.473581 0.912926
vt 0.352952 0.752915
vt 0.523851 0.873603
vt 0.507370 0.807921
vt 0.531070 0.925716
vt 0.507120 0.808083
vt 0.365577 0.695409
vt 0.798548 0.384475
vt 0.798548 0.384475
vt 0.798548 0.384475
vt 0.798548 0.384475
vt 0.798548 0.384475
vt 0.798548 0.384475
vt 0.798548 0.384475
vt 0.798548 0.384475
vt 0.798548 0.384475
vt 0.798548 0.384475
vt 0.798548 0.384475
vt 0.798548 0.384475
vt 0.798548 0.384475
vt 0.798548 0.384475
vt 0.401948 1.784254
vt 0.428874 1.752471
vt 0.408927 1.815722
vt 0.463803 1.766405
vt 0.469731 1.880082
vt 0.405713 1.928000
vt 0.460507 1.949175
vt 0.245901 1.844419
vt 0.798548 0.384475
vt 0.798548 0.384475
vt 0.798548 0.384475
vt 0.798548 0.384475
vt 0.798548 0.384475
vt 0.798548 0.384475
vt 0.798548 0.384475
vt 0.798548 0.384475
vt 0.798548 0.384475
vt 0.798548 0.384475
vt 0.798548 0.384475
vt 0.798548 0.384475
vt 0.798548 0.384475
vt 0.798548 0.384475
vt 0.798548 0.384475
vt 0.798548 0.384475
vt 0.798548 0.384475
vt 0.798548 0.384475
vt 0.798548 0.384475
vt 0.798548 0.384475
vt 0.877664 -0.188723
vt 0.949381 -0.264781
vt 0.906141 -0.194321
vt 0.901919 -0.261849
vt 0.901928 -0.263824
vt 0.831912 -0.263709
vt 0.857982 -0.201521
vt 0.836317 -0.199590
vt 0.906141 -0.194321
vt 0.836317 -0.199590
vt 0.906578 -0.192695
vt 0.949980 -0.264763
vt 0.878318 -0.187080
vt 0.901144 -0.260164
vt 0.901115 -0.262158
vt 0.833223 -0.266239
vt 0.858166 -0.201510
vt 0.836269 -0.197958
vt 0.906578 -0.192695
vt 0.836269 -0.197958
vt 1.456039 0.771885
vt 1.392930 0.832419
vt 1.416146 0.924231
vt 1.466324 0.859477
vt 1.529200 0.778559
vt 1.527919 0.860721
vt 1.532282 0.978170
vt 1.465687 0.859373
vt 1.532516 0.977824
vt 1.529434 0.778213
vt 0.759550 0.454379
vt 0.769571 0.396771
vt 0.734515 0.399595
vt 0.802888 0.398520
vt 0.761024 0.454795
vt 0.761286 0.423825
vt 0.837207 0.420685
vt 0.820699 0.405175
vt 0.835377 0.387249
vt 0.817661 0.386586
vt 0.823211 0.406979
vt 0.805508 0.398869
vt 0.838304 0.420694
vt 0.759550 0.454379
vt 0.769571 0.396771
vt 0.694760 0.378410
vt 0.734515 0.399595
vt 0.694760 0.378410
vt 0.759550 0.454379
vt 0.798548 0.384475
vt 0.766951 0.396422
vt 0.761024 0.454795
vt 0.548990 1.910762
vt 0.488077 1.906651
vt 0.553070 1.931350
vt 0.802888 0.398520
vt 0.761286 0.423825
vt 0.766951 0.396422
vt 0.769571 0.396771
vt 0.798548 0.384475
vt 0.694760 0.378410
vt 0.766951 0.396422
vt 0.761286 0.423825
vt 0.694760 0.378410
vt 0.798548 0.384475
vt 0.798548 0.384475
vt 0.798548 0.384475
vt 0.798548 0.384475
vt 0.798548 0.384475
vt 0.798548 0.384475
vt 0.798548 0.384475
vt 0.798548 0.384475
vt 0.798548 0.384475
vt 0.798548 0.384475
vt 0.798548 0.384475
vt 0.798548 0.384475
vt 0.798548 0.384475
vt 0.798548 0.384475
vt 0.798548 0.384475
vt 0.798548 0.384475
vt 0.798548 0.384475
vt 0.798548 0.384475
vt 0.798548 0.384475
vt 0.798548 0.384475
vt 0.798548 0.384475
vt 0.798548 0.384475
vt 0.798548 0.384475
vt 0.798548 0.384475
vt 0.549818 0.377733
vt 0.642802 0.379907
vt 0.598916 0.503798
vt 0.798548 0.384475
vt 0.798548 0.384475
vt 0.798548 0.384475
vt 0.798548 0.384475
vt 0.798548 0.384475
vt 0.798548 0.384475
vt 0.798548 0.384475
vt 0.798548 0.384475
vt 0.798548 0.384475
vt 0.798548 0.384475
vt 0.798548 0.384475
vt 0.798548 0.384475
vt 0.798548 0.384475
vt 0.798548 0.384475
vt 0.798548 0.384475
vt 0.494309 0.905543
vt 0.480446 0.903928
vt 0.484628 0.886472
vt 0.514364 0.875347
vt 0.487230 0.844812
vt 0.514147 0.875045
vt 0.487230 0.844812
vt 0.485285 0.886873
vt 0.494204 0.906086
vt 0.480446 0.903928
vt 0.798548 0.384475
vt 0.798548 0.384475
vt 0.798548 0.384475
vt 0.798548 0.384475
vt 0.769571 0.396771
vt 0.798548 0.384475
vt 0.798548 0.384475
vt 0.798548 0.384475
vt 0.798548 0.384475
vt 0.798548 0.384475
vt 0.798548 0.384475
vt 0.798548 0.384475
vt 0.798548 0.384475
vt 0.798548 0.384475
vt 0.798548 0.384475
vt 0.798548 0.384475
vt 0.798548 0.384475
vt 0.798548 0.384475
vt 0.798548 0.384475
vt 0.798548 0.384475
vt 0.798548 0.384475
vt 0.798548 0.384475
vt 0.798548 0.384475
vt 0.798548 0.384475
vt 0.798548 0.384475
vt 0.798548 0.384475
vt 0.798548 0.384475
vt 0.798548 0.384475
vt 0.798548 0.384475
vt 0.798548 0.384475
vt 0.798548 0.384475
vt 0.798548 0.384475
vt 0.798548 0.384475
vt 0.798548 0.384475
vt 0.798548 0.384475
vt 0.798548 0.384475
vt 0.798548 0.384475
vt 0.798548 0.384475
vt 0.798548 0.384475
vt 0.798548 0.384475
vt 0.798548 0.384475
vt 0.798548 0.384475
vt 0.798548 0.384475
vt 0.694760 0.378410
vt 0.798548 0.384475
vt 0.798548 0.384475
vt 0.798548 0.384475
vt 0.798548 0.384475
vt 0.798548 0.384475
vt 0.798548 0.384475
vt 0.798548 0.384475
vt 0.798548 0.384475
vt 0.694760 0.378410
vt 0.798548 0.384475
vt 0.798548 0.384475
vt 0.798548 0.384475
vt 0.798548 0.384475
vt 0.798548 0.384475
vt 0.798548 0.384475
vt 0.798548 0.384475
vt 0.798548 0.384475
vt 0.798548 0.384475
vt 0.798548 0.384475
vt 0.798548 0.384475
vt 0.798548 0.384475
vt 0.798548 0.384475
vt 0.798548 0.384475
vt 0.798548 0.384475
vt 0.798548 0.384475
vt 0.798548 0.384475
vt 0.798548 0.384475
vt 0.798548 0.384475
vt 0.798548 0.384475
vt 0.798548 0.384475
vt 0.798548 0.384475
vt 0.798548 0.384475
vt 0.798548 0.384475
vt 0.798548 0.384475
vt 0.798548 0.384475
vt 0.798548 0.384475
vt 0.798548 0.384475
vt 0.798548 0.384475
vt 0.798548 0.384475
vt 0.798548 0.384475
vt 0.798548 0.384475
vt 0.798548 0.384475
vt 0.798548 0.384475
f 3/3/3 2/2/2 1/1/1
f 6/6/6 5/5/5 4/4/4
f 6/6/6 4/4/4 7/7/7
f 4/4/4 2/2/2 7/7/7
f 8/8/8 7/7/7 2/2/2
f 4/4/4 9/9/9 2/2/2
f 5/5/5 9/9/9 4/4/4
f 12/12/12 11/11/11 10/10/10
f 13/13/13 12/12/12 10/10/10
f 12/12/12 14/14/14 11/11/11
f 16/16/16 15/15/15 12/12/12
f 15/15/15 18/18/18 17/17/17
f 12/12/12 15/15/15 17/17/17
f 12/12/12 17/17/17 19/19/19
f 12/12/12 19/19/19 14/14/14
f 19/19/19 20/20/20 14/14/14
f 20/20/20 21/21/21 14/14/14
f 20/20/20 22/22/22 21/21/21
f 22/22/22 23/23/23 21/21/21
f 18/18/18 24/24/24 20/20/20
f 17/17/17 18/18/18 20/20/20
f 17/17/17 20/20/20 19/19/19
f 27/27/27 26/26/26 25/25/25
f 25/25/25 26/26/26 28/28/28
f 25/25/25 28/28/28 29/29/29
f 28/28/28 30/30/30 29/29/29
f 31/31/31 27/27/27 25/25/25
f 31/31/31 25/25/25 32/32/32
f 32/32/32 25/25/25 29/29/29
f 33/33/33 32/32/32 29/29/29
f 32/32/32 33/33/33 34/34/34
f 31/31/31 32/32/32 35/35/35
f 35/35/35 32/32/32 34/34/34
f 36/36/36 35/35/35 34/34/34
f 36/36/36 34/34/34 37/37/37
f 35/35/35 38/38/38 31/31/31
f 38/38/38 35/35/35 39/39/39
f 36/36/36 39/39/39 35/35/35
f 42/42/42 41/41/41 40/40/40
f 43/43/43 41/41/41 42/42/42
f 43/43/43 42/42/42 44/44/44
f 45/45/45 43/43/43 44/44/44
f 40/40/40 41/41/41 43/43/43
f 40/40/40 43/43/43 45/45/45
f 46/46/46 40/40/40 45/45/45
f 42/42/42 40/40/40 47/47/47
f 47/47/47 40/40/40 48/48/48
f 49/49/49 42/42/42 47/47/47
f 52/52/52 51/51/51 50/50/50
f 53/53/53 51/51/51 52/52/52
f 54/54/54 53/53/53 52/52/52
f 55/55/55 53/53/53 54/54/54
f 57/57/57 54/54/54 56/56/56
f 54/54/54 52/52/52 56/56/56
f 52/52/52 50/50/50 56/56/56
f 60/60/60 59/59/59 58/58/58
f 61/61/61 58/58/58 59/59/59
f 62/62/62 60/60/60 58/58/58
f 61/61/61 59/59/59 63/63/63
f 65/65/65 64/64/64 63/63/63
f 64/64/64 66/66/66 63/63/63
f 64/64/64 67/67/67 66/66/66
f 67/67/67 64/64/64 65/65/65
f 62/62/62 67/67/67 65/65/65
f 65/65/65 68/68/68 62/62/62
f 67/67/67 62/62/62 69/69/69
f 71/71/71 67/67/67 70/70/70
f 67/67/67 71/71/71 66/66/66
f 72/72/72 66/66/66 71/71/71
f 74/74/74 73/73/73 63/63/63
f 75/75/75 73/73/73 74/74/74
f 76/76/76 71/71/71 75/75/75
f 76/76/76 75/75/75 74/74/74
f 78/78/78 77/77/77 73/73/73
f 77/77/77 78/78/78 79/79/79
f 77/77/77 79/79/79 80/80/80
f 80/80/80 81/81/81 77/77/77
f 83/83/83 82/82/82 80/80/80
f 81/81/81 80/80/80 82/82/82
f 82/82/82 84/84/84 61/61/61
f 84/84/84 82/82/82 83/83/83
f 87/87/87 86/86/86 85/85/85
f 88/88/88 87/87/87 85/85/85
f 88/88/88 85/85/85 58/58/58
f 84/84/84 88/88/88 58/58/58
f 91/91/91 90/90/90 89/89/89
f 92/92/92 90/90/90 91/91/91
f 93/93/93 92/92/92 91/91/91
f 92/92/92 93/93/93 94/94/94
f 91/91/91 89/89/89 95/95/95
f 93/93/93 91/91/91 95/95/95
f 97/97/97 92/92/92 96/96/96
f 100/100/100 99/99/99 98/98/98
f 101/101/101 99/99/99 100/100/100
f 100/100/100 102/102/102 101/101/101
f 101/101/101 102/102/102 103/103/103
f 98/98/98 104/104/104 100/100/100
f 106/106/106 105/105/105 103/103/103
f 101/101/101 103/103/103 105/105/105
f 107/107/107 101/101/101 105/105/105
f 108/108/108 101/101/101 107/107/107
f 109/109/109 108/108/108 107/107/107
f 110/110/110 105/105/105 106/106/106
f 109/109/109 107/107/107 105/105/105
f 109/109/109 105/105/105 111/111/111
f 105/105/105 98/98/98 111/111/111
f 114/114/114 113/113/113 112/112/112
f 115/115/115 113/113/113 114/114/114
f 116/116/116 115/115/115 114/114/114
f 114/114/114 112/112/112 117/117/117
f 116/116/116 114/114/114 117/117/117
f 116/116/116 117/117/117 118/118/118
f 117/117/117 112/112/112 119/119/119
f 122/122/122 121/121/121 120/120/120
f 122/122/122 123/123/123 121/121/121
f 123/123/123 124/124/124 121/121/121
f 124/124/124 125/125/125 121/121/121
f 125/125/125 126/126/126 121/121/121
f 121/121/121 126/126/126 127/127/127
f 130/130/130 129/129/129 128/128/128
f 131/131/131 130/130/130 128/128/128
f 133/133/133 132/132/132 128/128/128
f 132/132/132 131/131/131 128/128/128
f 136/136/136 135/135/135 134/134/134
f 135/135/135 136/136/136 137/137/137
f 138/138/138 137/137/137 136/136/136
f 134/134/134 139/139/139 136/136/136
f 142/142/142 141/141/141 140/140/140
f 140/140/140 141/141/141 143/143/143
f 144/144/144 143/143/143 141/141/141
f 145/145/145 143/143/143 144/144/144
f 146/146/146 145/145/145 144/144/144
f 147/147/147 145/145/145 146/146/146
f 146/146/146 144/144/144 148/148/148
f 148/148/148 144/144/144 141/141/141
f 149/149/149 143/143/143 145/145/145
f 140/140/140 143/143/143 149/149/149
f 152/152/152 151/151/151 150/150/150
f 153/153/153 151/151/151 152/152/152
f 151/151/151 153/153/153 154/154/154
f 154/154/154 153/153/153 155/155/155
f 154/154/154 155/155/155 156/156/156
f 156/156/156 155/155/155 157/157/157
f 158/158/158 154/154/154 156/156/156
f 151/151/151 154/154/154 158/158/158
f 159/159/159 153/153/153 152/152/152
f 155/155/155 153/153/153 159/159/159
f 162/162/162 161/161/161 160/160/160
f 160/160/160 161/161/161 163/163/163
f 164/164/164 160/160/160 163/163/163
f 164/164/164 163/163/163 165/165/165
f 163/163/163 161/161/161 162/162/162
f 165/165/165 163/163/163 162/162/162
f 165/165/165 162/162/162 166/166/166
f 168/168/168 162/162/162 167/167/167
f 167/167/167 162/162/162 160/160/160
f 167/167/167 160/160/160 169/169/169
f 172/172/172 171/171/171 170/170/170
f 175/175/175 174/174/174 173/173/173
f 174/174/174 176/176/176 173/173/173
f 173/173/173 176/176/176 177/177/177
f 177/177/177 176/176/176 178/178/178
f 179/179/179 177/177/177 178/178/178
f 180/180/180 179/179/179 178/178/178
f 180/180/180 181/181/181 179/179/179
f 182/182/182 181/181/181 180/180/180
f 182/182/182 183/183/183 181/181/181
f 182/182/182 180/180/180 178/178/178
f 183/183/183 184/184/184 181/181/181
f 173/173/173 177/177/177 179/179/179
f 186/186/186 185/185/185 184/184/184
f 188/188/188 187/187/187 186/186/186
f 185/185/185 190/190/190 189/189/189
f 187/187/187 191/191/191 175/175/175
f 194/194/194 193/193/193 192/192/192
f 197/197/197 196/196/196 195/195/195
f 200/200/200 199/199/199 198/198/198
f 203/203/203 202/202/202 201/201/201
f 206/206/206 205/205/205 204/204/204
f 206/206/206 204/204/204 207/207/207
f 210/210/210 209/209/209 208/208/208
f 210/210/210 208/208/208 211/211/211
f 214/214/214 213/213/213 212/212/212
f 214/214/214 212/212/212 215/215/215
f 218/218/218 217/217/217 216/216/216
f 219/219/219 217/217/217 218/218/218
f 222/222/222 221/221/221 220/220/220
f 223/223/223 221/221/221 222/222/222
f 226/226/226 225/225/225 224/224/224
f 227/227/227 225/225/225 226/226/226
f 230/230/230 229/229/229 228/228/228
f 233/233/233 232/232/232 231/231/231
f 236/236/236 235/235/235 234/234/234
f 239/239/239 238/238/238 237/237/237
f 242/242/242 241/241/241 240/240/240
f 245/245/245 244/244/244 243/243/243
f 248/248/248 247/247/247 246/246/246
f 249/249/249 248/248/248 246/246/246
f 250/250/250 248/248/248 249/249/249
f 253/253/253 252/252/252 251/251/251
f 253/253/253 251/251/251 254/254/254
f 255/255/255 253/253/253 254/254/254
f 258/258/258 257/257/257 256/256/256
f 259/259/259 78/78/78 75/75/75
f 260/260/260 259/259/259 75/75/75
f 261/261/261 259/259/259 260/260/260
f 262/262/262 261/261/261 260/260/260
f 265/265/265 264/264/264 263/263/263
f 268/268/268 267/267/267 266/266/266
f 271/271/271 270/270/270 269/269/269
f 272/272/272 270/270/270 271/271/271
f 271/271/271 273/273/273 272/272/272
f 274/274/274 273/273/273 271/271/271
f 277/277/277 276/276/276 275/275/275
f 270/270/270 277/277/277 275/275/275
f 280/280/280 279/279/279 278/278/278
f 276/276/276 280/280/280 278/278/278
f 276/276/276 278/278/278 281/281/281
f 283/283/283 282/282/282 278/278/278
f 286/286/286 285/285/285 284/284/284
f 286/286/286 284/284/284 272/272/272
f 286/286/286 288/288/288 287/287/287
f 290/290/290 286/286/286 289/289/289
f 293/293/293 292/292/292 291/291/291
f 284/284/284 292/292/292 293/293/293
f 284/284/284 294/294/294 292/292/292
f 292/292/292 294/294/294 295/295/295
f 298/298/298 297/297/297 296/296/296
f 301/301/301 300/300/300 299/299/299
f 304/304/304 303/303/303 302/302/302
f 307/307/307 306/306/306 305/305/305
f 310/310/310 309/309/309 308/308/308
f 313/313/313 312/312/312 311/311/311
f 316/316/316 315/315/315 314/314/314
f 316/316/316 314/314/314 317/317/317
f 317/317/317 318/318/318 316/316/316
f 319/319/319 318/318/318 317/317/317
f 319/319/319 320/320/320 318/318/318
f 321/321/321 318/318/318 320/320/320
f 321/321/321 320/320/320 322/322/322
f 323/323/323 322/322/322 320/320/320
f 322/322/322 316/316/316 324/324/324
f 316/316/316 325/325/325 324/324/324
f 326/326/326 325/325/325 316/316/316
f 318/318/318 326/326/326 316/316/316
f 318/318/318 327/327/327 326/326/326
f 327/327/327 325/325/325 326/326/326
f 330/330/330 329/329/329 328/328/328
f 333/333/333 332/332/332 331/331/331
f 336/336/336 335/335/335 334/334/334
f 334/334/334 335/335/335 337/337/337
f 334/334/334 337/337/337 338/338/338
f 337/337/337 339/339/339 338/338/338
f 340/340/340 338/338/338 339/339/339
f 338/338/338 340/340/340 334/334/334
f 341/341/341 339/339/339 337/337/337
f 341/341/341 342/342/342 339/339/339
v 0.416794 0.594187 -0.479885
v 0.413679 0.506453 -0.434608
v 0.397430 0.573619 -0.416563
v 0.367561 0.645633 -0.403560
v 0.366785 0.550892 -0.360089
v 0.342739 0.544113 -0.365803
v 0.393108 0.497515 -0.446426
v 0.357627 0.536394 -0.447082
v 0.359096 0.572003 -0.465840
v 0.338410 0.554094 -0.416288
v 0.343549 0.647059 -0.413069
v 0.416794 0.594187 -0.479885
v 0.338762 0.593319 -0.434384
v 0.397082 0.591160 -0.495981
v 0.413679 0.506453 -0.434608
v 0.026227 0.447164 -0.676719
v -0.033573 0.464236 -0.636503
v -0.045990 0.292159 -0.703906
v 0.357627 0.536394 -0.447082
v 0.359096 0.572003 -0.465840
v 0.075701 0.475838 -0.618857
v 0.040391 0.506446 -0.590323
v -0.011552 0.414458 -0.586225
v 0.039350 0.382516 -0.635595
v 0.074241 0.440237 -0.600120
v 0.055015 0.457930 -0.569305
v 0.338410 0.554094 -0.416288
v 0.338762 0.593319 -0.434384
v 0.366785 0.550892 -0.360089
v 0.367561 0.645633 -0.403560
v 0.397430 0.573619 -0.416563
v 0.397430 0.573619 -0.416563
v 0.397430 0.573619 -0.416563
v 0.424244 0.518921 -0.425706
v 0.419395 0.586633 -0.447253
v 0.416794 0.594187 -0.479885
v 1.104079 0.891585 -0.007224
v 1.156679 0.798953 -0.018743
v 1.085732 0.698112 -0.072913
v 1.093341 0.704699 -0.091140
v 1.328689 0.805654 0.043593
v 1.371503 0.754361 0.054820
v 1.576287 1.017757 0.235501
v 1.321080 0.799066 0.061820
v 1.288072 0.837243 0.049946
v 1.111002 0.654275 -0.090099
v 0.385860 0.635096 -0.399744
v 0.419395 0.586633 -0.447253
v 0.443198 0.673502 -0.373820
v 0.479753 0.578949 -0.414423
v 0.427963 0.770902 -0.333087
v 0.446853 0.756348 -0.342377
v 0.497884 0.843814 -0.277547
v 0.410528 0.678791 -0.373654
v 0.435589 0.666914 -0.355592
v 0.439228 0.749747 -0.324113
v 0.476818 0.750755 -0.319973
v 0.478620 0.653867 -0.354236
v 0.508830 0.636796 -0.347795
v 0.619018 0.605474 -0.325008
v 0.538712 0.524179 -0.376020
v 0.924966 0.598615 -0.187876
v 0.611409 0.598887 -0.306781
v 0.906799 0.646348 -0.166316
v 0.587837 0.385246 -0.417617
v 0.625105 0.317172 -0.414769
v 0.647540 0.351298 -0.404962
v 0.714232 0.320031 -0.376529
v 0.639931 0.344710 -0.386734
v 0.646065 0.375527 -0.384929
v 0.602538 0.405197 -0.392376
v 0.572562 0.348922 -0.425228
v 0.580227 0.378659 -0.399389
v 0.514858 0.381645 -0.437491
v 0.538111 0.438029 -0.419299
v 0.551096 0.463598 -0.392745
v 0.526755 0.433762 -0.401796
v 0.474826 0.463077 -0.424773
v 0.424244 0.518921 -0.425706
v 0.458265 0.560346 -0.362949
v 0.391245 0.562263 -0.379823
v 0.866510 0.714363 -0.170447
v 0.638309 0.712362 -0.266433
v 0.639092 0.693011 -0.284992
v 0.631483 0.686424 -0.266765
v 0.616084 0.666640 -0.292235
v 1.011835 0.748546 -0.097426
v 1.085732 0.698112 -0.072913
v 1.111002 0.654275 -0.090099
v 0.914408 0.652936 -0.184544
v 1.093341 0.704699 -0.091140
v 0.595684 0.699820 -0.288760
v 0.589172 0.712124 -0.275139
v 1.104079 0.891585 -0.007224
v 0.596781 0.718712 -0.293367
v 0.551053 0.743722 -0.291525
v 0.594413 0.728203 -0.279033
v 0.385860 0.635096 -0.399744
v 0.367561 0.645633 -0.403560
v 0.366785 0.550892 -0.360089
v 0.391245 0.562263 -0.379823
v 0.413679 0.506453 -0.434608
vn 0.908920 0.365966 -0.199836
vn 0.865497 -0.474638 0.160105
vn 0.879563 0.189246 0.436525
vn 0.484029 0.711301 0.509673
vn 0.484131 -0.105230 0.868645
vn -0.756222 -0.336459 0.561181
vn -0.220524 -0.915650 -0.336086
vn -0.124024 -0.866202 -0.484057
vn -0.157848 0.187756 -0.969449
vn -0.722412 -0.483768 0.494053
vn -0.697305 0.704103 -0.134181
vn 0.908920 0.365966 -0.199836
vn -0.817658 0.573715 0.047818
vn -0.092985 0.081592 -0.992319
vn 0.865497 -0.474638 0.160105
vn 0.537197 0.152487 -0.829558
vn -0.631126 0.716975 -0.296018
vn -0.479607 -0.741484 -0.469233
vn -0.124024 -0.866202 -0.484057
vn -0.157848 0.187756 -0.969449
vn 0.445878 0.274342 -0.852015
vn -0.389683 0.910834 0.136122
vn -0.408244 -0.215075 0.887175
vn 0.691209 -0.681722 0.239761
vn 0.625787 -0.779194 -0.035306
vn -0.159090 -0.292704 0.942876
vn -0.722412 -0.483768 0.494053
vn -0.817658 0.573715 0.047818
vn 0.484131 -0.105230 0.868645
vn 0.484029 0.711301 0.509673
vn 0.879563 0.189246 0.436525
vn 0.879563 0.189246 0.436525
vn 0.879563 0.189246 0.436525
vn 0.230511 -0.899792 -0.370459
vn 0.592596 0.470333 -0.653924
vn 0.908920 0.365966 -0.199836
vn -0.007059 0.941381 0.337272
vn -0.214137 0.943816 0.251708
vn -0.361340 -0.314393 0.877833
vn 0.369544 0.318355 -0.872976
vn 0.348619 0.372085 -0.860243
vn 0.546540 -0.834216 -0.073333
vn 0.019363 0.937676 0.346970
vn -0.380952 -0.259531 0.887423
vn -0.459044 0.879405 0.126193
vn 0.393878 -0.904679 -0.162528
vn -0.186990 0.914350 0.359164
vn 0.592596 0.470333 -0.653924
vn 0.268098 0.557542 -0.785666
vn 0.479287 0.313458 -0.819773
vn -0.890693 0.392049 -0.230137
vn 0.356576 0.361944 -0.861307
vn -0.139083 0.948468 0.284718
vn -0.877617 0.430538 -0.210774
vn -0.435135 -0.051265 0.898904
vn -0.373455 -0.270068 0.887465
vn 0.925996 -0.219315 0.307299
vn 0.680185 0.551265 0.483171
vn 0.274803 0.861879 0.426201
vn 0.396743 0.318360 -0.860954
vn 0.890505 -0.383905 0.244165
vn 0.305670 -0.929101 -0.208177
vn -0.333714 -0.314021 0.888834
vn -0.350541 -0.378814 0.856516
vn 0.371989 0.310175 -0.874880
vn -0.186834 -0.896396 -0.401955
vn 0.437033 0.328053 -0.837486
vn 0.930822 -0.119931 0.345235
vn -0.291413 -0.302585 0.907480
vn 0.447386 0.765017 0.463244
vn 0.575844 0.660932 0.481220
vn -0.380214 -0.807697 -0.450625
vn -0.359351 -0.322614 0.875664
vn -0.615152 -0.621906 -0.484582
vn 0.450668 0.315144 -0.835214
vn 0.830592 0.295520 0.472001
vn -0.288242 -0.318947 0.902878
vn -0.546355 -0.687478 -0.478404
vn 0.230511 -0.899792 -0.370459
vn -0.247721 -0.316101 0.915814
vn -0.029173 -0.374269 0.926861
vn -0.175289 0.947031 0.269084
vn 0.168219 0.902533 0.396404
vn 0.296744 0.298494 -0.907108
vn -0.431939 -0.332348 0.838435
vn -0.791363 -0.389574 -0.471145
vn -0.549793 0.832256 0.071265
vn -0.361340 -0.314393 0.877833
vn 0.393878 -0.904679 -0.162528
vn 0.378714 0.252525 -0.890397
vn 0.369544 0.318355 -0.872976
vn -0.565346 -0.671694 -0.478759
vn -0.426387 -0.200925 0.881943
vn -0.007059 0.941381 0.337272
vn 0.298263 0.426431 -0.853930
vn -0.919969 0.266036 -0.287892
vn 0.203144 0.890687 0.406706
vn -0.186990 0.914350 0.359164
vn 0.484029 0.711301 0.509673
vn 0.484131 -0.105230 0.868645
vn -0.029173 -0.374269 0.926861
vn 0.865497 -0.474638 0.160105
vt 0.547770 0.397989
vt 0.545982 0.389131
vt 0.545982 0.389131
vt 0.006502 0.235051
vt 0.039427 0.235038
vt 0.039477 0.212431
vt 0.070134 0.209961
vt 0.050919 0.191642
vt 0.038995 0.191641
vt 0.038995 0.191641
vt 0.005074 0.212435
vt 0.039427 0.235038
vt 0.025477 0.191642
vt 0.039477 0.212431
vt 0.069175 0.235049
vt 0.536685 0.400793
vt 0.539210 0.442454
vt 0.558285 0.400318
vt 0.383196 0.374949
vt 0.385231 0.409914
vt 0.519285 0.402526
vt 0.520647 0.430770
vt 0.536685 0.400793
vt 0.534935 0.354877
vt 0.517628 0.368627
vt 0.519286 0.402526
vt 0.385231 0.409914
vt 0.386217 0.437315
vt 0.547162 0.398656
vt 0.544007 0.389863
vt 0.544007 0.389863
vt 0.551233 0.392736
vt 0.551233 0.392736
vt 0.012796 0.246142
vt 0.038997 0.245208
vt 0.038960 0.233011
vt 0.550089 0.899910
vt 0.536782 0.896519
vt 0.521609 0.903685
vt 0.522241 0.908894
vt 0.525521 0.895760
vt 0.521823 0.893284
vt 0.531835 0.883763
vt 0.524889 0.890551
vt 0.530099 0.896284
vt 0.512660 0.908520
vt 0.546224 0.986432
vt 0.538578 0.995477
vt 0.552090 0.982322
vt 0.538032 0.986384
vt 0.567367 0.985330
vt 0.565153 0.986749
vt 0.583077 0.985224
vt 0.552842 0.982644
vt 0.551458 0.977113
vt 0.564520 0.981529
vt 0.564731 0.980519
vt 0.549633 0.975859
vt 0.547322 0.973000
vt 0.525630 0.930163
vt 0.530910 0.972586
vt 0.508049 0.911572
vt 0.524998 0.924954
vt 0.523980 0.916190
vt 0.509919 0.986715
vt 0.500326 0.981272
vt 0.505321 0.981071
vt 0.495268 0.976372
vt 0.498594 0.980737
vt 0.509082 0.977518
vt 0.512573 0.975545
vt 0.504650 0.986192
vt 0.509287 0.981506
vt 0.509081 0.991650
vt 0.517997 0.977926
vt 0.522868 0.976423
vt 0.518494 0.976724
vt 0.521453 0.981083
vt 0.529345 0.985182
vt 0.536247 0.971674
vt 0.536240 0.976208
vt 0.533543 0.921964
vt 0.559365 0.956997
vt 0.556319 0.960501
vt 0.555687 0.955292
vt 0.552465 0.960569
vt 0.528346 0.913560
vt 0.521609 0.903685
vt 0.512660 0.908520
vt 0.524612 0.921399
vt 0.522241 0.908894
vt 0.557221 0.961954
vt 0.559188 0.959251
vt 0.550089 0.899910
vt 0.559820 0.964460
vt 0.563391 0.965706
vt 0.561400 0.961377
vt 0.065853 0.245385
vt 0.071794 0.233024
vt 0.038960 0.233011
vt 0.038997 0.245208
vt 0.007375 0.233022
f 375/375/375 343/343/343 372/372/372
f 374/374/374 371/371/371 344/344/344
f 373/373/373 372/372/372 371/371/371
f 345/345/345 344/344/344 343/343/343
f 364/364/364 370/370/370 362/362/362
f 370/370/370 364/364/364 368/368/368
f 365/365/365 368/368/368 364/364/364
f 364/364/364 359/359/359 365/365/365
f 359/359/359 364/364/364 363/363/363
f 362/362/362 363/363/363 364/364/364
f 363/363/363 362/362/362 361/361/361
f 361/361/361 367/367/367 363/363/363
f 367/367/367 361/361/361 369/369/369
f 368/368/368 369/369/369 370/370/370
f 369/369/369 368/368/368 367/367/367
f 366/366/366 367/367/367 368/368/368
f 368/368/368 365/365/365 366/366/366
f 360/360/360 366/366/366 365/365/365
f 360/360/360 365/365/365 359/359/359
f 360/360/360 359/359/359 358/358/358
f 363/363/363 358/358/358 359/359/359
f 358/358/358 363/363/363 367/367/367
f 367/367/367 366/366/366 358/358/358
f 360/360/360 358/358/358 366/366/366
f 349/349/349 357/357/357 347/347/347
f 357/357/357 349/349/349 356/356/356
f 351/351/351 356/356/356 349/349/349
f 349/349/349 350/350/350 351/351/351
f 350/350/350 349/349/349 348/348/348
f 347/347/347 348/348/348 349/349/349
f 348/348/348 347/347/347 346/346/346
f 346/346/346 353/353/353 348/348/348
f 353/353/353 346/346/346 354/354/354
f 356/356/356 354/354/354 357/357/357
f 354/354/354 356/356/356 353/353/353
f 355/355/355 353/353/353 356/356/356
f 356/356/356 351/351/351 355/355/355
f 353/353/353 355/355/355 352/352/352
f 352/352/352 348/348/348 353/353/353
f 348/348/348 352/352/352 350/350/350
f 376/376/376 444/444/444 378/378/378
f 444/444/444 376/376/376 443/443/443
f 443/443/443 442/442/442 444/444/444
f 442/442/442 443/443/443 440/440/440
f 440/440/440 441/441/441 442/442/442
f 441/441/441 440/440/440 377/377/377
f 377/377/377 378/378/378 441/441/441
f 378/378/378 377/377/377 376/376/376
f 430/430/430 436/436/436 429/429/429
f 433/433/433 429/429/429 436/436/436
f 433/433/433 424/424/424 429/429/429
f 424/424/424 433/433/433 432/432/432
f 431/431/431 432/432/432 433/433/433
f 430/430/430 429/429/429 424/424/424
f 424/424/424 406/406/406 430/430/430
f 406/406/406 424/424/424 427/427/427
f 425/425/425 427/427/427 424/424/424
f 426/426/426 425/425/425 424/424/424
f 424/424/424 432/432/432 426/426/426
f 431/431/431 430/430/430 406/406/406
f 406/406/406 404/404/404 431/431/431
f 404/404/404 406/406/406 405/405/405
f 428/428/428 405/405/405 406/406/406
f 406/406/406 427/427/427 428/428/428
f 434/434/434 428/428/428 427/427/427
f 427/427/427 435/435/435 434/434/434
f 435/435/435 427/427/427 425/425/425
f 432/432/432 431/431/431 404/404/404
f 404/404/404 402/402/402 432/432/432
f 402/402/402 404/404/404 403/403/403
f 405/405/405 403/403/403 404/404/404
f 403/403/403 405/405/405 422/422/422
f 401/401/401 422/422/422 405/405/405
f 405/405/405 428/428/428 401/401/401
f 402/402/402 428/428/428 432/432/432
f 402/402/402 401/401/401 428/428/428
f 401/401/401 402/402/402 392/392/392
f 403/403/403 392/392/392 402/402/402
f 403/403/403 417/417/417 392/392/392
f 417/417/417 403/403/403 418/418/418
f 419/419/419 418/418/418 403/403/403
f 403/403/403 422/422/422 419/419/419
f 426/426/426 432/432/432 428/428/428
f 434/434/434 426/426/426 428/428/428
f 426/426/426 434/434/434 437/437/437
f 438/438/438 437/437/437 434/434/434
f 438/438/438 434/434/434 435/435/435
f 438/438/438 435/435/435 439/439/439
f 425/425/425 439/439/439 435/435/435
f 425/425/425 437/437/437 439/439/439
f 437/437/437 425/425/425 426/426/426
f 438/438/438 439/439/439 437/437/437
f 419/419/419 422/422/422 420/420/420
f 420/420/420 422/422/422 423/423/423
f 423/423/423 422/422/422 397/397/397
f 397/397/397 422/422/422 401/401/401
f 401/401/401 400/400/400 397/397/397
f 401/401/401 391/391/391 400/400/400
f 391/391/391 401/401/401 392/392/392
f 420/420/420 416/416/416 419/419/419
f 420/420/420 417/417/417 416/416/416
f 417/417/417 420/420/420 392/392/392
f 420/420/420 390/390/390 392/392/392
f 390/390/390 420/420/420 421/421/421
f 423/423/423 421/421/421 420/420/420
f 415/415/415 419/419/419 416/416/416
f 416/416/416 414/414/414 415/415/415
f 416/416/416 407/407/407 414/414/414
f 407/407/407 416/416/416 417/417/417
f 417/417/417 413/413/413 407/407/407
f 413/413/413 417/417/417 418/418/418
f 413/413/413 418/418/418 419/419/419
f 419/419/419 415/415/415 413/413/413
f 412/412/412 413/413/413 415/415/415
f 412/412/412 415/415/415 411/411/411
f 411/411/411 415/415/415 408/408/408
f 414/414/414 408/408/408 415/415/415
f 414/414/414 407/407/407 408/408/408
f 409/409/409 408/408/408 407/407/407
f 412/412/412 409/409/409 407/407/407
f 412/412/412 407/407/407 413/413/413
f 391/391/391 392/392/392 390/390/390
f 391/391/391 390/390/390 389/389/389
f 396/396/396 391/391/391 389/389/389
f 389/389/389 397/397/397 396/396/396
f 389/389/389 423/423/423 397/397/397
f 393/393/393 391/391/391 396/396/396
f 393/393/393 396/396/396 397/397/397
f 397/397/397 398/398/398 393/393/393
f 398/398/398 397/397/397 400/400/400
f 400/400/400 399/399/399 398/398/398
f 400/400/400 394/394/394 399/399/399
f 394/394/394 400/400/400 391/391/391
f 391/391/391 393/393/393 394/394/394
f 395/395/395 394/394/394 393/393/393
f 395/395/395 393/393/393 398/398/398
f 395/395/395 398/398/398 399/399/399
f 395/395/395 399/399/399 394/394/394
f 409/409/409 412/412/412 410/410/410
f 411/411/411 410/410/410 412/412/412
f 408/408/408 410/410/410 411/411/411
f 408/408/408 409/409/409 410/410/410
f 381/381/381 388/388/388 384/384/384
f 382/382/382 384/384/384 388/388/388
f 384/384/384 382/382/382 383/383/383
f 380/380/380 383/383/383 382/382/382
f 379/379/379 380/380/380 382/382/382
f 381/381/381 380/380/380 379/379/379
f 380/380/380 381/381/381 386/386/386
f 384/384/384 386/386/386 381/381/381
f 386/386/386 384/384/384 385/385/385
f 383/383/383 385/385/385 384/384/384
f 387/387/387 385/385/385 383/383/383
f 383/383/383 380/380/380 387/387/387
f 386/386/386 387/387/387 380/380/380
f 387/387/387 386/386/386 385/385/385
v 0.417065 1.333701 0.015277
v 0.328876 1.407670 0.072415
v 0.399251 1.559474 0.018917
v 0.328876 1.407670 -0.074223
v 0.373753 1.571078 -0.060061
v 0.270592 1.441640 -0.106335
v 0.338409 1.611231 -0.081655
v 0.213741 1.624959 -0.105671
v 0.345283 1.653486 -0.082218
v 0.276993 1.729242 -0.080674
v 0.368769 1.730599 -0.001103
v 0.255166 1.766349 -0.000508
v 0.276993 1.729242 0.078469
v 0.212445 1.485212 -0.126849
v 0.410041 1.670303 -0.001103
v 0.345283 1.653486 0.080012
v 0.380143 1.617663 0.053438
v 0.338409 1.611231 0.079449
v 0.419323 1.605559 -0.001102
v 0.380143 1.617663 -0.055643
v 0.373753 1.571078 0.057856
v 0.270593 1.441638 0.104492
v 0.213742 1.624957 0.103433
v 0.212448 1.485216 0.125006
v 0.255166 1.766349 -0.000508
v 0.276993 1.729242 0.078469
v 0.179513 1.737497 -0.000579
v 0.276993 1.729242 -0.080674
v 0.112363 1.675355 -0.068698
v 0.213741 1.624959 -0.105671
v 0.063976 1.560126 -0.085683
v 0.212445 1.485212 -0.126849
v 0.213742 1.624957 0.103433
v 0.212448 1.485216 0.125006
v 0.063978 1.560124 0.084821
v 0.112363 1.675355 0.067539
v 0.179513 1.737497 -0.000579
v 0.112363 1.675355 0.067539
v 0.112363 1.675355 -0.068698
v 0.063978 1.560124 0.084821
v 0.063976 1.560126 -0.085683
v 0.399251 1.559474 -0.021084
v 0.399251 1.559474 -0.021084
v 0.399251 1.559474 0.018917
v 0.417065 1.333701 -0.017108
v 0.688728 1.602408 0.270091
v 0.688728 1.602408 0.270091
v 0.688728 1.602408 0.270091
v 0.688728 1.602408 0.270091
v 0.688728 1.602408 0.270091
v 0.688728 1.602408 0.270091
v 0.688728 1.602408 0.270091
v 0.688728 1.602408 0.270091
v 0.656016 1.546571 0.263929
v 0.664689 1.530863 0.253227
v 0.668170 1.520614 0.271095
v 0.659497 1.536321 0.281796
v 0.607474 1.484485 0.254173
v 0.633108 1.475300 0.243047
v 0.643822 1.472218 0.270276
v 0.618185 1.481402 0.281399
v 0.549252 1.431593 0.249360
v 0.573836 1.410107 0.230033
v 0.587049 1.399770 0.269615
v 0.564855 1.420100 0.281980
v 0.479960 1.408328 0.225318
v 0.502110 1.375458 0.201067
v 0.492696 1.344505 0.234421
v 0.470553 1.377378 0.258675
v 0.418512 1.410710 0.191578
v 0.424940 1.373075 0.151998
v 0.394025 1.337713 0.180598
v 0.387594 1.375347 0.220175
v 0.318831 1.521441 0.076066
v 0.318831 1.521441 0.076066
v 0.318831 1.521441 0.076066
v 0.374307 1.436585 0.146968
v 0.324242 1.492764 0.040814
v 0.324242 1.492764 0.040814
v 0.361505 1.412715 0.089520
v 0.305563 1.391467 0.110816
v 0.260794 1.468667 0.064970
v 0.260794 1.468667 0.064970
v 0.260794 1.468667 0.064970
v 0.281117 1.497792 0.104530
v 0.281117 1.497792 0.104530
v 0.318368 1.415339 0.168265
v 0.299779 1.494253 0.085472
v 0.687475 1.592603 -0.266331
v 0.687475 1.592603 -0.266331
v 0.687475 1.592603 -0.266331
v 0.687475 1.592603 -0.266331
v 0.687475 1.592603 -0.266331
v 0.687475 1.592603 -0.266331
v 0.687475 1.592603 -0.266331
v 0.687475 1.592603 -0.266331
v 0.660712 1.543560 -0.260952
v 0.672081 1.516966 -0.266988
v 0.668918 1.528074 -0.249580
v 0.663874 1.532452 -0.278361
v 0.607909 1.472825 -0.258324
v 0.643865 1.458797 -0.273859
v 0.633264 1.463364 -0.246796
v 0.618507 1.468257 -0.285384
v 0.547388 1.421355 -0.250209
v 0.584205 1.387576 -0.269052
v 0.571329 1.399993 -0.229960
v 0.562621 1.408011 -0.282295
v 0.478758 1.400219 -0.224933
v 0.489639 1.335719 -0.231233
v 0.499724 1.367760 -0.199127
v 0.468679 1.368181 -0.257043
v 0.417154 1.405850 -0.191871
v 0.390400 1.334144 -0.178051
v 0.422146 1.369748 -0.150689
v 0.385405 1.370245 -0.219230
v 0.319700 1.522822 -0.084335
v 0.319700 1.522822 -0.084335
v 0.319700 1.522822 -0.084335
v 0.372532 1.438061 -0.151067
v 0.324166 1.497429 -0.047887
v 0.324166 1.497429 -0.047887
v 0.302189 1.396575 -0.113663
v 0.358580 1.417032 -0.092782
v 0.260209 1.474228 -0.071571
v 0.260209 1.474228 -0.071571
v 0.260209 1.474228 -0.071571
v 0.280770 1.497061 -0.116300
v 0.280770 1.497061 -0.116300
v 0.316144 1.417606 -0.171949
v 0.300100 1.497755 -0.092783
vn 0.561667 0.030986 0.826783
vn 0.621863 -0.063173 0.780574
vn 0.695345 -0.070298 0.715229
vn 0.621371 -0.064773 -0.780834
vn 0.591592 -0.095497 -0.800562
vn 0.389475 0.022079 -0.920772
vn 0.352645 -0.034889 -0.935107
vn 0.019214 0.161617 -0.986666
vn 0.500702 0.215953 -0.838249
vn 0.043661 0.678383 -0.733410
vn 0.625835 0.779955 0.000693
vn -0.029723 0.999555 0.002588
vn 0.045863 0.676033 0.735442
vn 0.117032 0.147745 -0.982077
vn 0.939207 0.343350 0.000002
vn 0.500635 0.215936 0.838294
vn 0.713440 0.089084 0.695031
vn 0.352901 -0.034007 0.935042
vn 0.989879 0.141915 -0.000000
vn 0.713445 0.089079 -0.695026
vn 0.592172 -0.093880 0.800324
vn 0.390297 0.024054 0.920375
vn 0.023369 0.161662 0.986569
vn 0.121647 0.150344 0.981121
vn -0.029723 0.999555 0.002588
vn 0.045863 0.676033 0.735442
vn -0.524452 0.851439 0.001159
vn 0.043661 0.678383 -0.733410
vn -0.647409 0.588964 -0.483719
vn 0.019214 0.161617 -0.986666
vn -0.711246 0.363596 -0.601604
vn 0.117032 0.147745 -0.982077
vn 0.023369 0.161662 0.986569
vn 0.121647 0.150344 0.981121
vn -0.708104 0.365220 0.604320
vn -0.617855 0.620321 0.483174
vn -0.524452 0.851439 0.001159
vn -0.617855 0.620321 0.483174
vn -0.647409 0.588964 -0.483719
vn -0.708104 0.365220 0.604320
vn -0.711246 0.363596 -0.601604
vn 0.694901 -0.071679 -0.715524
vn 0.694901 -0.071679 -0.715524
vn 0.695345 -0.070298 0.715229
vn 0.560774 0.029676 -0.827437
vn 0.661388 0.750019 -0.006075
vn 0.661388 0.750019 -0.006075
vn 0.661388 0.750019 -0.006075
vn 0.661388 0.750019 -0.006075
vn 0.661388 0.750019 -0.006075
vn 0.661388 0.750019 -0.006075
vn 0.661388 0.750019 -0.006075
vn 0.661388 0.750019 -0.006075
vn -0.701524 0.536340 -0.469259
vn 0.537156 -0.102205 -0.837268
vn 0.816945 -0.339445 0.466238
vn -0.380074 0.316566 0.869097
vn -0.668434 0.660300 -0.342346
vn 0.348618 -0.109172 -0.930885
vn 0.783545 -0.486698 0.386240
vn -0.234787 0.251367 0.938983
vn -0.455251 0.855500 -0.246712
vn 0.314220 -0.130793 -0.940297
vn 0.557898 -0.753735 0.347323
vn -0.204372 0.236036 0.950010
vn -0.090203 0.991625 -0.092432
vn 0.407928 -0.048767 -0.911711
vn 0.212911 -0.964629 0.155435
vn -0.300993 0.098824 0.948492
vn 0.239478 0.965054 0.106405
vn 0.508158 -0.075056 -0.857987
vn -0.188610 -0.978689 -0.081199
vn -0.448914 0.059286 0.891606
vn 0.170766 0.985035 -0.023357
vn 0.170766 0.985035 -0.023357
vn 0.170766 0.985035 -0.023357
vn 0.543792 0.794193 0.271196
vn 0.115669 0.580835 -0.805761
vn 0.115669 0.580835 -0.805761
vn 0.553320 -0.136810 -0.821657
vn -0.597234 -0.769128 -0.227493
vn -0.890637 0.099179 -0.443767
vn -0.890637 0.099179 -0.443767
vn -0.890637 0.099179 -0.443767
vn -0.868557 0.493134 0.049276
vn -0.868557 0.493134 0.049276
vn -0.538457 0.169640 0.825401
vn -0.593920 0.627224 -0.503834
vn 0.641323 0.767255 0.004919
vn 0.641323 0.767255 0.004919
vn 0.641323 0.767255 0.004919
vn 0.641323 0.767255 0.004919
vn 0.641323 0.767255 0.004919
vn 0.641323 0.767255 0.004919
vn 0.641323 0.767255 0.004919
vn 0.641323 0.767255 0.004919
vn -0.752289 0.491605 0.438618
vn 0.855321 -0.289954 -0.429363
vn 0.494359 -0.125834 0.860102
vn -0.331500 0.338503 -0.880638
vn -0.665033 0.674573 0.320441
vn 0.780429 -0.507333 -0.365435
vn 0.298172 -0.138857 0.944358
vn -0.189541 0.270681 -0.943825
vn -0.435395 0.875701 0.208758
vn 0.538161 -0.782159 -0.314023
vn 0.320205 -0.091890 0.942881
vn -0.208054 0.192657 -0.958956
vn -0.070181 0.996190 0.051774
vn 0.192832 -0.974310 -0.116342
vn 0.405132 -0.021132 0.914014
vn -0.296342 0.066845 -0.952740
vn 0.281684 0.947297 -0.152585
vn -0.226113 -0.966105 0.124554
vn 0.486823 -0.045257 0.872327
vn -0.421938 0.024114 -0.906304
vn 0.180118 0.982189 -0.053492
vn 0.180118 0.982189 -0.053492
vn 0.180118 0.982189 -0.053492
vn 0.576769 0.755710 -0.310225
vn 0.135548 0.619848 0.772926
vn 0.135548 0.619848 0.772926
vn -0.623321 -0.734048 0.269527
vn 0.540233 -0.118556 0.833122
vn -0.907890 0.112652 0.403788
vn -0.907890 0.112652 0.403788
vn -0.907890 0.112652 0.403788
vn -0.849698 0.504017 -0.154858
vn -0.849698 0.504017 -0.154858
vn -0.519714 0.146582 -0.841672
vn -0.603361 0.690351 0.399213
vt 0.486652 0.828814
vt 0.488571 0.902068
vt 0.529310 0.834559
vt 0.488698 0.900483
vt 0.609669 0.838744
vt 0.483980 0.931607
vt 0.636945 0.832443
vt 0.635963 0.963849
vt 0.660594 0.904435
vt 0.695889 0.949835
vt 0.728028 0.912116
vt 0.718674 0.967096
vt 0.695751 0.951555
vt 0.482258 0.964247
vt 0.711257 0.862020
vt 0.660453 0.906188
vt 0.651805 0.841865
vt 0.636806 0.834184
vt 0.681233 0.839408
vt 0.651900 0.840686
vt 0.609567 0.840018
vt 0.483796 0.933885
vt 0.635781 0.966108
vt 0.482042 0.966967
vt 0.718674 0.967096
vt 0.695751 0.951555
vt 0.717891 0.863137
vt 0.695889 0.949835
vt 0.668778 0.847593
vt 0.635963 0.963849
vt 0.486647 0.856251
vt 0.482258 0.964247
vt 0.635781 0.966108
vt 0.482042 0.966967
vt 0.486498 0.854409
vt 0.668660 0.846121
vt 0.717891 0.863137
vt 0.668660 0.846121
vt 0.668778 0.847593
vt 0.486498 0.854409
vt 0.486647 0.856251
vt 0.529515 0.834177
vt 0.529515 0.834177
vt 0.529310 0.834559
vt 0.486680 0.828464
vt 0.171981 0.155898
vt 0.171981 0.155898
vt 0.171981 0.155898
vt 0.171981 0.155898
vt 0.171981 0.155898
vt 0.171981 0.155898
vt 0.171981 0.155898
vt 0.171981 0.155898
vt 0.203194 0.155440
vt 0.212217 0.158307
vt 0.217433 0.151877
vt 0.208410 0.149010
vt 0.237979 0.155902
vt 0.243387 0.159204
vt 0.244364 0.149971
vt 0.238956 0.146669
vt 0.267518 0.155127
vt 0.250650 0.140920
vt 0.261940 0.131880
vt 0.273025 0.143713
vt 0.250790 0.142780
vt 0.263213 0.158526
vt 0.283700 0.156700
vt 0.271276 0.140953
vt 0.244337 0.152159
vt 0.256713 0.173689
vt 0.278632 0.174420
vt 0.266256 0.152892
vt 0.171641 0.157563
vt 0.171641 0.157563
vt 0.171641 0.157563
vt 0.224594 0.158643
vt 0.180274 0.175477
vt 0.180274 0.175477
vt 0.227384 0.181885
vt 0.241198 0.181105
vt 0.195941 0.174592
vt 0.195941 0.174592
vt 0.195941 0.174592
vt 0.187760 0.155284
vt 0.187760 0.155284
vt 0.238407 0.157863
vt 0.186525 0.161854
vt 0.173570 0.155696
vt 0.173570 0.155696
vt 0.173570 0.155696
vt 0.173570 0.155696
vt 0.173570 0.155696
vt 0.173570 0.155696
vt 0.173570 0.155696
vt 0.173570 0.155696
vt 0.200984 0.155283
vt 0.215607 0.152069
vt 0.209902 0.158384
vt 0.206689 0.148968
vt 0.240385 0.152975
vt 0.247765 0.147154
vt 0.245957 0.156399
vt 0.242193 0.143730
vt 0.269223 0.153366
vt 0.265067 0.132237
vt 0.252827 0.140590
vt 0.275774 0.142048
vt 0.251929 0.142021
vt 0.284736 0.156948
vt 0.263906 0.158120
vt 0.272758 0.140846
vt 0.243980 0.150353
vt 0.277194 0.173120
vt 0.255349 0.171959
vt 0.265825 0.151516
vt 0.169452 0.151768
vt 0.169452 0.151768
vt 0.169452 0.151768
vt 0.221706 0.154060
vt 0.176279 0.169182
vt 0.176279 0.169182
vt 0.236323 0.175947
vt 0.222964 0.176809
vt 0.191429 0.168203
vt 0.191429 0.168203
vt 0.191429 0.168203
vt 0.187161 0.149002
vt 0.187161 0.149002
vt 0.235064 0.153197
vt 0.183140 0.155791
f 447/447/447 446/446/446 445/445/445
f 448/448/448 486/486/486 489/489/489
f 449/449/449 487/487/487 448/448/448
f 448/448/448 450/450/450 449/449/449
f 449/449/449 450/450/450 451/451/451
f 450/450/450 452/452/452 451/451/451
f 452/452/452 453/453/453 451/451/451
f 453/453/453 452/452/452 454/454/454
f 453/453/453 454/454/454 455/455/455
f 456/456/456 455/455/455 454/454/454
f 455/455/455 456/456/456 457/457/457
f 452/452/452 450/450/450 458/458/458
f 455/455/455 459/459/459 453/453/453
f 459/459/459 455/455/455 460/460/460
f 460/460/460 461/461/461 459/459/459
f 462/462/462 461/461/461 460/460/460
f 463/463/463 459/459/459 461/461/461
f 459/459/459 463/463/463 464/464/464
f 464/464/464 453/453/453 459/459/459
f 464/464/464 451/451/451 453/453/453
f 488/488/488 465/465/465 446/446/446
f 466/466/466 446/446/446 465/465/465
f 466/466/466 465/465/465 462/462/462
f 467/467/467 466/466/466 462/462/462
f 460/460/460 467/467/467 462/462/462
f 467/467/467 460/460/460 457/457/457
f 457/457/457 460/460/460 455/455/455
f 466/466/466 467/467/467 468/468/468
f 471/471/471 470/470/470 469/469/469
f 472/472/472 471/471/471 469/469/469
f 471/471/471 472/472/472 473/473/473
f 474/474/474 473/473/473 472/472/472
f 473/473/473 474/474/474 475/475/475
f 476/476/476 475/475/475 474/474/474
f 479/479/479 478/478/478 477/477/477
f 477/477/477 480/480/480 479/479/479
f 480/480/480 477/477/477 470/470/470
f 470/470/470 471/471/471 480/480/480
f 483/483/483 482/482/482 481/481/481
f 484/484/484 482/482/482 483/483/483
f 485/485/485 484/484/484 483/483/483
f 561/561/561 572/572/572 575/575/575
f 572/572/572 569/569/569 575/575/575
f 569/569/569 565/565/565 575/575/575
f 565/565/565 561/561/561 575/575/575
f 564/564/564 574/574/574 562/562/562
f 574/574/574 573/573/573 562/562/562
f 574/574/574 567/567/567 573/573/573
f 567/567/567 570/570/570 573/573/573
f 567/567/567 568/568/568 571/571/571
f 568/568/568 566/566/566 571/571/571
f 568/568/568 564/564/564 566/566/566
f 564/564/564 563/563/563 566/566/566
f 557/557/557 560/560/560 564/564/564
f 560/560/560 574/574/574 564/564/564
f 560/560/560 558/558/558 574/574/574
f 558/558/558 567/567/567 574/574/574
f 558/558/558 559/559/559 567/567/567
f 559/559/559 568/568/568 567/567/567
f 559/559/559 557/557/557 568/568/568
f 557/557/557 564/564/564 568/568/568
f 553/553/553 556/556/556 557/557/557
f 556/556/556 560/560/560 557/557/557
f 556/556/556 554/554/554 560/560/560
f 554/554/554 558/558/558 560/560/560
f 554/554/554 555/555/555 558/558/558
f 555/555/555 559/559/559 558/558/558
f 555/555/555 553/553/553 559/559/559
f 553/553/553 557/557/557 559/559/559
f 549/549/549 552/552/552 553/553/553
f 552/552/552 556/556/556 553/553/553
f 552/552/552 550/550/550 556/556/556
f 550/550/550 554/554/554 556/556/556
f 550/550/550 551/551/551 554/554/554
f 551/551/551 555/555/555 554/554/554
f 551/551/551 549/549/549 555/555/555
f 549/549/549 553/553/553 555/555/555
f 545/545/545 548/548/548 549/549/549
f 548/548/548 552/552/552 549/549/549
f 548/548/548 546/546/546 552/552/552
f 546/546/546 550/550/550 552/552/552
f 546/546/546 547/547/547 550/550/550
f 547/547/547 551/551/551 550/550/550
f 547/547/547 545/545/545 551/551/551
f 545/545/545 549/549/549 551/551/551
f 541/541/541 544/544/544 545/545/545
f 544/544/544 548/548/548 545/545/545
f 544/544/544 542/542/542 548/548/548
f 542/542/542 546/546/546 548/548/548
f 542/542/542 543/543/543 546/546/546
f 543/543/543 547/547/547 546/546/546
f 543/543/543 541/541/541 547/547/547
f 541/541/541 545/545/545 547/547/547
f 537/537/537 540/540/540 541/541/541
f 540/540/540 544/544/544 541/541/541
f 540/540/540 538/538/538 544/544/544
f 538/538/538 542/542/542 544/544/544
f 538/538/538 539/539/539 542/542/542
f 539/539/539 543/543/543 542/542/542
f 539/539/539 537/537/537 543/543/543
f 537/537/537 541/541/541 543/543/543
f 533/533/533 540/540/540 537/537/537
f 534/534/534 538/538/538 540/540/540
f 535/535/535 539/539/539 538/538/538
f 536/536/536 537/537/537 539/539/539
f 529/529/529 518/518/518 532/532/532
f 526/526/526 529/529/529 532/532/532
f 522/522/522 526/526/526 532/532/532
f 518/518/518 522/522/522 532/532/532
f 531/531/531 521/521/521 519/519/519
f 530/530/530 531/531/531 519/519/519
f 525/525/525 531/531/531 530/530/530
f 527/527/527 525/525/525 530/530/530
f 524/524/524 525/525/525 528/528/528
f 523/523/523 524/524/524 528/528/528
f 521/521/521 524/524/524 523/523/523
f 520/520/520 521/521/521 523/523/523
f 517/517/517 514/514/514 521/521/521
f 531/531/531 517/517/517 521/521/521
f 516/516/516 517/517/517 531/531/531
f 525/525/525 516/516/516 531/531/531
f 515/515/515 516/516/516 525/525/525
f 524/524/524 515/515/515 525/525/525
f 514/514/514 515/515/515 524/524/524
f 521/521/521 514/514/514 524/524/524
f 513/513/513 510/510/510 514/514/514
f 517/517/517 513/513/513 514/514/514
f 512/512/512 513/513/513 517/517/517
f 516/516/516 512/512/512 517/517/517
f 511/511/511 512/512/512 516/516/516
f 515/515/515 511/511/511 516/516/516
f 510/510/510 511/511/511 515/515/515
f 514/514/514 510/510/510 515/515/515
f 509/509/509 506/506/506 510/510/510
f 513/513/513 509/509/509 510/510/510
f 508/508/508 509/509/509 513/513/513
f 512/512/512 508/508/508 513/513/513
f 507/507/507 508/508/508 512/512/512
f 511/511/511 507/507/507 512/512/512
f 506/506/506 507/507/507 511/511/511
f 510/510/510 506/506/506 511/511/511
f 505/505/505 502/502/502 506/506/506
f 509/509/509 505/505/505 506/506/506
f 504/504/504 505/505/505 509/509/509
f 508/508/508 504/504/504 509/509/509
f 503/503/503 504/504/504 508/508/508
f 507/507/507 503/503/503 508/508/508
f 502/502/502 503/503/503 507/507/507
f 506/506/506 502/502/502 507/507/507
f 501/501/501 498/498/498 502/502/502
f 505/505/505 501/501/501 502/502/502
f 500/500/500 501/501/501 505/505/505
f 504/504/504 500/500/500 505/505/505
f 499/499/499 500/500/500 504/504/504
f 503/503/503 499/499/499 504/504/504
f 498/498/498 499/499/499 503/503/503
f 502/502/502 498/498/498 503/503/503
f 497/497/497 494/494/494 498/498/498
f 501/501/501 497/497/497 498/498/498
f 496/496/496 497/497/497 501/501/501
f 500/500/500 496/496/496 501/501/501
f 495/495/495 496/496/496 500/500/500
f 499/499/499 495/495/495 500/500/500
f 494/494/494 495/495/495 499/499/499
f 498/498/498 494/494/494 499/499/499
f 497/497/497 491/491/491 494/494/494
f 496/496/496 492/492/492 497/497/497
f 495/495/495 493/493/493 496/496/496
f 494/494/494 490/490/490 495/495/495
v 0.279612 1.666602 0.076259
v 0.217578 1.670054 0.255603
v 0.208564 1.656458 0.098473
v 0.304873 1.653686 0.246123
v 0.242657 1.682500 0.329366
v 0.182971 1.595704 0.256405
v 0.169411 1.564070 0.116982
v 0.235185 1.549205 0.097972
v 0.269120 1.575601 0.274046
v 0.298621 1.627496 0.079487
v 0.280624 1.613019 0.358067
v 0.305542 1.664555 0.320487
v 0.273980 1.728720 0.375611
v 0.220301 1.626884 0.345975
v 0.303751 1.673275 0.414060
v 0.322446 1.707285 0.365938
v 0.364897 1.845806 0.447177
v 0.259707 1.683242 0.407295
v 0.275812 1.656506 -0.050753
v 0.209621 1.647708 -0.072149
v 0.219086 1.666712 -0.229876
v 0.186642 1.596931 -0.233155
v 0.242959 1.684471 -0.302805
v 0.301025 1.651104 -0.221058
v 0.293598 1.620143 -0.054900
v 0.267641 1.578670 -0.249912
v 0.234521 1.547647 -0.074197
v 0.173214 1.562069 -0.091790
v 0.281130 1.616019 -0.333628
v 0.220730 1.629424 -0.321398
v 0.274488 1.732226 -0.347299
v 0.305807 1.666268 -0.294199
v 0.304509 1.678137 -0.387434
v 0.322926 1.710529 -0.338092
v 0.365700 1.851719 -0.414389
v 0.260423 1.687848 -0.380571
v 0.317791 1.545955 0.067909
v 0.300319 1.633286 0.085864
v 0.392988 1.662691 0.003005
v 0.390672 1.547787 -0.006801
v 0.313158 1.548485 -0.075779
v 0.307202 1.638106 -0.074904
v 0.326426 1.398080 0.032426
v 0.354340 1.399980 -0.001754
v 0.326426 1.398080 -0.032026
vn 0.359422 0.931796 -0.050704
vn -0.392479 0.919761 0.000058
vn -0.742390 0.669604 -0.022088
vn 0.892975 0.446246 -0.058821
vn -0.486388 0.867756 -0.102110
vn -0.866233 -0.376491 0.328474
vn -0.866579 -0.461838 0.189067
vn 0.138562 -0.979948 0.143186
vn 0.526262 -0.834106 0.165275
vn 0.911781 -0.139052 0.386419
vn 0.432394 -0.807114 0.401997
vn 0.874849 0.295493 -0.383828
vn -0.546599 0.743533 -0.385211
vn -0.796390 -0.190045 0.574148
vn 0.482870 -0.597280 0.640386
vn 0.812851 0.164238 -0.558837
vn -0.051318 0.685009 0.726724
vn -0.699183 0.042529 0.713677
vn 0.357951 0.929654 0.087257
vn -0.743016 0.667942 0.042194
vn -0.396066 0.917005 0.047264
vn -0.870044 -0.373866 -0.321322
vn -0.491660 0.856680 0.156107
vn 0.892587 0.437711 0.108161
vn 0.971541 -0.232729 0.044115
vn 0.526546 -0.832146 -0.174019
vn 0.138855 -0.976222 -0.166466
vn -0.867499 -0.457525 -0.195234
vn 0.433865 -0.806105 -0.402437
vn -0.798129 -0.175933 -0.576227
vn -0.549274 0.729786 0.407075
vn 0.866854 0.275235 0.415704
vn 0.486723 -0.575067 -0.657570
vn 0.809632 0.145851 0.568527
vn -0.048365 0.709185 -0.703362
vn -0.695422 0.066212 -0.715545
vn 0.699741 -0.072343 0.710724
vn 0.911781 -0.139052 0.386419
vn 0.999792 0.003405 -0.020131
vn 0.987123 -0.156759 -0.031846
vn 0.664283 -0.018535 -0.747251
vn 0.663305 0.051376 -0.746584
vn 0.740909 -0.146199 0.655499
vn 0.970576 -0.239443 -0.025482
vn 0.692248 -0.179293 -0.699032
vt 0.065001 0.301760
vt 0.175125 0.241625
vt 0.073774 0.296087
vt 0.165111 0.237576
vt 0.217009 0.224077
vt 0.147039 0.217455
vt 0.085052 0.239201
vt 0.078658 0.229423
vt 0.141963 0.204232
vt 0.068056 0.277551
vt 0.171772 0.163033
vt 0.206405 0.219211
vt 0.257605 0.184913
vt 0.195027 0.196566
vt 0.226992 0.122186
vt 0.245168 0.178838
vt 0.345193 0.218461
vt 0.229997 0.128183
vt 0.064599 0.293194
vt 0.073002 0.288335
vt 0.171141 0.239645
vt 0.145809 0.216653
vt 0.215311 0.224513
vt 0.161648 0.235721
vt 0.067866 0.270716
vt 0.141379 0.204436
vt 0.078497 0.226213
vt 0.084383 0.235675
vt 0.171080 0.163293
vt 0.174349 0.172241
vt 0.256195 0.186473
vt 0.204653 0.219464
vt 0.226634 0.123827
vt 0.243751 0.180159
vt 0.343808 0.222270
vt 0.229495 0.129747
vt 0.694715 0.419200
vt 0.702178 0.445157
vt 0.685091 0.436892
vt 0.684837 0.415112
vt 0.675852 0.419200
vt 0.666474 0.445157
vt 0.694518 0.393525
vt 0.683857 0.392311
vt 0.673739 0.393525
f 578/578/578 577/577/577 576/576/576
f 579/579/579 576/576/576 577/577/577
f 577/577/577 580/580/580 579/579/579
f 581/581/581 580/580/580 577/577/577
f 577/577/577 578/578/578 581/581/581
f 582/582/582 581/581/581 578/578/578
f 581/581/581 582/582/582 583/583/583
f 583/583/583 584/584/584 581/581/581
f 585/585/585 584/584/584 583/583/583
f 579/579/579 585/585/585 576/576/576
f 584/584/584 585/585/585 579/579/579
f 579/579/579 586/586/586 584/584/584
f 586/586/586 579/579/579 587/587/587
f 580/580/580 587/587/587 579/579/579
f 587/587/587 580/580/580 588/588/588
f 589/589/589 588/588/588 580/580/580
f 580/580/580 581/581/581 589/589/589
f 586/586/586 589/589/589 581/581/581
f 584/584/584 586/586/586 581/581/581
f 589/589/589 586/586/586 590/590/590
f 587/587/587 590/590/590 586/586/586
f 590/590/590 587/587/587 591/591/591
f 591/591/591 587/587/587 588/588/588
f 592/592/592 591/591/591 588/588/588
f 592/592/592 588/588/588 593/593/593
f 588/588/588 589/589/589 593/593/593
f 593/593/593 589/589/589 590/590/590
f 592/592/592 593/593/593 590/590/590
f 592/592/592 590/590/590 591/591/591
f 596/596/596 595/595/595 594/594/594
f 595/595/595 596/596/596 597/597/597
f 598/598/598 597/597/597 596/596/596
f 598/598/598 596/596/596 599/599/599
f 594/594/594 599/599/599 596/596/596
f 600/600/600 599/599/599 594/594/594
f 600/600/600 601/601/601 599/599/599
f 601/601/601 600/600/600 602/602/602
f 597/597/597 603/603/603 595/595/595
f 603/603/603 597/597/597 602/602/602
f 601/601/601 602/602/602 597/597/597
f 604/604/604 601/601/601 597/597/597
f 597/597/597 605/605/605 604/604/604
f 605/605/605 597/597/597 598/598/598
f 598/598/598 606/606/606 605/605/605
f 606/606/606 598/598/598 607/607/607
f 599/599/599 607/607/607 598/598/598
f 607/607/607 599/599/599 604/604/604
f 604/604/604 599/599/599 601/601/601
f 604/604/604 608/608/608 607/607/607
f 607/607/607 608/608/608 609/609/609
f 608/608/608 610/610/610 609/609/609
f 611/611/611 610/610/610 608/608/608
f 605/605/605 611/611/611 608/608/608
f 608/608/608 604/604/604 605/605/605
f 607/607/607 609/609/609 606/606/606
f 609/609/609 610/610/610 606/606/606
f 606/606/606 610/610/610 611/611/611
f 605/605/605 606/606/606 611/611/611
f 614/614/614 613/613/613 612/612/612
f 614/614/614 612/612/612 615/615/615
f 615/615/615 612/612/612 618/618/618
f 619/619/619 615/615/615 618/618/618
f 615/615/615 619/619/619 620/620/620
f 614/614/614 615/615/615 616/616/616
f 616/616/616 615/615/615 620/620/620
f 616/616/616 617/617/617 614/614/614
v 0.382426 1.688920 0.035866
v 0.514828 1.777725 0.021952
v 0.402862 1.640575 0.002613
v 0.489976 1.795130 0.002613
v 0.679738 1.928304 0.002613
v 0.540756 1.754841 0.002613
v 0.514828 1.777725 -0.016726
v 0.382426 1.688920 -0.030641
v 0.339286 1.733810 0.002613
vn -0.033385 0.220292 0.974862
vn 0.112029 -0.028316 0.993301
vn 0.650173 -0.759786 -0.000000
vn -0.473237 0.880935 0.000000
vn 0.357254 0.934007 0.000000
vn 0.712612 -0.701559 -0.000000
vn 0.112029 -0.028316 -0.993301
vn -0.033385 0.220293 -0.974862
vn -0.376916 0.926248 0.000000
vt 0.094205 0.625135
vt 0.124780 0.448908
vt 0.079951 0.468177
vt 0.145515 0.438082
vt 0.148300 0.295911
vt 0.120879 0.375180
vt 0.124780 0.448908
vt 0.094205 0.625135
vt 0.155146 0.509938
f 623/623/623 622/622/622 621/621/621
f 624/624/624 621/621/621 622/622/622
f 625/625/625 624/624/624 622/622/622
f 626/626/626 625/625/625 622/622/622
f 626/626/626 622/622/622 623/623/623
f 627/627/627 626/626/626 623/623/623
f 627/627/627 623/623/623 628/628/628
f 624/624/624 627/627/627 628/628/628
f 629/629/629 624/624/624 628/628/628
f 624/624/624 629/629/629 621/621/621
f 624/624/624 625/625/625 627/627/627
f 625/625/625 626/626/626 627/627/627
v 0.308511 1.455305 -0.121645
v 0.331476 1.417729 -0.201451
v 0.311367 1.409413 -0.179892
v 0.331476 1.417729 -0.201451
v 0.308511 1.455305 -0.121645
v 0.297181 1.451783 -0.184393
v 0.262390 1.573656 -0.198403
v 0.301721 1.524942 -0.249150
v 0.279073 1.531646 -0.225212
v 0.301721 1.524942 -0.249150
v 0.262390 1.573656 -0.198403
v 0.230599 1.571562 -0.234812
v -0.142426 1.227503 -0.498084
v -0.157142 1.199467 -0.538348
v -0.152562 1.235599 -0.457208
v -0.122976 1.254433 -0.454868
v -0.038012 1.246237 -0.528225
v -0.153946 1.245744 -0.406824
v -0.180386 1.215281 -0.459081
v -0.130522 1.195962 -0.350248
v -0.122976 1.254433 -0.454868
v -0.153946 1.245744 -0.406824
v -0.150912 1.304945 -0.360426
v -0.031119 1.527851 -0.391234
v -0.097170 1.558327 -0.441205
v -0.020024 1.525080 -0.437033
v -0.065984 1.483598 -0.401146
v -0.097170 1.558327 -0.441205
v -0.031119 1.527851 -0.391234
v -0.039420 1.471883 -0.438064
v -0.097170 1.558327 -0.441205
v -0.065984 1.483598 -0.401146
v -0.020024 1.525080 -0.437033
v -0.097170 1.558327 -0.441205
v -0.039420 1.471883 -0.438064
v -0.007685 1.579676 -0.274637
v -0.083076 1.642700 -0.328722
v 0.010509 1.592153 -0.324927
v -0.043828 1.551697 -0.297991
v -0.083076 1.642700 -0.328722
v -0.007685 1.579676 -0.274637
v -0.015366 1.555558 -0.346755
v -0.083076 1.642700 -0.328722
v -0.043828 1.551697 -0.297991
v 0.010509 1.592153 -0.324927
v -0.083076 1.642700 -0.328722
v -0.015366 1.555558 -0.346755
v 0.048782 1.534686 -0.491442
v 0.097832 1.524143 -0.501455
v 0.105405 1.533667 -0.509107
v -0.091911 1.470030 -0.209769
v -0.127498 1.418412 -0.169900
v -0.135877 1.448894 -0.226341
v -0.125608 1.468696 -0.228758
v -0.072573 1.507552 -0.195145
v -0.090664 1.525150 -0.215390
v -0.207571 1.297113 -0.221331
v -0.214301 1.377400 -0.216636
v -0.187926 1.315241 -0.171514
v -0.216417 1.322345 -0.271143
v -0.209068 1.376048 -0.291889
v -0.190317 1.427006 -0.271147
v -0.170673 1.445133 -0.221331
v -0.161835 1.419906 -0.171514
v -0.168982 1.366103 -0.150879
v -0.207571 1.297113 -0.221331
v -0.187288 1.272300 -0.225917
v -0.200192 1.305795 -0.286552
v -0.216417 1.322345 -0.271143
v -0.209068 1.376048 -0.291889
v -0.186287 1.369626 -0.315708
v -0.165589 1.434824 -0.288345
v -0.190317 1.427006 -0.271147
v -0.141003 1.457511 -0.225997
v -0.170673 1.445133 -0.221331
v -0.129942 1.425938 -0.163649
v -0.161835 1.419906 -0.171514
v -0.138886 1.358601 -0.137824
v -0.168982 1.366103 -0.150879
v -0.162596 1.294944 -0.163649
v -0.187926 1.315241 -0.171514
v -0.158255 1.252629 -0.458713
v -0.155234 1.297583 -0.428137
v -0.179257 1.238055 -0.406004
v -0.076869 1.247448 -0.534951
v 0.051265 1.324605 -0.584365
v 0.051447 1.324379 -0.568607
v 0.002625 1.309157 -0.528906
v 0.092646 1.458176 -0.500086
v 0.090465 1.488722 -0.534056
v 0.039963 1.501106 -0.511859
v 0.043711 1.487397 -0.500406
v 0.009900 1.460196 -0.471325
v -0.004723 1.455693 -0.459713
v 0.033750 1.423083 -0.522907
v 0.047842 1.434731 -0.493051
v 0.083493 1.426765 -0.534575
v 0.076335 1.437085 -0.499454
v 0.108689 1.463592 -0.520715
v -0.171952 1.301459 -0.359110
v -0.177323 1.318046 -0.370405
v -0.176519 1.366484 -0.308426
v -0.190941 1.306490 -0.281818
v -0.155234 1.297583 -0.428137
v -0.179257 1.238055 -0.406004
v -0.176519 1.366484 -0.308426
v -0.156706 1.428609 -0.283725
v -0.165589 1.434824 -0.288345
v -0.186287 1.369626 -0.315708
v -0.135877 1.448894 -0.226341
v -0.141003 1.457511 -0.225997
v -0.127498 1.418412 -0.169900
v -0.129942 1.425938 -0.163649
v -0.135726 1.356468 -0.146144
v -0.138886 1.358601 -0.137824
v -0.157537 1.297910 -0.169900
v -0.162596 1.294944 -0.163649
v -0.180274 1.277093 -0.227159
v -0.187288 1.272300 -0.225917
v -0.190941 1.306490 -0.281818
v -0.200192 1.305795 -0.286552
v -0.055010 1.546099 -0.133411
v -0.072573 1.507552 -0.195145
v -0.090664 1.525150 -0.215390
v -0.090664 1.525150 -0.215390
v -0.042542 1.537743 -0.197081
v -0.055010 1.546099 -0.133411
v 0.044119 1.628066 -0.204939
v 0.011904 1.598245 -0.233212
v -0.009244 1.602459 -0.258461
v -0.009244 1.602459 -0.258461
v 0.074088 1.610577 -0.239499
v 0.044119 1.628066 -0.204939
v 0.175707 1.683352 -0.245501
v 0.176452 1.693382 -0.204779
v 0.111007 1.665100 -0.274178
v 0.226458 1.636321 -0.270721
v 0.211146 1.670197 -0.273795
v 0.175707 1.683352 -0.245501
v 0.194492 1.740534 -0.350581
v 0.140623 1.687776 -0.275907
v 0.194492 1.740534 -0.350581
v 0.174377 1.668725 -0.299222
v 0.211146 1.670197 -0.273795
v 0.140623 1.687776 -0.275907
v 0.271111 1.124947 -0.473486
v 0.272579 1.092979 -0.509220
v 0.277739 1.128536 -0.438809
v 0.259947 1.159204 -0.438483
v 0.184879 1.190943 -0.513684
v 0.271666 1.139546 -0.393391
v 0.292153 1.097598 -0.439921
v 0.269461 1.197800 -0.344992
v 0.301640 1.150476 -0.293301
v 0.305865 1.181545 -0.273169
v 0.287323 1.140936 -0.351952
v 0.297383 1.080493 -0.370825
v 0.299439 1.121962 -0.330293
v 0.296039 1.147873 -0.312188
v 0.304051 1.123907 -0.290245
v 0.305688 1.136471 -0.270914
v 0.294248 1.069652 -0.285196
v 0.302704 1.111271 -0.310581
v 0.291484 1.064477 -0.311230
v 0.301640 1.150476 -0.293301
v 0.305865 1.181545 -0.273169
v 0.305688 1.136471 -0.270914
v 0.294248 1.069652 -0.285196
v 0.302704 1.111271 -0.310581
v 0.291484 1.064477 -0.311230
v 0.296039 1.147873 -0.312188
v 0.269461 1.197800 -0.344992
v 0.271666 1.139546 -0.393391
v 0.297918 1.077500 -0.422493
v 0.299439 1.121962 -0.330293
v 0.297383 1.080493 -0.370825
v 0.297918 1.077500 -0.422493
v 0.271666 1.139546 -0.393391
v 0.308035 1.183465 -0.164124
v 0.299714 1.103665 -0.162382
v 0.300523 1.157202 -0.221741
v 0.302138 1.183466 -0.276576
v 0.286290 1.068112 -0.246809
v 0.274369 1.018007 -0.267611
v 0.293821 1.087502 -0.219403
v 0.289899 1.044352 -0.198002
v 0.271666 1.139546 -0.393391
v 0.219399 1.106145 -0.336856
v 0.269461 1.197800 -0.344992
v 0.259947 1.159205 -0.438483
v -0.076869 1.247448 -0.534951
v -0.158255 1.252629 -0.458713
v -0.122976 1.254433 -0.454868
v -0.153946 1.245744 -0.406824
v -0.179257 1.238055 -0.406004
v -0.150912 1.304945 -0.360426
v -0.171952 1.301459 -0.359110
v -0.190941 1.306490 -0.281818
v -0.038012 1.246237 -0.528225
v 0.067506 1.198775 -0.575790
v 0.065642 1.193307 -0.593933
v 0.219899 1.174359 -0.515714
v 0.283894 1.186340 -0.345002
v 0.269461 1.197800 -0.344992
v 0.305865 1.181545 -0.273169
v 0.290749 1.121030 -0.391718
v 0.271666 1.139546 -0.393391
v 0.289026 1.141450 -0.441585
v 0.259947 1.159205 -0.438483
v 0.184879 1.190943 -0.513684
v -0.042542 1.537743 -0.197081
v -0.090664 1.525150 -0.215390
v -0.009244 1.602459 -0.258461
v 0.011904 1.598245 -0.233212
v 0.175707 1.683352 -0.245501
v 0.111007 1.665100 -0.274178
v 0.140623 1.687776 -0.275907
v 0.211146 1.670197 -0.273795
v 0.226458 1.636321 -0.270721
v 0.297181 1.451783 -0.184393
v 0.279073 1.531646 -0.225212
v 0.301721 1.524942 -0.249150
v 0.331476 1.417729 -0.201451
v 0.166716 1.647757 -0.242753
v 0.074088 1.610577 -0.239499
v 0.230599 1.571562 -0.234812
v 0.296776 1.446113 -0.381415
v 0.289424 1.447947 -0.427767
v 0.373287 1.441052 -0.427118
v 0.305367 1.390344 -0.389674
v 0.296776 1.446113 -0.381415
v 0.373287 1.441052 -0.427118
v 0.281679 1.391870 -0.428447
v 0.305367 1.390344 -0.389674
v 0.373287 1.441052 -0.427118
v 0.289424 1.447947 -0.427767
v 0.281679 1.391870 -0.428447
v 0.373287 1.441052 -0.427118
v 0.290979 1.505225 -0.265694
v 0.284884 1.523757 -0.316712
v 0.391309 1.524446 -0.314518
v 0.310012 1.463115 -0.286523
v 0.290979 1.505225 -0.265694
v 0.391309 1.524446 -0.314518
v 0.292285 1.478867 -0.337543
v 0.310012 1.463115 -0.286523
v 0.391309 1.524446 -0.314518
v 0.284884 1.523757 -0.316712
v 0.292285 1.478867 -0.337543
v 0.391309 1.524446 -0.314518
v 0.237737 1.487583 -0.485784
v 0.188823 1.512872 -0.506609
v 0.190408 1.501066 -0.498683
v 0.331476 1.417729 -0.201451
v 0.301721 1.524942 -0.249150
v 0.290979 1.505225 -0.265694
v 0.196291 1.613766 -0.314252
v 0.284884 1.523757 -0.316712
v 0.222279 1.588931 -0.355951
v 0.234766 1.560546 -0.395846
v 0.159564 1.590242 -0.409395
v 0.237737 1.487583 -0.485784
v 0.151497 1.544717 -0.485511
v 0.188823 1.512872 -0.506609
v 0.164756 1.623940 -0.334986
v 0.196291 1.613766 -0.314252
v 0.226458 1.636321 -0.270721
v 0.174377 1.668725 -0.299222
v 0.111007 1.665100 -0.274178
v 0.167030 1.637837 -0.307386
v 0.140623 1.687776 -0.275907
v 0.130531 1.630158 -0.316221
v 0.211146 1.670197 -0.273795
v 0.311367 1.409413 -0.179892
v 0.331476 1.417729 -0.201451
v 0.333838 1.351303 -0.216019
v 0.311002 1.366141 -0.192349
v 0.336089 1.328930 -0.214336
v 0.329423 1.304149 -0.158507
v 0.283894 1.186340 -0.345002
v 0.305865 1.181545 -0.273169
v 0.312329 1.241275 -0.301524
v 0.297165 1.185600 -0.414697
v 0.290749 1.121030 -0.391718
v 0.297651 1.199004 -0.357942
v 0.312329 1.241275 -0.301524
v 0.318604 1.238700 -0.306653
v 0.335070 1.305912 -0.279082
v 0.319471 1.173781 -0.272659
v 0.305865 1.181545 -0.273169
v 0.330020 1.304298 -0.273586
v 0.336089 1.328930 -0.214336
v 0.344076 1.334618 -0.215691
v 0.329423 1.304149 -0.158507
v 0.344704 1.307829 -0.151158
v 0.316865 1.244369 -0.135868
v 0.336919 1.241327 -0.123069
v 0.311805 1.182026 -0.160430
v 0.325282 1.174066 -0.147878
v 0.304129 1.155700 -0.218339
v 0.316617 1.145448 -0.211048
v 0.345381 1.159838 -0.212597
v 0.352310 1.182704 -0.162119
v 0.382520 1.230764 -0.215534
v 0.345142 1.181296 -0.263993
v 0.349283 1.234395 -0.287659
v 0.360397 1.288120 -0.266780
v 0.367326 1.310987 -0.216303
v 0.361608 1.236446 -0.142296
v 0.367828 1.289582 -0.164740
v 0.349283 1.234395 -0.287659
v 0.360397 1.288120 -0.266780
v 0.335070 1.305912 -0.279082
v 0.318604 1.238700 -0.306653
v 0.319471 1.173781 -0.272659
v 0.345142 1.181296 -0.263993
v 0.345381 1.159838 -0.212597
v 0.316617 1.145448 -0.211048
v 0.352310 1.182704 -0.162119
v 0.325282 1.174066 -0.147878
v 0.361608 1.236446 -0.142296
v 0.336919 1.241327 -0.123069
v 0.367828 1.289582 -0.164740
v 0.344704 1.307829 -0.151158
v 0.367326 1.310987 -0.216303
v 0.344076 1.334618 -0.215691
v 0.144608 1.301340 -0.581578
v 0.175747 1.265835 -0.523150
v 0.143098 1.301548 -0.565879
v 0.231417 1.453380 -0.506126
v 0.220763 1.443266 -0.495106
v 0.235445 1.403992 -0.464574
v 0.163938 1.440405 -0.497952
v 0.182933 1.465672 -0.531288
v 0.245276 1.393397 -0.452228
v 0.201214 1.381347 -0.517896
v 0.191842 1.398844 -0.488742
v 0.160069 1.407677 -0.532283
v 0.168366 1.414148 -0.496699
v 0.154020 1.452292 -0.519357
v 0.090465 1.488722 -0.534056
v 0.136408 1.476381 -0.530625
v 0.141084 1.495310 -0.529651
v 0.182933 1.465672 -0.531288
v 0.275331 1.319969 -0.414951
v 0.266116 1.336054 -0.451701
v 0.246603 1.324949 -0.446347
v 0.208702 1.331749 -0.498658
v 0.205368 1.329696 -0.489533
v 0.175747 1.265835 -0.523150
v 0.108689 1.463592 -0.520715
v 0.083493 1.426765 -0.534575
v 0.130704 1.449157 -0.555747
v 0.136408 1.476381 -0.530625
v 0.090465 1.488722 -0.534056
v 0.154020 1.452292 -0.519357
v 0.160069 1.407677 -0.532283
v 0.182933 1.465672 -0.531288
v 0.190408 1.501066 -0.498683
v 0.231417 1.453380 -0.506126
v 0.237737 1.487583 -0.485784
v 0.281679 1.391870 -0.428447
v 0.245276 1.393397 -0.452228
v 0.316865 1.244369 -0.135868
v 0.311805 1.182026 -0.160430
v 0.304129 1.155700 -0.218339
v 0.329423 1.304149 -0.158507
v 0.305865 1.181545 -0.273169
v 0.311002 1.366141 -0.192349
v 0.289026 1.141450 -0.441585
v 0.290749 1.121030 -0.391718
v 0.297165 1.185600 -0.414697
v 0.219899 1.174359 -0.515714
v 0.209688 1.186804 -0.556021
v 0.169623 1.191732 -0.598928
v 0.065642 1.193307 -0.593933
v -0.023227 1.239790 -0.607810
v -0.063359 1.254782 -0.571365
v 0.230599 1.571562 -0.234812
v 0.262390 1.573656 -0.198403
v 0.279073 1.531646 -0.225212
v 0.275114 1.508619 -0.266526
v 0.156175 1.599782 -0.275652
v 0.311002 1.366141 -0.192349
v 0.297181 1.451783 -0.184393
v 0.311367 1.409413 -0.179892
v 0.308511 1.455305 -0.121645
v 0.305865 1.181545 -0.273169
v 0.092393 1.340324 -0.296425
v -0.190941 1.306490 -0.281818
v -0.091911 1.470030 -0.209769
v 0.007945 1.575219 -0.274526
v 0.074088 1.610577 -0.239499
v 0.011904 1.598245 -0.233212
v 0.044119 1.628066 -0.204939
v -0.042542 1.537743 -0.197081
v -0.072573 1.507552 -0.195145
v -0.055010 1.546099 -0.133411
v 0.166716 1.647757 -0.242753
v -0.127498 1.418412 -0.169900
v -0.091911 1.470030 -0.209769
v -0.190941 1.306490 -0.281818
v -0.180274 1.277093 -0.227159
v -0.135726 1.356468 -0.146144
v -0.157537 1.297910 -0.169900
v 0.229343 1.042967 -0.440578
v 0.222059 1.036508 -0.358315
v 0.249823 1.052124 -0.446225
v 0.219909 1.079909 -0.533222
v 0.174452 1.065564 -0.524207
v 0.043716 1.104042 -0.569878
v -0.147304 1.136636 -0.459384
v -0.160660 1.154249 -0.466877
v -0.170482 1.137751 -0.374020
v -0.118771 1.164243 -0.558269
v -0.084449 1.130308 -0.544124
v 0.048770 1.128180 -0.588126
v 0.248217 1.128368 -0.435083
v 0.219399 1.106145 -0.336856
v 0.259947 1.159205 -0.438483
v 0.220029 1.151432 -0.513853
v 0.184879 1.190943 -0.513684
v 0.067506 1.198775 -0.575790
v -0.086186 1.226586 -0.535496
v -0.038012 1.246237 -0.528225
v -0.122976 1.254433 -0.454868
v -0.124288 1.221054 -0.453434
v -0.130522 1.195962 -0.350248
v 0.002312 1.383243 -0.504829
v 0.003544 1.380072 -0.495568
v 0.002625 1.309157 -0.528906
v -0.038442 1.395984 -0.454881
v -0.049983 1.414823 -0.461164
v -0.069789 1.406833 -0.425490
v 0.308035 1.183465 -0.164124
v 0.300523 1.157202 -0.221741
v 0.299714 1.103665 -0.162382
v 0.293821 1.087502 -0.219403
v 0.289899 1.044352 -0.198002
v 0.286290 1.068112 -0.246809
v 0.302138 1.183466 -0.276576
v 0.274368 1.018007 -0.267611
v -0.153946 1.245744 -0.406824
v -0.152562 1.235599 -0.457208
v -0.122976 1.254433 -0.454868
v -0.180386 1.215281 -0.459081
v -0.142426 1.227503 -0.498084
v -0.038012 1.246237 -0.528225
v -0.157142 1.199467 -0.538348
v -0.142426 1.227503 -0.498084
v -0.073704 1.220853 -0.547871
v -0.105524 1.193462 -0.565775
v 0.002436 1.196246 -0.570235
v 0.067506 1.198775 -0.575790
v -0.021859 1.173336 -0.585876
v -0.073704 1.220853 -0.547871
v 0.002436 1.196246 -0.570235
v 0.067506 1.198775 -0.575790
v 0.055154 1.156180 -0.613422
v 0.124274 1.165916 -0.561808
v -0.142426 1.227503 -0.498084
v 0.134374 1.134395 -0.575393
v 0.204814 1.152322 -0.527920
v 0.271111 1.124947 -0.473486
v 0.219677 1.113025 -0.542310
v 0.134374 1.134395 -0.575393
v 0.124274 1.165916 -0.561808
v 0.219677 1.113025 -0.542310
v 0.271111 1.124947 -0.473486
v 0.184879 1.190943 -0.513684
v 0.277739 1.128536 -0.438809
v 0.272579 1.092979 -0.509220
v 0.271111 1.124947 -0.473486
v 0.259947 1.159204 -0.438483
v 0.271666 1.139546 -0.393391
v 0.292153 1.097598 -0.439921
v -0.084449 1.130308 -0.544124
v -0.147304 1.136636 -0.459384
v -0.130522 1.195962 -0.350248
v -0.170482 1.137751 -0.374020
v -0.150912 1.304945 -0.360426
v -0.190941 1.306490 -0.281818
v 0.092393 1.340324 -0.296425
v 0.052986 1.134866 -0.537343
v 0.043716 1.104042 -0.569878
v 0.219399 1.106145 -0.336856
v 0.229343 1.042967 -0.440578
v 0.174452 1.065564 -0.524207
v 0.222059 1.036508 -0.358315
v 0.269461 1.197800 -0.344992
v 0.305865 1.181545 -0.273169
v -0.101526 1.206131 -0.439811
v -0.124288 1.221054 -0.453434
v -0.130522 1.195962 -0.350248
v -0.068348 1.206381 -0.530197
v -0.086186 1.226586 -0.535496
v 0.067506 1.198775 -0.575790
v 0.064121 1.183792 -0.561679
v 0.196313 1.141412 -0.510290
v 0.220029 1.151432 -0.513853
v 0.248217 1.128368 -0.435083
v 0.220490 1.126091 -0.424158
v 0.219399 1.106145 -0.336856
v -0.170482 1.137751 -0.374020
v -0.160660 1.154249 -0.466877
v -0.147748 1.165172 -0.457411
v -0.118771 1.164243 -0.558269
v -0.079726 1.179724 -0.540629
v 0.054950 1.148005 -0.564668
v 0.048770 1.128180 -0.588126
v 0.219909 1.079909 -0.533222
v 0.193882 1.112121 -0.519404
v 0.243166 1.067930 -0.437962
v 0.249823 1.052124 -0.446225
v 0.222059 1.036508 -0.358315
v 0.124154 1.419034 -0.577981
v 0.141084 1.495310 -0.529651
v 0.182933 1.465672 -0.531288
v 0.090465 1.488722 -0.534056
v 0.077318 1.428535 -0.571839
v 0.169359 1.405591 -0.569083
v 0.143098 1.301548 -0.565879
v 0.051447 1.324379 -0.568607
v 0.104457 1.339956 -0.578348
v 0.090465 1.488722 -0.534056
v 0.105405 1.533667 -0.509107
v 0.097832 1.524143 -0.501455
v 0.082419 1.429024 -0.580976
v 0.077318 1.428535 -0.571839
v 0.051265 1.324605 -0.584365
v 0.051447 1.324379 -0.568607
v 0.144608 1.301340 -0.581578
v 0.143098 1.301548 -0.565879
v 0.169359 1.405591 -0.569083
v 0.165837 1.408230 -0.578478
v 0.182933 1.465672 -0.531288
v 0.188823 1.512872 -0.506609
v 0.190408 1.501066 -0.498683
v 0.105549 1.341590 -0.594214
v 0.144608 1.301340 -0.581578
v 0.165837 1.408230 -0.578478
v 0.082419 1.429024 -0.580976
v 0.051265 1.324605 -0.584365
v 0.125027 1.420863 -0.587659
v 0.188823 1.512872 -0.506609
v 0.105405 1.533667 -0.509107
v 0.144161 1.507057 -0.533103
v -0.184953 1.260285 -0.367647
v -0.150912 1.304945 -0.360427
v -0.153946 1.245744 -0.406824
v -0.198711 1.201329 -0.438617
v -0.204060 1.277782 -0.306069
v -0.190941 1.306490 -0.281818
v -0.214061 1.208939 -0.386011
v -0.207010 1.249654 -0.346181
v -0.200378 1.273180 -0.326941
v -0.212850 1.254156 -0.304509
v -0.206551 1.265220 -0.282882
v -0.227099 1.201988 -0.298383
v -0.215354 1.241943 -0.326279
v -0.228469 1.196819 -0.326088
v -0.215353 1.241943 -0.326279
v -0.212850 1.254156 -0.304509
v -0.200378 1.273180 -0.326941
v -0.204060 1.277782 -0.306069
v -0.150912 1.304945 -0.360427
v -0.190941 1.306490 -0.281818
v -0.206551 1.265220 -0.282882
v -0.227099 1.201988 -0.298383
v -0.184953 1.260285 -0.367647
v -0.198711 1.201329 -0.438617
v -0.153946 1.245744 -0.406824
v -0.214061 1.208939 -0.386011
v -0.200418 1.210443 -0.226306
v -0.205910 1.166666 -0.205272
v -0.179966 1.221088 -0.169395
v -0.180274 1.277093 -0.227159
v -0.212146 1.193826 -0.255933
v -0.190941 1.306490 -0.281818
v -0.228389 1.146365 -0.277813
v -0.157537 1.297910 -0.169900
v -0.200418 1.210443 -0.226306
v -0.179966 1.221088 -0.169395
v -0.205910 1.166666 -0.205272
v -0.190941 1.306490 -0.281818
v -0.212146 1.193826 -0.255933
v -0.228389 1.146365 -0.277813
v -0.157537 1.297910 -0.169900
v 0.064121 1.183792 -0.561679
v -0.068348 1.206381 -0.530197
v -0.079726 1.179724 -0.540629
v -0.147748 1.165172 -0.457411
v -0.101526 1.206131 -0.439811
v -0.170482 1.137751 -0.374020
v -0.130522 1.195962 -0.350248
v 0.222059 1.036508 -0.358315
v 0.219399 1.106145 -0.336856
v 0.220490 1.126091 -0.424158
v 0.243166 1.067930 -0.437962
v 0.196313 1.141412 -0.510290
v 0.193882 1.112121 -0.519404
v 0.054950 1.148005 -0.564668
v 0.002312 1.383243 -0.504829
v 0.029600 1.383260 -0.520398
v -0.004723 1.455693 -0.459713
v -0.049983 1.414823 -0.461164
v -0.039420 1.471883 -0.438064
v -0.069789 1.406833 -0.425490
v -0.065984 1.483598 -0.401146
v -0.129489 1.368594 -0.368618
v -0.031119 1.527851 -0.391234
v -0.136443 1.436516 -0.294694
v -0.015366 1.555558 -0.346755
v -0.043828 1.551697 -0.297991
v 0.097832 1.524143 -0.501455
v 0.048782 1.534686 -0.491442
v 0.039963 1.501106 -0.511859
v 0.111007 1.665100 -0.274178
v 0.176452 1.693382 -0.204779
v 0.166716 1.647757 -0.242753
v 0.226458 1.636321 -0.270721
v 0.164756 1.623940 -0.334986
v -0.020024 1.525080 -0.437033
v 0.048782 1.534686 -0.491442
v 0.078312 1.599546 -0.400530
v 0.010509 1.592153 -0.324927
v 0.130531 1.630158 -0.316221
v -0.009244 1.602459 -0.258461
v 0.099381 1.619566 -0.359631
v 0.105405 1.533667 -0.509107
v -0.007685 1.579676 -0.274637
v -0.090664 1.525150 -0.215390
v -0.125608 1.468696 -0.228758
v -0.135877 1.448894 -0.226341
v -0.156706 1.428609 -0.283725
v -0.176519 1.366484 -0.308426
v -0.177323 1.318046 -0.370405
v -0.155234 1.297583 -0.428137
v -0.091152 1.333453 -0.441489
v -0.091152 1.333453 -0.441489
v -0.080013 1.323243 -0.462662
v -0.110630 1.314007 -0.463970
v -0.128559 1.284157 -0.493593
v -0.109233 1.277036 -0.528799
v 0.002625 1.309157 -0.528906
v -0.051077 1.291228 -0.545501
v -0.063359 1.254782 -0.571365
v 0.019096 1.270506 -0.591233
v 0.051265 1.324605 -0.584365
v 0.091338 1.283556 -0.606613
v 0.105549 1.341590 -0.594214
v 0.144608 1.301340 -0.581578
v 0.146864 1.238651 -0.586038
v 0.175747 1.265835 -0.523150
v 0.089257 1.270508 -0.636659
v -0.023227 1.239790 -0.607810
v 0.215025 1.224726 -0.533869
v 0.260171 1.185410 -0.510414
v 0.209688 1.186804 -0.556021
v 0.169623 1.191732 -0.598928
v 0.278835 1.182883 -0.476936
v 0.249545 1.240908 -0.452807
v 0.272492 1.218566 -0.452539
v 0.297165 1.185600 -0.414697
v 0.256372 1.245899 -0.430411
v 0.279539 1.262834 -0.354415
v 0.297651 1.199004 -0.357942
v 0.312329 1.241275 -0.301524
v 0.330020 1.304298 -0.273586
v 0.312372 1.319941 -0.280898
v 0.333838 1.351303 -0.216019
v 0.336089 1.328930 -0.214336
v 0.310012 1.463115 -0.286523
v 0.292285 1.478867 -0.337543
v 0.289424 1.447947 -0.427767
v 0.296776 1.446113 -0.381415
v 0.256372 1.245899 -0.430411
v 0.275331 1.319969 -0.414951
v 0.305367 1.390344 -0.389674
v 0.266116 1.336054 -0.451701
v 0.208702 1.331749 -0.498658
v 0.185995 1.344278 -0.515716
v 0.175747 1.265835 -0.523150
v 0.143098 1.301548 -0.565879
v 0.160069 1.407677 -0.532283
v 0.111823 1.371717 -0.565560
v 0.201214 1.381347 -0.517896
v 0.120776 1.409772 -0.553192
v 0.002625 1.309157 -0.528906
v 0.051447 1.324379 -0.568607
v 0.104457 1.339956 -0.578348
v 0.083493 1.426765 -0.534575
v 0.033750 1.423083 -0.522907
v 0.313828 1.473226 0.124698
v 0.336793 1.435649 0.204503
v 0.316684 1.427333 0.182945
v 0.336793 1.435649 0.204503
v 0.313828 1.473226 0.124698
v 0.302498 1.469703 0.187445
v 0.267707 1.591576 0.201455
v 0.307039 1.542862 0.252202
v 0.284390 1.549565 0.228265
v 0.307039 1.542862 0.252202
v 0.267707 1.591576 0.201455
v 0.235916 1.589482 0.237865
v -0.137109 1.245424 0.501137
v -0.151824 1.217387 0.541401
v -0.147245 1.253520 0.460261
v -0.117659 1.272353 0.457921
v -0.032695 1.264158 0.531278
v -0.148629 1.263664 0.409877
v -0.175068 1.233201 0.462134
v -0.125205 1.213883 0.353301
v -0.117659 1.272353 0.457921
v -0.148629 1.263664 0.409877
v -0.145595 1.322865 0.363479
v -0.025802 1.545771 0.394286
v -0.091852 1.576247 0.444258
v -0.014707 1.543000 0.440086
v -0.060667 1.501518 0.404199
v -0.091852 1.576247 0.444258
v -0.025802 1.545771 0.394286
v -0.034103 1.489803 0.441117
v -0.091852 1.576247 0.444258
v -0.060667 1.501518 0.404199
v -0.014707 1.543000 0.440086
v -0.091852 1.576247 0.444258
v -0.034103 1.489803 0.441117
v -0.002368 1.597597 0.277689
v -0.077759 1.660620 0.331775
v 0.015826 1.610074 0.327980
v -0.038510 1.569617 0.301043
v -0.077759 1.660620 0.331775
v -0.002368 1.597597 0.277689
v -0.010049 1.573478 0.349808
v -0.077759 1.660620 0.331775
v -0.038510 1.569617 0.301043
v 0.015826 1.610074 0.327980
v -0.077759 1.660620 0.331775
v -0.010049 1.573478 0.349808
v 0.054099 1.552606 0.494495
v 0.103150 1.542063 0.504508
v 0.110723 1.551587 0.512160
v -0.086594 1.487950 0.212822
v -0.122181 1.436332 0.172953
v -0.130560 1.466814 0.229394
v -0.120290 1.486616 0.231810
v -0.067256 1.525472 0.198198
v -0.085347 1.543070 0.218443
v -0.202254 1.315033 0.224383
v -0.208984 1.395320 0.219688
v -0.182609 1.333161 0.174567
v -0.211100 1.340266 0.274195
v -0.203751 1.393969 0.294942
v -0.185000 1.444926 0.274200
v -0.165355 1.463053 0.224383
v -0.156518 1.437826 0.174567
v -0.163664 1.384023 0.153932
v -0.202254 1.315033 0.224383
v -0.181971 1.290220 0.228969
v -0.194875 1.323715 0.289604
v -0.211100 1.340266 0.274195
v -0.203751 1.393969 0.294942
v -0.180970 1.387547 0.318760
v -0.160272 1.452744 0.291397
v -0.185000 1.444926 0.274200
v -0.135685 1.475431 0.229050
v -0.165355 1.463053 0.224383
v -0.124625 1.443858 0.166702
v -0.156518 1.437826 0.174567
v -0.133569 1.376521 0.140876
v -0.163664 1.384023 0.153932
v -0.157279 1.312864 0.166702
v -0.182609 1.333161 0.174567
v -0.152937 1.270549 0.461766
v -0.149917 1.315503 0.431190
v -0.173940 1.255975 0.409057
v -0.071552 1.265369 0.538004
v 0.056583 1.342525 0.587418
v 0.056764 1.342299 0.571660
v 0.007943 1.327077 0.531959
v 0.097963 1.476096 0.503139
v 0.095783 1.506642 0.537109
v 0.045280 1.519026 0.514912
v 0.049028 1.505317 0.503459
v 0.015217 1.478116 0.474378
v 0.000594 1.473613 0.462766
v 0.039067 1.441003 0.525960
v 0.053159 1.452651 0.496104
v 0.088811 1.444685 0.537628
v 0.081652 1.455005 0.502507
v 0.114006 1.481512 0.523768
v -0.166634 1.319379 0.362163
v -0.172006 1.335966 0.373458
v -0.171201 1.384404 0.311479
v -0.185624 1.324410 0.284870
v -0.149917 1.315503 0.431190
v -0.173940 1.255975 0.409057
v -0.171201 1.384404 0.311479
v -0.151389 1.446529 0.286777
v -0.160272 1.452744 0.291397
v -0.180970 1.387547 0.318760
v -0.130560 1.466814 0.229394
v -0.135685 1.475431 0.229050
v -0.122181 1.436332 0.172953
v -0.124625 1.443858 0.166702
v -0.130409 1.374388 0.149196
v -0.133569 1.376521 0.140876
v -0.152219 1.315830 0.172953
v -0.157279 1.312864 0.166702
v -0.174957 1.295013 0.230211
v -0.181971 1.290220 0.228969
v -0.185624 1.324410 0.284870
v -0.194875 1.323715 0.289604
v -0.049693 1.564019 0.136463
v -0.067256 1.525472 0.198198
v -0.085347 1.543070 0.218443
v -0.085347 1.543070 0.218443
v -0.037225 1.555663 0.200134
v -0.049693 1.564019 0.136463
v 0.049436 1.645987 0.207991
v 0.017221 1.616166 0.236265
v -0.003927 1.620379 0.261514
v -0.003927 1.620379 0.261514
v 0.079405 1.628498 0.242551
v 0.049436 1.645987 0.207991
v 0.181024 1.701272 0.248553
v 0.181769 1.711302 0.207831
v 0.116324 1.683021 0.277230
v 0.231775 1.654241 0.273773
v 0.216463 1.688117 0.276848
v 0.181024 1.701272 0.248553
v 0.199809 1.758454 0.353633
v 0.145940 1.705697 0.278959
v 0.199809 1.758454 0.353633
v 0.179695 1.686646 0.302275
v 0.216463 1.688117 0.276848
v 0.145940 1.705697 0.278959
v 0.276429 1.142868 0.476539
v 0.277897 1.110899 0.512273
v 0.283056 1.146456 0.441862
v 0.265265 1.177125 0.441536
v 0.190196 1.208864 0.516737
v 0.276983 1.157466 0.396444
v 0.297471 1.115518 0.442974
v 0.274779 1.215720 0.348044
v 0.306957 1.168396 0.296353
v 0.311182 1.199465 0.276221
v 0.292640 1.158856 0.355005
v 0.302700 1.098414 0.373878
v 0.304756 1.139882 0.333345
v 0.301356 1.165793 0.315241
v 0.309368 1.141827 0.293297
v 0.311006 1.154391 0.273967
v 0.299565 1.087573 0.288248
v 0.308021 1.129191 0.313634
v 0.296801 1.082397 0.314283
v 0.306957 1.168396 0.296353
v 0.311182 1.199465 0.276221
v 0.311006 1.154391 0.273967
v 0.299565 1.087573 0.288248
v 0.308021 1.129191 0.313634
v 0.296801 1.082397 0.314283
v 0.301356 1.165793 0.315241
v 0.274779 1.215720 0.348044
v 0.276983 1.157466 0.396444
v 0.303235 1.095421 0.425546
v 0.304756 1.139882 0.333345
v 0.302700 1.098414 0.373878
v 0.303235 1.095421 0.425546
v 0.276983 1.157466 0.396444
v 0.313352 1.201385 0.167177
v 0.305032 1.121585 0.165434
v 0.305840 1.175122 0.224793
v 0.307455 1.201386 0.279629
v 0.291607 1.086032 0.249861
v 0.279686 1.035927 0.270663
v 0.299138 1.105423 0.222455
v 0.295217 1.062272 0.201054
v 0.276983 1.157466 0.396444
v 0.224716 1.124066 0.339908
v 0.274779 1.215720 0.348044
v 0.265265 1.177125 0.441536
v -0.071552 1.265369 0.538004
v -0.152937 1.270549 0.461766
v -0.117659 1.272353 0.457921
v -0.148629 1.263664 0.409877
v -0.173940 1.255975 0.409057
v -0.145595 1.322865 0.363479
v -0.166634 1.319379 0.362163
v -0.185624 1.324410 0.284870
v -0.032695 1.264158 0.531278
v 0.072824 1.216696 0.578843
v 0.070959 1.211228 0.596986
v 0.225216 1.192279 0.518767
v 0.289211 1.204260 0.348055
v 0.274779 1.215720 0.348044
v 0.311182 1.199465 0.276221
v 0.296066 1.138950 0.394771
v 0.276983 1.157466 0.396444
v 0.294343 1.159370 0.444638
v 0.265265 1.177125 0.441536
v 0.190196 1.208864 0.516736
v -0.037225 1.555663 0.200134
v -0.085347 1.543070 0.218443
v -0.003927 1.620379 0.261514
v 0.017221 1.616166 0.236265
v 0.181024 1.701272 0.248553
v 0.116324 1.683021 0.277230
v 0.145940 1.705697 0.278959
v 0.216463 1.688117 0.276848
v 0.231775 1.654241 0.273773
v 0.302498 1.469703 0.187445
v 0.284390 1.549565 0.228265
v 0.307039 1.542862 0.252202
v 0.336793 1.435649 0.204503
v 0.172033 1.665677 0.245805
v 0.079405 1.628498 0.242551
v 0.235916 1.589482 0.237865
v 0.302093 1.464033 0.384468
v 0.294741 1.465867 0.430820
v 0.378604 1.458972 0.430171
v 0.310684 1.408264 0.392727
v 0.302093 1.464033 0.384468
v 0.378604 1.458972 0.430171
v 0.286996 1.409790 0.431500
v 0.310684 1.408264 0.392727
v 0.378604 1.458972 0.430171
v 0.294741 1.465867 0.430820
v 0.286996 1.409790 0.431500
v 0.378604 1.458972 0.430171
v 0.296296 1.523145 0.268746
v 0.290201 1.541677 0.319764
v 0.396626 1.542366 0.317570
v 0.315329 1.481035 0.289575
v 0.296296 1.523145 0.268746
v 0.396626 1.542366 0.317570
v 0.297602 1.496787 0.340596
v 0.315329 1.481035 0.289575
v 0.396626 1.542366 0.317570
v 0.290201 1.541677 0.319764
v 0.297602 1.496787 0.340596
v 0.396626 1.542366 0.317570
v 0.243054 1.505503 0.488837
v 0.194140 1.530793 0.509662
v 0.195725 1.518987 0.501736
v 0.336793 1.435649 0.204503
v 0.307039 1.542862 0.252202
v 0.296296 1.523145 0.268746
v 0.201608 1.631686 0.317304
v 0.290201 1.541677 0.319764
v 0.227596 1.606851 0.359003
v 0.240083 1.578466 0.398899
v 0.164881 1.608163 0.412448
v 0.243054 1.505503 0.488837
v 0.156814 1.562637 0.488564
v 0.194140 1.530793 0.509662
v 0.170073 1.641861 0.338038
v 0.201608 1.631686 0.317304
v 0.231775 1.654241 0.273773
v 0.179695 1.686646 0.302275
v 0.116324 1.683021 0.277230
v 0.172347 1.655757 0.310438
v 0.145940 1.705697 0.278959
v 0.135848 1.648079 0.319273
v 0.216463 1.688117 0.276848
v 0.316684 1.427333 0.182945
v 0.336793 1.435649 0.204503
v 0.339155 1.369223 0.219072
v 0.316319 1.384061 0.195401
v 0.341406 1.346850 0.217388
v 0.334740 1.322069 0.161560
v 0.289211 1.204260 0.348055
v 0.311182 1.199465 0.276221
v 0.317646 1.259195 0.304576
v 0.302482 1.203520 0.417750
v 0.296066 1.138950 0.394771
v 0.302968 1.216924 0.360995
v 0.317646 1.259195 0.304576
v 0.323921 1.256621 0.309705
v 0.340387 1.323832 0.282135
v 0.324788 1.191701 0.275712
v 0.311182 1.199465 0.276221
v 0.335337 1.322218 0.276638
v 0.341406 1.346850 0.217388
v 0.349394 1.352538 0.218744
v 0.334740 1.322069 0.161560
v 0.350021 1.325749 0.154210
v 0.322182 1.262289 0.138920
v 0.342236 1.259247 0.126121
v 0.317122 1.199946 0.163482
v 0.330599 1.191986 0.150931
v 0.309446 1.173620 0.221391
v 0.321934 1.163368 0.214101
v 0.350698 1.177758 0.215649
v 0.357627 1.200625 0.165172
v 0.387837 1.248684 0.218586
v 0.350459 1.199216 0.267045
v 0.354600 1.252316 0.290711
v 0.365714 1.306040 0.269832
v 0.372644 1.328907 0.219355
v 0.366925 1.254367 0.145349
v 0.373145 1.307502 0.167792
v 0.354600 1.252316 0.290711
v 0.365714 1.306040 0.269832
v 0.340387 1.323832 0.282135
v 0.323921 1.256621 0.309705
v 0.324788 1.191701 0.275712
v 0.350459 1.199216 0.267045
v 0.350698 1.177758 0.215649
v 0.321934 1.163368 0.214101
v 0.357627 1.200625 0.165172
v 0.330599 1.191986 0.150931
v 0.366925 1.254367 0.145349
v 0.342236 1.259247 0.126121
v 0.373145 1.307502 0.167792
v 0.350021 1.325749 0.154210
v 0.372644 1.328907 0.219355
v 0.349394 1.352538 0.218744
v 0.149925 1.319260 0.584631
v 0.181064 1.283755 0.526203
v 0.148415 1.319468 0.568932
v 0.236734 1.471301 0.509179
v 0.226080 1.461186 0.498158
v 0.240762 1.421912 0.467627
v 0.169255 1.458325 0.501005
v 0.188250 1.483592 0.534341
v 0.250593 1.411317 0.455281
v 0.206531 1.399267 0.520949
v 0.197159 1.416764 0.491794
v 0.165386 1.425598 0.535336
v 0.173683 1.432068 0.499752
v 0.159337 1.470212 0.522410
v 0.095783 1.506642 0.537109
v 0.141725 1.494301 0.533678
v 0.146401 1.513230 0.532704
v 0.188250 1.483592 0.534341
v 0.280648 1.337890 0.418004
v 0.271433 1.353974 0.454754
v 0.251920 1.342870 0.449400
v 0.214019 1.349669 0.501711
v 0.210686 1.347616 0.492585
v 0.181064 1.283755 0.526203
v 0.114006 1.481512 0.523768
v 0.088811 1.444685 0.537628
v 0.136022 1.467077 0.558800
v 0.141725 1.494301 0.533678
v 0.095783 1.506642 0.537109
v 0.159337 1.470212 0.522410
v 0.165386 1.425598 0.535336
v 0.188250 1.483592 0.534341
v 0.195725 1.518987 0.501736
v 0.236734 1.471301 0.509179
v 0.243054 1.505503 0.488837
v 0.286996 1.409790 0.431500
v 0.250593 1.411317 0.455281
v 0.322182 1.262289 0.138920
v 0.317122 1.199946 0.163482
v 0.309446 1.173620 0.221391
v 0.334740 1.322069 0.161560
v 0.311182 1.199465 0.276221
v 0.316319 1.384061 0.195401
v 0.294343 1.159370 0.444638
v 0.296066 1.138950 0.394771
v 0.302482 1.203520 0.417750
v 0.225216 1.192279 0.518767
v 0.215005 1.204724 0.559074
v 0.174940 1.209652 0.601981
v 0.070959 1.211228 0.596986
v -0.017910 1.257710 0.610863
v -0.058042 1.272702 0.574418
v 0.235916 1.589482 0.237865
v 0.267707 1.591576 0.201455
v 0.284390 1.549565 0.228265
v 0.280432 1.526539 0.269578
v 0.161492 1.617703 0.278705
v 0.316319 1.384061 0.195401
v 0.302498 1.469703 0.187445
v 0.316684 1.427333 0.182945
v 0.313828 1.473226 0.124698
v 0.311182 1.199465 0.276221
v 0.097710 1.358244 0.299477
v -0.185624 1.324410 0.284870
v -0.086594 1.487950 0.212822
v 0.013263 1.593139 0.277578
v 0.079405 1.628498 0.242551
v 0.017221 1.616166 0.236265
v 0.049436 1.645987 0.207991
v -0.037225 1.555663 0.200134
v -0.067256 1.525472 0.198198
v -0.049693 1.564019 0.136463
v 0.172033 1.665677 0.245805
v -0.122181 1.436332 0.172953
v -0.086594 1.487950 0.212822
v -0.185624 1.324410 0.284870
v -0.174957 1.295013 0.230211
v -0.130409 1.374388 0.149196
v -0.152219 1.315830 0.172953
v 0.234660 1.060887 0.443631
v 0.227376 1.054428 0.361367
v 0.255140 1.070044 0.449278
v 0.225226 1.097829 0.536275
v 0.179769 1.083484 0.527260
v 0.049034 1.121963 0.572930
v -0.141987 1.154556 0.462437
v -0.155343 1.172169 0.469930
v -0.165165 1.155672 0.377073
v -0.113453 1.182163 0.561322
v -0.079132 1.148229 0.547177
v 0.054087 1.146100 0.591179
v 0.253534 1.146288 0.438136
v 0.224716 1.124066 0.339908
v 0.265265 1.177125 0.441536
v 0.225346 1.169352 0.516906
v 0.190196 1.208864 0.516736
v 0.072824 1.216696 0.578843
v -0.080869 1.244506 0.538549
v -0.032695 1.264158 0.531278
v -0.117659 1.272353 0.457921
v -0.118971 1.238975 0.456486
v -0.125205 1.213883 0.353301
v 0.007629 1.401163 0.507882
v 0.008861 1.397992 0.498621
v 0.007943 1.327077 0.531959
v -0.033125 1.413905 0.457934
v -0.044666 1.432743 0.464217
v -0.064472 1.424753 0.428543
v 0.313352 1.201385 0.167177
v 0.305840 1.175122 0.224793
v 0.305031 1.121585 0.165435
v 0.299138 1.105423 0.222455
v 0.295217 1.062272 0.201054
v 0.291607 1.086032 0.249861
v 0.307455 1.201386 0.279629
v 0.279686 1.035927 0.270663
v -0.148629 1.263664 0.409877
v -0.147245 1.253519 0.460261
v -0.117659 1.272353 0.457921
v -0.175068 1.233201 0.462134
v -0.137109 1.245424 0.501137
v -0.032695 1.264158 0.531278
v -0.151824 1.217387 0.541401
v -0.137109 1.245424 0.501137
v -0.068387 1.238774 0.550924
v -0.100207 1.211383 0.568828
v 0.007754 1.214166 0.573288
v 0.072823 1.216696 0.578843
v -0.016542 1.191256 0.588929
v -0.068387 1.238774 0.550924
v 0.007754 1.214166 0.573288
v 0.072824 1.216696 0.578843
v 0.060471 1.174100 0.616475
v 0.129591 1.183836 0.564861
v -0.137109 1.245424 0.501137
v 0.139691 1.152316 0.578446
v 0.210131 1.170243 0.530973
v 0.276429 1.142868 0.476539
v 0.224994 1.130945 0.545363
v 0.139691 1.152316 0.578446
v 0.129591 1.183836 0.564861
v 0.224994 1.130945 0.545363
v 0.276429 1.142868 0.476539
v 0.190196 1.208864 0.516737
v 0.283056 1.146456 0.441862
v 0.277897 1.110899 0.512273
v 0.276429 1.142868 0.476539
v 0.265265 1.177125 0.441536
v 0.276983 1.157466 0.396444
v 0.297471 1.115518 0.442974
v -0.079132 1.148229 0.547177
v -0.141987 1.154556 0.462437
v -0.125205 1.213883 0.353301
v -0.165165 1.155672 0.377073
v -0.145595 1.322865 0.363479
v -0.185624 1.324410 0.284870
v 0.097710 1.358244 0.299477
v 0.058303 1.152786 0.540396
v 0.049034 1.121963 0.572930
v 0.224716 1.124066 0.339908
v 0.234660 1.060887 0.443631
v 0.179769 1.083484 0.527260
v 0.227376 1.054428 0.361367
v 0.274779 1.215720 0.348044
v 0.311182 1.199465 0.276221
v -0.096209 1.224052 0.442864
v -0.118971 1.238975 0.456486
v -0.125205 1.213883 0.353301
v -0.063031 1.224302 0.533250
v -0.080869 1.244506 0.538549
v 0.072824 1.216696 0.578843
v 0.069438 1.201712 0.564731
v 0.201630 1.159333 0.513343
v 0.225346 1.169352 0.516906
v 0.253534 1.146288 0.438136
v 0.225808 1.144011 0.427211
v 0.224716 1.124066 0.339908
v -0.165165 1.155672 0.377073
v -0.155343 1.172169 0.469930
v -0.142431 1.183092 0.460464
v -0.113453 1.182163 0.561322
v -0.074409 1.197645 0.543681
v 0.060268 1.165925 0.567721
v 0.054087 1.146100 0.591179
v 0.225226 1.097829 0.536275
v 0.199199 1.130041 0.522457
v 0.248483 1.085850 0.441015
v 0.255140 1.070044 0.449278
v 0.227376 1.054428 0.361367
v 0.129471 1.436954 0.581034
v 0.146401 1.513230 0.532704
v 0.188250 1.483592 0.534341
v 0.095783 1.506642 0.537109
v 0.082635 1.446455 0.574891
v 0.174676 1.423511 0.572136
v 0.148415 1.319468 0.568932
v 0.056764 1.342299 0.571660
v 0.109775 1.357876 0.581401
v 0.095783 1.506642 0.537109
v 0.110723 1.551587 0.512160
v 0.103150 1.542063 0.504508
v 0.087736 1.446944 0.584029
v 0.082635 1.446455 0.574891
v 0.056583 1.342525 0.587418
v 0.056764 1.342299 0.571660
v 0.149925 1.319260 0.584631
v 0.148415 1.319468 0.568932
v 0.174676 1.423511 0.572136
v 0.171154 1.426150 0.581531
v 0.188250 1.483592 0.534341
v 0.194140 1.530793 0.509662
v 0.195725 1.518987 0.501736
v 0.110866 1.359510 0.597267
v 0.149925 1.319260 0.584631
v 0.171154 1.426150 0.581531
v 0.087736 1.446944 0.584029
v 0.056583 1.342525 0.587418
v 0.130344 1.438783 0.590712
v 0.194140 1.530793 0.509662
v 0.110723 1.551587 0.512160
v 0.149479 1.524977 0.536156
v -0.179636 1.278205 0.370700
v -0.145594 1.322865 0.363479
v -0.148629 1.263664 0.409877
v -0.193394 1.219250 0.441670
v -0.198743 1.295702 0.309121
v -0.185624 1.324410 0.284870
v -0.208744 1.226859 0.389064
v -0.201693 1.267575 0.349234
v -0.195061 1.291100 0.329994
v -0.207532 1.272076 0.307561
v -0.201234 1.283140 0.285935
v -0.221782 1.219909 0.301436
v -0.210036 1.259864 0.329332
v -0.223152 1.214739 0.329140
v -0.210036 1.259863 0.329332
v -0.207533 1.272076 0.307561
v -0.195061 1.291100 0.329994
v -0.198743 1.295702 0.309121
v -0.145594 1.322865 0.363479
v -0.185624 1.324410 0.284870
v -0.201234 1.283140 0.285935
v -0.221782 1.219909 0.301436
v -0.179636 1.278205 0.370700
v -0.193394 1.219250 0.441670
v -0.148629 1.263664 0.409877
v -0.208744 1.226859 0.389064
v -0.195100 1.228364 0.229358
v -0.200593 1.184587 0.208325
v -0.174649 1.239008 0.172448
v -0.174957 1.295013 0.230211
v -0.206829 1.211747 0.258986
v -0.185624 1.324410 0.284870
v -0.223072 1.164286 0.280865
v -0.152220 1.315830 0.172953
v -0.195100 1.228364 0.229358
v -0.174649 1.239008 0.172448
v -0.200593 1.184587 0.208325
v -0.185624 1.324410 0.284870
v -0.206829 1.211747 0.258986
v -0.223072 1.164286 0.280865
v -0.152220 1.315830 0.172953
v 0.069438 1.201712 0.564731
v -0.063031 1.224302 0.533250
v -0.074409 1.197645 0.543681
v -0.142431 1.183092 0.460464
v -0.096209 1.224052 0.442864
v -0.165165 1.155672 0.377073
v -0.125205 1.213883 0.353301
v 0.227376 1.054428 0.361367
v 0.224716 1.124066 0.339908
v 0.225808 1.144011 0.427211
v 0.248483 1.085850 0.441015
v 0.201630 1.159333 0.513343
v 0.199199 1.130041 0.522457
v 0.060268 1.165925 0.567721
v 0.007629 1.401163 0.507882
v 0.034917 1.401180 0.523451
v 0.000594 1.473613 0.462766
v -0.044666 1.432743 0.464217
v -0.034103 1.489803 0.441117
v -0.064472 1.424753 0.428543
v -0.060667 1.501518 0.404199
v -0.124172 1.386514 0.371671
v -0.025802 1.545771 0.394286
v -0.131126 1.454436 0.297746
v -0.010049 1.573478 0.349808
v -0.038510 1.569617 0.301043
v 0.103150 1.542063 0.504508
v 0.054099 1.552606 0.494495
v 0.045280 1.519026 0.514912
v 0.116324 1.683021 0.277230
v 0.181769 1.711302 0.207831
v 0.172033 1.665677 0.245805
v 0.231775 1.654241 0.273773
v 0.170073 1.641861 0.338038
v -0.014707 1.543000 0.440086
v 0.054099 1.552606 0.494495
v 0.083629 1.617467 0.403583
v 0.015826 1.610074 0.327980
v 0.135848 1.648079 0.319273
v -0.003927 1.620379 0.261514
v 0.104699 1.637487 0.362683
v -0.002368 1.597597 0.277689
v -0.085347 1.543070 0.218443
v -0.120290 1.486616 0.231810
v -0.130560 1.466814 0.229394
v -0.151389 1.446529 0.286777
v -0.171201 1.384404 0.311479
v -0.172006 1.335966 0.373458
v -0.149917 1.315503 0.431190
v -0.085835 1.351373 0.444541
v -0.085835 1.351373 0.444541
v -0.074696 1.341163 0.465715
v -0.105313 1.331927 0.467023
v -0.123242 1.302077 0.496645
v -0.103916 1.294956 0.531852
v 0.007943 1.327077 0.531959
v -0.045760 1.309148 0.548554
v -0.058042 1.272702 0.574418
v 0.024413 1.288426 0.594286
v 0.056583 1.342525 0.587418
v 0.096655 1.301476 0.609666
v 0.110866 1.359510 0.597267
v 0.149925 1.319260 0.584631
v 0.152181 1.256571 0.589091
v 0.181064 1.283755 0.526203
v 0.094575 1.288428 0.639712
v -0.017910 1.257710 0.610863
v 0.220342 1.242646 0.536922
v 0.265488 1.203330 0.513467
v 0.215005 1.204724 0.559074
v 0.174940 1.209652 0.601981
v 0.284152 1.200803 0.479989
v 0.254862 1.258828 0.455860
v 0.277809 1.236486 0.455592
v 0.302482 1.203520 0.417750
v 0.261689 1.263820 0.433464
v 0.284856 1.280754 0.357467
v 0.302968 1.216924 0.360995
v 0.317646 1.259195 0.304576
v 0.335337 1.322218 0.276638
v 0.317689 1.337861 0.283950
v 0.339155 1.369223 0.219072
v 0.341406 1.346850 0.217388
v 0.315329 1.481035 0.289575
v 0.297602 1.496787 0.340596
v 0.294741 1.465867 0.430820
v 0.302093 1.464033 0.384468
v 0.261689 1.263820 0.433464
v 0.280648 1.337890 0.418004
v 0.310684 1.408264 0.392727
v 0.271433 1.353974 0.454754
v 0.214019 1.349669 0.501711
v 0.191312 1.362198 0.518769
v 0.181064 1.283755 0.526203
v 0.148415 1.319468 0.568932
v 0.165386 1.425598 0.535336
v 0.117140 1.389637 0.568613
v 0.206531 1.399267 0.520949
v 0.126094 1.427692 0.556245
v 0.007943 1.327077 0.531959
v 0.056764 1.342299 0.571660
v 0.109775 1.357876 0.581401
v 0.088811 1.444685 0.537628
v 0.039067 1.441003 0.525960
v 0.110723 1.551587 0.512160
vn 0.656806 -0.138638 0.741205
vn 0.952844 0.150849 0.263312
vn 0.277144 -0.492783 0.824837
vn 0.952844 0.150849 0.263312
vn 0.656806 -0.138638 0.741205
vn 0.349366 0.751770 0.559271
vn 0.540593 0.033434 0.840620
vn 0.882706 0.457528 0.107230
vn 0.329530 -0.088310 0.940006
vn 0.882706 0.457528 0.107230
vn 0.540593 0.033434 0.840620
vn 0.261019 0.578626 0.772698
vn -0.683271 -0.113878 0.721230
vn -0.704847 -0.305434 0.640236
vn -0.809268 -0.581661 -0.082191
vn -0.641359 -0.665645 -0.381542
vn -0.603828 -0.427232 -0.672951
vn -0.391696 -0.919127 0.042183
vn 0.728088 0.404493 -0.553420
vn -0.877335 -0.479867 0.003247
vn -0.641359 -0.665645 -0.381542
vn -0.391696 -0.919127 0.042183
vn -0.356387 -0.663947 0.657391
vn -0.428862 0.832406 0.350966
vn -0.718581 0.534214 -0.445260
vn -0.071190 0.752710 -0.654492
vn -0.998070 0.037329 0.049623
vn -0.718581 0.534214 -0.445260
vn -0.428862 0.832406 0.350966
vn -0.553827 -0.108017 -0.825595
vn -0.718581 0.534214 -0.445260
vn -0.998070 0.037329 0.049623
vn -0.071190 0.752710 -0.654492
vn -0.718581 0.534214 -0.445260
vn -0.553827 -0.108017 -0.825595
vn -0.191622 0.524713 0.829432
vn -0.634038 0.751713 -0.181446
vn 0.118185 0.943043 -0.310970
vn -0.989202 0.106239 0.100956
vn -0.634038 0.751713 -0.181446
vn -0.191622 0.524713 0.829432
vn -0.549276 0.279089 -0.787658
vn -0.634038 0.751713 -0.181446
vn -0.989202 0.106239 0.100956
vn 0.118185 0.943043 -0.310970
vn -0.634038 0.751713 -0.181446
vn -0.549276 0.279089 -0.787658
vn -0.369855 0.354473 -0.858811
vn -0.447325 0.396492 -0.801683
vn -0.447325 0.396492 -0.801683
vn 0.603335 -0.442631 0.663374
vn 0.711041 0.525541 0.467148
vn 0.028549 0.997612 0.062887
vn -0.790890 0.460840 0.402640
vn -0.360229 -0.436174 0.824613
vn -0.768254 0.570672 0.290032
vn -0.907984 -0.385390 0.164440
vn -0.932839 0.232537 0.275206
vn -0.764669 -0.264729 0.587537
vn -0.955934 -0.204736 -0.210413
vn -0.887239 0.220563 -0.405167
vn -0.727617 0.665670 -0.165700
vn -0.594855 0.752903 0.281575
vn -0.552214 0.508491 0.660679
vn -0.619551 0.099498 0.778625
vn -0.907984 -0.385390 0.164440
vn 0.389663 -0.916427 -0.091240
vn 0.166724 -0.951437 -0.258786
vn -0.955934 -0.204736 -0.210413
vn -0.887239 0.220563 -0.405167
vn -0.382501 0.101294 -0.918386
vn 0.068426 0.674998 -0.734639
vn -0.727617 0.665670 -0.165700
vn 0.028549 0.997612 0.062887
vn -0.594855 0.752903 0.281575
vn 0.711041 0.525541 0.467148
vn -0.552214 0.508491 0.660679
vn 0.841497 -0.179621 0.509529
vn -0.619551 0.099498 0.778625
vn 0.644019 -0.677656 0.354996
vn -0.764669 -0.264729 0.587537
vn -0.697829 -0.644245 -0.313023
vn -0.873617 0.348282 -0.339843
vn -0.986456 -0.163987 -0.003547
vn -0.325275 -0.945462 -0.017261
vn -0.674671 0.643901 -0.360848
vn -0.674671 0.643901 -0.360848
vn -0.682777 0.629992 -0.370036
vn -0.608375 -0.433416 -0.664853
vn -0.502765 -0.230831 -0.833033
vn -0.456140 -0.117338 -0.882138
vn -0.252482 -0.660080 -0.707494
vn -0.339395 0.082869 -0.936987
vn -0.596558 0.131095 -0.791791
vn -0.431398 0.481701 -0.762797
vn 0.002495 0.930224 -0.366984
vn -0.401209 0.579171 -0.709642
vn -0.559902 0.740883 -0.370946
vn -0.654113 0.261748 -0.709665
vn -0.641243 -0.716463 0.274750
vn -0.941600 0.178924 -0.285263
vn -0.382501 0.101294 -0.918386
vn 0.166724 -0.951437 -0.258786
vn -0.873617 0.348282 -0.339843
vn -0.986456 -0.163987 -0.003547
vn -0.382501 0.101294 -0.918386
vn 0.068426 0.674998 -0.734639
vn 0.068426 0.674998 -0.734639
vn -0.382501 0.101294 -0.918386
vn 0.028549 0.997612 0.062887
vn 0.028549 0.997612 0.062887
vn 0.711041 0.525541 0.467148
vn 0.711041 0.525541 0.467148
vn 0.841497 -0.179621 0.509529
vn 0.841497 -0.179621 0.509529
vn 0.644019 -0.677656 0.354996
vn 0.644019 -0.677656 0.354996
vn 0.389663 -0.916427 -0.091240
vn 0.389663 -0.916427 -0.091240
vn 0.166724 -0.951437 -0.258786
vn 0.166724 -0.951437 -0.258786
vn -0.532633 -0.082483 0.842318
vn -0.360229 -0.436174 0.824613
vn -0.768254 0.570672 0.290032
vn -0.768254 0.570672 0.290032
vn 0.061407 0.831850 0.551593
vn -0.532633 -0.082483 0.842318
vn -0.518389 0.299603 0.800944
vn -0.397506 0.089740 0.913201
vn -0.567480 0.821450 0.056449
vn -0.567480 0.821450 0.056449
vn -0.004608 0.648360 0.761320
vn -0.518389 0.299603 0.800944
vn 0.210331 0.896833 0.389167
vn 0.103662 0.523990 0.845393
vn -0.587789 0.802689 -0.100968
vn 0.899577 0.434426 -0.045117
vn 0.959081 0.244730 -0.142374
vn 0.210331 0.896833 0.389167
vn 0.189327 0.649919 -0.736044
vn -0.717742 0.665607 -0.204485
vn 0.189327 0.649919 -0.736044
vn -0.005181 -0.153650 -0.988112
vn 0.959081 0.244730 -0.142374
vn -0.717742 0.665607 -0.204485
vn 0.111552 0.948191 0.297472
vn -0.348626 0.734604 -0.582080
vn -0.390383 0.889206 0.238567
vn 0.292615 -0.891469 -0.345919
vn 0.361992 -0.680364 -0.637234
vn -0.047489 -0.997055 0.060219
vn 0.193942 -0.477928 0.856721
vn -0.018410 -0.672551 0.739822
vn 0.000000 -0.816968 -0.576683
vn -0.514362 -0.829175 -0.218860
vn -0.498440 0.849224 -0.174290
vn 0.465690 -0.232845 0.853766
vn -0.331295 0.883452 0.331295
vn -0.130355 -0.469277 -0.873377
vn 0.126033 -0.560360 -0.818604
vn -0.055071 -0.853599 0.518011
vn -0.177917 -0.806982 0.563140
vn -0.055973 -0.091655 -0.994216
vn 0.154624 0.301110 -0.940970
vn 0.000000 -0.816968 -0.576683
vn -0.514362 -0.829175 -0.218860
vn -0.055071 -0.853599 0.518011
vn -0.177917 -0.806982 0.563140
vn -0.055973 -0.091655 -0.994216
vn 0.154624 0.301110 -0.940970
vn -0.130355 -0.469277 -0.873377
vn -0.018410 -0.672551 0.739822
vn -0.047489 -0.997055 0.060219
vn -0.602712 0.631413 -0.487910
vn -0.331295 0.883452 0.331295
vn 0.465690 -0.232845 0.853766
vn -0.602712 0.631413 -0.487910
vn -0.047489 -0.997055 0.060219
vn -0.898109 -0.168384 0.406259
vn 0.120756 0.150944 0.981139
vn -0.935444 -0.341768 0.090220
vn -0.514362 -0.829175 -0.218860
vn -0.154346 -0.163993 -0.974312
vn -0.147934 0.073967 -0.986227
vn -0.124020 -0.868139 0.480577
vn 0.066593 0.899002 -0.432853
vn -0.047489 -0.997055 0.060219
vn 0.560467 -0.809787 0.173556
vn -0.018410 -0.672551 0.739822
vn 0.292615 -0.891469 -0.345919
vn -0.325275 -0.945462 -0.017261
vn -0.697829 -0.644245 -0.313023
vn -0.641359 -0.665645 -0.381542
vn -0.391696 -0.919127 0.042183
vn -0.986456 -0.163987 -0.003547
vn -0.356387 -0.663947 0.657391
vn -0.641243 -0.716463 0.274750
vn 0.166724 -0.951437 -0.258786
vn -0.603828 -0.427232 -0.672951
vn -0.105007 -0.628274 -0.770873
vn -0.246178 -0.968035 0.048004
vn -0.148469 -0.988861 -0.010499
vn 0.279060 -0.868893 0.408841
vn -0.018410 -0.672551 0.739822
vn -0.514362 -0.829175 -0.218860
vn 0.811187 -0.501631 0.300571
vn -0.047489 -0.997055 0.060219
vn 0.394224 -0.894827 -0.209455
vn 0.292615 -0.891469 -0.345919
vn 0.361992 -0.680364 -0.637234
vn 0.061407 0.831850 0.551593
vn -0.768254 0.570672 0.290032
vn -0.567480 0.821450 0.056449
vn -0.397506 0.089740 0.913201
vn 0.210331 0.896833 0.389167
vn -0.587789 0.802689 -0.100968
vn -0.717742 0.665607 -0.204485
vn 0.959081 0.244730 -0.142374
vn 0.899577 0.434426 -0.045117
vn 0.349366 0.751770 0.559271
vn 0.329530 -0.088310 0.940006
vn 0.882706 0.457528 0.107230
vn 0.952844 0.150849 0.263312
vn -0.087255 -0.225772 0.970265
vn -0.004608 0.648360 0.761320
vn 0.261019 0.578626 0.772698
vn 0.749856 0.490388 0.444113
vn 0.456312 0.624038 -0.634316
vn 0.922202 0.107453 -0.371480
vn 0.860800 -0.464072 0.208952
vn 0.749856 0.490388 0.444113
vn 0.922202 0.107453 -0.371480
vn 0.498254 -0.378053 -0.780268
vn 0.860800 -0.464072 0.208952
vn 0.922202 0.107453 -0.371480
vn 0.456312 0.624038 -0.634316
vn 0.498254 -0.378053 -0.780268
vn 0.922202 0.107453 -0.371480
vn 0.369380 0.377513 0.849142
vn 0.356477 0.884857 -0.299920
vn 0.928464 0.355651 -0.107081
vn 0.895397 -0.421975 0.142129
vn 0.369380 0.377513 0.849142
vn 0.928464 0.355651 -0.107081
vn 0.680246 -0.055018 -0.730916
vn 0.895397 -0.421975 0.142129
vn 0.928464 0.355651 -0.107081
vn 0.356477 0.884857 -0.299920
vn 0.680246 -0.055018 -0.730916
vn 0.928464 0.355651 -0.107081
vn 0.546678 0.129118 -0.827328
vn 0.632385 0.130546 -0.763575
vn 0.632385 0.130546 -0.763575
vn 0.952844 0.150849 0.263312
vn 0.882706 0.457528 0.107230
vn 0.369380 0.377513 0.849142
vn 0.659805 0.566458 -0.493743
vn 0.356477 0.884857 -0.299920
vn 0.597355 0.770603 -0.222122
vn 0.707773 0.596635 -0.378265
vn 0.254961 0.805812 -0.534474
vn 0.546678 0.129118 -0.827328
vn 0.232383 0.880844 -0.412447
vn 0.632385 0.130546 -0.763575
vn 0.230419 0.869808 -0.436280
vn 0.659805 0.566458 -0.493743
vn 0.899577 0.434426 -0.045117
vn -0.005181 -0.153650 -0.988112
vn -0.587789 0.802689 -0.100968
vn 0.179061 0.621050 -0.763043
vn -0.717742 0.665607 -0.204485
vn -0.285737 0.798372 -0.530053
vn 0.959081 0.244730 -0.142374
vn 0.277144 -0.492783 0.824837
vn 0.952844 0.150849 0.263312
vn 0.963245 0.035386 0.266285
vn -0.662834 -0.091951 0.743099
vn 0.397062 0.917792 0.000434
vn -0.374755 0.745954 0.550556
vn 0.279060 -0.868893 0.408841
vn -0.514362 -0.829175 -0.218860
vn 0.303351 -0.081030 -0.949427
vn 0.999701 0.001247 -0.024403
vn 0.811187 -0.501631 0.300571
vn 0.978943 -0.201253 -0.034158
vn 0.303351 -0.081030 -0.949427
vn 0.303351 -0.081030 -0.949427
vn -0.001880 0.685602 -0.727974
vn -0.514362 -0.829175 -0.218860
vn -0.514362 -0.829175 -0.218860
vn -0.001880 0.685602 -0.727974
vn 0.397062 0.917792 0.000434
vn 0.397062 0.917792 0.000434
vn -0.374755 0.745954 0.550556
vn 0.151826 0.698220 0.699598
vn -0.854584 0.166702 0.491830
vn 0.011198 0.022305 0.999689
vn -0.898109 -0.168384 0.406259
vn -0.140228 -0.658973 0.738979
vn -0.935444 -0.341768 0.090220
vn -0.074405 -0.996706 -0.032279
vn 0.690314 -0.715901 -0.104657
vn 0.738382 -0.571362 0.358241
vn 0.986608 -0.146662 -0.071382
vn 0.679282 -0.541813 -0.494990
vn 0.732100 -0.128593 -0.668950
vn 0.830555 0.317249 -0.457745
vn 0.886250 0.463114 -0.009313
vn 0.808002 -0.162335 0.566374
vn 0.871936 0.262015 0.413614
vn 0.732100 -0.128593 -0.668950
vn 0.830555 0.317249 -0.457745
vn -0.001880 0.685602 -0.727974
vn 0.303351 -0.081030 -0.949427
vn -0.514362 -0.829175 -0.218860
vn 0.679282 -0.541813 -0.494990
vn 0.690314 -0.715901 -0.104657
vn -0.074405 -0.996706 -0.032279
vn 0.738382 -0.571362 0.358241
vn -0.140228 -0.658973 0.738979
vn 0.808002 -0.162335 0.566374
vn 0.011198 0.022305 0.999689
vn 0.871936 0.262015 0.413614
vn 0.151826 0.698220 0.699598
vn 0.886250 0.463114 -0.009313
vn 0.397062 0.917792 0.000434
vn 0.922840 0.243286 -0.298627
vn 0.923671 0.220636 -0.313291
vn 0.922840 0.243286 -0.298627
vn 0.401792 -0.331803 -0.853504
vn -0.047040 -0.712852 -0.699735
vn 0.395880 -0.100864 -0.912746
vn 0.374130 -0.682453 -0.627921
vn 0.387577 -0.454793 -0.801840
vn 0.639600 -0.176964 -0.748061
vn 0.656482 0.211635 -0.724046
vn 0.455720 0.819224 -0.348125
vn 0.671249 0.315858 -0.670566
vn 0.867121 0.388499 -0.311720
vn 0.749261 -0.084968 -0.656802
vn -0.502765 -0.230831 -0.833033
vn 0.034604 0.014168 -0.999301
vn 0.040763 0.040844 -0.998334
vn 0.387577 -0.454793 -0.801840
vn 0.698645 -0.563917 -0.440333
vn 0.643882 -0.433058 -0.630774
vn 0.273751 -0.897644 -0.345393
vn 0.669751 -0.644182 -0.369408
vn 0.669751 -0.644182 -0.369408
vn 0.923671 0.220636 -0.313291
vn -0.654113 0.261748 -0.709665
vn -0.401209 0.579171 -0.709642
vn 0.182440 0.621865 -0.761577
vn 0.034604 0.014168 -0.999301
vn -0.502765 -0.230831 -0.833033
vn 0.749261 -0.084968 -0.656802
vn 0.671249 0.315858 -0.670566
vn 0.387577 -0.454793 -0.801840
vn 0.632385 0.130546 -0.763575
vn 0.401792 -0.331803 -0.853504
vn 0.546678 0.129118 -0.827328
vn 0.498254 -0.378053 -0.780268
vn 0.639600 -0.176964 -0.748061
vn -0.854584 0.166702 0.491830
vn -0.898109 -0.168384 0.406259
vn -0.935444 -0.341768 0.090220
vn -0.374755 0.745954 0.550556
vn -0.514362 -0.829175 -0.218860
vn -0.662834 -0.091951 0.743099
vn 0.394224 -0.894827 -0.209455
vn 0.811187 -0.501631 0.300571
vn 0.999701 0.001247 -0.024403
vn -0.148469 -0.988861 -0.010499
vn 0.593687 -0.297308 -0.747760
vn 0.653837 -0.381613 -0.653352
vn -0.246178 -0.968035 0.048004
vn -0.690050 -0.043307 -0.722465
vn -0.591942 -0.003246 -0.805974
vn 0.261019 0.578626 0.772698
vn 0.540593 0.033434 0.840620
vn 0.329530 -0.088310 0.940006
vn 0.369380 0.377513 0.849142
vn -0.147410 -0.483656 0.862756
vn -0.662834 -0.091951 0.743099
vn 0.349366 0.751770 0.559271
vn 0.277144 -0.492783 0.824837
vn 0.656806 -0.138638 0.741205
vn -0.514362 -0.829175 -0.218860
vn -0.125400 -0.386167 0.913865
vn 0.166724 -0.951437 -0.258786
vn 0.603335 -0.442631 0.663374
vn -0.191622 0.524713 0.829432
vn -0.004608 0.648360 0.761320
vn -0.397506 0.089740 0.913201
vn -0.518389 0.299603 0.800944
vn 0.061407 0.831850 0.551593
vn -0.360229 -0.436174 0.824613
vn -0.532633 -0.082483 0.842318
vn -0.087255 -0.225772 0.970265
vn 0.711041 0.525541 0.467148
vn 0.603335 -0.442631 0.663374
vn 0.166724 -0.951437 -0.258786
vn 0.389663 -0.916427 -0.091240
vn 0.841497 -0.179621 0.509529
vn 0.644019 -0.677656 0.354996
vn -0.445268 -0.888936 -0.107378
vn 0.885192 -0.381388 0.266417
vn 0.911534 -0.401873 -0.087202
vn 0.616737 -0.119768 -0.778004
vn -0.269565 -0.959190 -0.085381
vn -0.237870 -0.969451 -0.059849
vn -0.036128 -0.999325 -0.006706
vn -0.964514 0.093734 -0.246834
vn -0.992963 0.117535 0.014513
vn -0.537175 0.168894 -0.826389
vn -0.181686 -0.981305 -0.063481
vn 0.089301 0.085555 -0.992323
vn 0.600525 -0.769953 -0.215736
vn 0.560467 -0.809787 0.173556
vn 0.292615 -0.891469 -0.345919
vn 0.594566 -0.315595 -0.739521
vn 0.361992 -0.680364 -0.637234
vn -0.105007 -0.628274 -0.770873
vn -0.624931 -0.025155 -0.780274
vn -0.603828 -0.427232 -0.672951
vn -0.641359 -0.665645 -0.381542
vn -0.849073 -0.446459 -0.282401
vn -0.877335 -0.479867 0.003247
vn -0.864576 -0.260220 -0.429876
vn -0.864576 -0.260220 -0.429876
vn -0.682777 0.629992 -0.370036
vn -0.638034 -0.667164 -0.384453
vn -0.720832 -0.089623 -0.687291
vn -0.798745 -0.157195 -0.580771
vn -0.898109 -0.168384 0.406259
vn -0.935444 -0.341768 0.090220
vn 0.120756 0.150944 0.981139
vn -0.124020 -0.868139 0.480577
vn 0.066593 0.899002 -0.432853
vn -0.154346 -0.163993 -0.974312
vn -0.514362 -0.829175 -0.218860
vn -0.147934 0.073967 -0.986227
vn -0.391696 -0.919127 0.042183
vn -0.809268 -0.581661 -0.082191
vn -0.641359 -0.665645 -0.381542
vn 0.728088 0.404493 -0.553420
vn -0.683271 -0.113878 0.721230
vn -0.603828 -0.427232 -0.672951
vn -0.704847 -0.305434 0.640236
vn -0.683271 -0.113878 0.721230
vn 0.669227 0.600938 0.437046
vn 0.658019 -0.238324 -0.714292
vn -0.958905 0.089722 0.269166
vn -0.105007 -0.628274 -0.770873
vn -0.030246 -0.590758 -0.806282
vn 0.669227 0.600938 0.437046
vn -0.958905 0.089722 0.269166
vn -0.105007 -0.628274 -0.770873
vn -0.117811 -0.872583 -0.474046
vn 0.433289 -0.866578 -0.247594
vn -0.683271 -0.113878 0.721230
vn 0.000000 0.000000 0.000000
vn 0.630081 -0.004875 0.776514
vn 0.111552 0.948191 0.297472
vn 0.652717 -0.026109 0.757152
vn 0.000000 0.000000 0.000000
vn 0.433289 -0.866578 -0.247594
vn 0.652717 -0.026109 0.757152
vn 0.111552 0.948191 0.297472
vn 0.361992 -0.680364 -0.637234
vn -0.390383 0.889206 0.238567
vn -0.348626 0.734604 -0.582080
vn 0.111552 0.948191 0.297472
vn 0.292615 -0.891469 -0.345919
vn -0.047489 -0.997055 0.060219
vn 0.193942 -0.477928 0.856721
vn -0.181686 -0.981305 -0.063481
vn -0.036128 -0.999325 -0.006706
vn -0.877335 -0.479867 0.003247
vn -0.992963 0.117535 0.014513
vn -0.356387 -0.663947 0.657391
vn 0.166724 -0.951437 -0.258786
vn -0.125400 -0.386167 0.913865
vn -0.234110 -0.789370 0.567527
vn -0.237870 -0.969451 -0.059849
vn 0.560467 -0.809787 0.173556
vn -0.445268 -0.888936 -0.107378
vn -0.269565 -0.959190 -0.085381
vn 0.885192 -0.381388 0.266417
vn -0.018410 -0.672551 0.739822
vn -0.514362 -0.829175 -0.218860
vn -0.954117 -0.131714 -0.268909
vn -0.849073 -0.446459 -0.282401
vn -0.877335 -0.479867 0.003247
vn -0.652218 -0.059694 -0.755677
vn -0.624931 -0.025155 -0.780274
vn -0.105007 -0.628274 -0.770873
vn 0.001180 -0.262859 -0.964834
vn 0.598686 -0.370363 -0.710216
vn 0.594566 -0.315595 -0.739521
vn 0.600525 -0.769953 -0.215736
vn 0.790414 -0.602220 -0.112144
vn 0.560467 -0.809787 0.173556
vn -0.992963 0.117535 0.014513
vn -0.964514 0.093734 -0.246834
vn -0.612970 0.775703 -0.150174
vn -0.537175 0.168894 -0.826389
vn -0.274809 0.670621 -0.689019
vn 0.162184 0.403114 -0.900664
vn 0.089301 0.085555 -0.992323
vn 0.616737 -0.119768 -0.778004
vn 0.623244 0.417305 -0.661380
vn 0.929709 0.365400 -0.046082
vn 0.911534 -0.401873 -0.087202
vn 0.885192 -0.381388 0.266417
vn 0.220388 0.916719 0.333248
vn 0.040763 0.040844 -0.998334
vn 0.387577 -0.454793 -0.801840
vn -0.502765 -0.230831 -0.833033
vn -0.850605 0.359234 -0.383956
vn 0.946456 -0.087096 -0.310861
vn 0.922840 0.243286 -0.298627
vn -0.674671 0.643901 -0.360848
vn 0.103172 0.295253 -0.949832
vn -0.502765 -0.230831 -0.833033
vn -0.447325 0.396492 -0.801683
vn -0.447325 0.396492 -0.801683
vn -0.850605 0.359234 -0.383956
vn -0.850605 0.359234 -0.383956
vn -0.674671 0.643901 -0.360848
vn -0.674671 0.643901 -0.360848
vn 0.922840 0.243286 -0.298627
vn 0.922840 0.243286 -0.298627
vn 0.946456 -0.087096 -0.310861
vn 0.946456 -0.087096 -0.310861
vn 0.387577 -0.454793 -0.801840
vn 0.632385 0.130546 -0.763575
vn 0.632385 0.130546 -0.763575
vn 0.103172 0.295253 -0.949832
vn 0.922840 0.243286 -0.298627
vn 0.946456 -0.087096 -0.310861
vn -0.850605 0.359234 -0.383956
vn -0.674671 0.643901 -0.360848
vn 0.220388 0.916719 0.333248
vn 0.632385 0.130546 -0.763575
vn -0.447325 0.396492 -0.801683
vn 0.040763 0.040844 -0.998334
vn 0.666667 0.666667 0.333333
vn -0.356387 -0.663947 0.657391
vn -0.391696 -0.919127 0.042183
vn 0.722897 0.562254 0.401610
vn -0.532104 -0.608119 0.589115
vn 0.166724 -0.951437 -0.258786
vn 0.000000 0.000000 0.000000
vn 0.510889 0.853650 -0.101360
vn -0.522976 -0.849837 -0.065372
vn -0.127288 -0.540975 -0.831351
vn -0.077447 0.096808 -0.992285
vn -0.044677 0.178707 -0.982888
vn 0.000000 -0.234641 -0.972082
vn 0.154155 0.402233 -0.902466
vn 0.000000 -0.234641 -0.972082
vn -0.127288 -0.540975 -0.831351
vn -0.522976 -0.849837 -0.065372
vn -0.532104 -0.608119 0.589115
vn -0.356387 -0.663947 0.657391
vn 0.166724 -0.951437 -0.258786
vn -0.077447 0.096808 -0.992285
vn -0.044677 0.178707 -0.982888
vn 0.666667 0.666667 0.333333
vn 0.722897 0.562254 0.401610
vn -0.391696 -0.919127 0.042183
vn 0.000000 0.000000 0.000000
vn 0.000000 -1.000000 0.000000
vn 0.408248 0.408248 -0.816497
vn 0.000000 0.000000 0.000000
vn 0.389663 -0.916427 -0.091240
vn 0.000000 -0.447214 0.894427
vn 0.166724 -0.951437 -0.258786
vn 0.000000 0.000000 0.000000
vn 0.644019 -0.677656 0.354996
vn 0.000000 -1.000000 0.000000
vn 0.000000 0.000000 0.000000
vn 0.408248 0.408248 -0.816497
vn 0.166724 -0.951437 -0.258786
vn 0.000000 -0.447214 0.894427
vn 0.000000 0.000000 0.000000
vn 0.644019 -0.677656 0.354996
vn 0.001180 -0.262859 -0.964834
vn -0.652218 -0.059694 -0.755677
vn -0.274809 0.670621 -0.689019
vn -0.612970 0.775703 -0.150174
vn -0.954117 -0.131714 -0.268909
vn -0.992963 0.117535 0.014513
vn -0.877335 -0.479867 0.003247
vn 0.885192 -0.381388 0.266417
vn 0.560467 -0.809787 0.173556
vn 0.790414 -0.602220 -0.112144
vn 0.929709 0.365400 -0.046082
vn 0.598686 -0.370363 -0.710216
vn 0.623244 0.417305 -0.661380
vn 0.162184 0.403114 -0.900664
vn -0.864576 -0.260220 -0.429876
vn -0.552683 0.253868 -0.793784
vn -0.596558 0.131095 -0.791791
vn -0.720832 -0.089623 -0.687291
vn -0.553827 -0.108017 -0.825595
vn -0.798745 -0.157195 -0.580771
vn -0.998070 0.037329 0.049623
vn -0.731387 0.520109 -0.441089
vn -0.428862 0.832406 0.350966
vn -0.726810 0.595689 -0.341911
vn -0.549276 0.279089 -0.787658
vn -0.989202 0.106239 0.100956
vn -0.447325 0.396492 -0.801683
vn -0.369855 0.354473 -0.858811
vn -0.456140 -0.117338 -0.882138
vn -0.587789 0.802689 -0.100968
vn 0.103662 0.523990 0.845393
vn -0.087255 -0.225772 0.970265
vn 0.899577 0.434426 -0.045117
vn 0.230419 0.869808 -0.436280
vn -0.071190 0.752710 -0.654492
vn -0.369855 0.354473 -0.858811
vn -0.391514 0.826352 -0.404795
vn 0.118185 0.943043 -0.310970
vn -0.285737 0.798372 -0.530053
vn -0.567480 0.821450 0.056449
vn -0.218163 0.959509 -0.178177
vn -0.447325 0.396492 -0.801683
vn -0.191622 0.524713 0.829432
vn -0.768254 0.570672 0.290032
vn -0.790890 0.460840 0.402640
vn 0.028549 0.997612 0.062887
vn 0.068426 0.674998 -0.734639
vn -0.382501 0.101294 -0.918386
vn -0.941600 0.178924 -0.285263
vn -0.873617 0.348282 -0.339843
vn -0.634426 0.510848 -0.580119
vn -0.634426 0.510848 -0.580119
vn -0.341093 0.841282 -0.419405
vn -0.263620 0.916541 -0.300762
vn -0.309517 0.796036 -0.520121
vn -0.313811 0.884930 -0.344125
vn -0.682777 0.629992 -0.370036
vn -0.114118 0.837057 -0.535083
vn -0.591942 -0.003246 -0.805974
vn -0.373951 0.691584 -0.617958
vn -0.674671 0.643901 -0.360848
vn 0.144921 0.453269 -0.879514
vn 0.103172 0.295253 -0.949832
vn 0.922840 0.243286 -0.298627
vn 0.708002 0.402808 -0.580068
vn 0.923671 0.220636 -0.313291
vn 0.231286 0.826249 -0.513633
vn -0.690050 -0.043307 -0.722465
vn 0.522898 0.644929 -0.557355
vn 0.706054 0.622826 -0.337009
vn 0.593687 -0.297308 -0.747760
vn 0.653837 -0.381613 -0.653352
vn 0.653241 0.547305 -0.523196
vn 0.720396 0.597789 -0.351678
vn 0.673955 0.688973 -0.266648
vn 0.999701 0.001247 -0.024403
vn 0.937457 0.142606 -0.317551
vn 0.973201 0.076516 -0.216854
vn 0.978943 -0.201253 -0.034158
vn 0.303351 -0.081030 -0.949427
vn -0.001880 0.685602 -0.727974
vn 0.910530 0.138224 -0.389653
vn 0.963245 0.035386 0.266285
vn 0.397062 0.917792 0.000434
vn 0.895397 -0.421975 0.142129
vn 0.680246 -0.055018 -0.730916
vn 0.456312 0.624038 -0.634316
vn 0.749856 0.490388 0.444113
vn 0.937457 0.142606 -0.317551
vn 0.698645 -0.563917 -0.440333
vn 0.860800 -0.464072 0.208952
vn 0.643882 -0.433058 -0.630774
vn 0.669751 -0.644182 -0.369408
vn 0.659201 -0.048416 -0.750406
vn 0.923671 0.220636 -0.313291
vn 0.922840 0.243286 -0.298627
vn 0.671249 0.315858 -0.670566
vn 0.108262 0.314512 -0.943060
vn 0.656482 0.211635 -0.724046
vn 0.101646 0.285793 -0.952885
vn -0.682777 0.629992 -0.370036
vn -0.674671 0.643901 -0.360848
vn 0.103172 0.295253 -0.949832
vn -0.401209 0.579171 -0.709642
vn -0.431398 0.481701 -0.762797
vn 0.656806 -0.138637 -0.741206
vn 0.952844 0.150849 -0.263311
vn 0.277145 -0.492782 -0.824837
vn 0.952844 0.150849 -0.263311
vn 0.656806 -0.138637 -0.741206
vn 0.349365 0.751770 -0.559272
vn 0.540592 0.033437 -0.840620
vn 0.882706 0.457528 -0.107229
vn 0.329528 -0.088308 -0.940007
vn 0.882706 0.457528 -0.107229
vn 0.540592 0.033437 -0.840620
vn 0.261018 0.578624 -0.772699
vn -0.690236 -0.113686 -0.714597
vn -0.714326 -0.346002 -0.608293
vn -0.805777 -0.586020 0.085461
vn -0.641358 -0.665646 0.381542
vn -0.603829 -0.427233 0.672951
vn -0.391695 -0.919128 -0.042180
vn 0.728828 0.404905 0.552143
vn -0.877335 -0.479867 -0.003247
vn -0.641358 -0.665646 0.381542
vn -0.391695 -0.919128 -0.042180
vn -0.356388 -0.663949 -0.657388
vn -0.428861 0.832407 -0.350965
vn -0.718579 0.534214 0.445263
vn -0.071189 0.752709 0.654494
vn -0.998070 0.037329 -0.049623
vn -0.718579 0.534214 0.445263
vn -0.428861 0.832407 -0.350965
vn -0.553827 -0.108017 0.825595
vn -0.718579 0.534214 0.445263
vn -0.998070 0.037329 -0.049623
vn -0.071189 0.752709 0.654494
vn -0.718579 0.534214 0.445263
vn -0.553827 -0.108017 0.825595
vn -0.191624 0.524712 -0.829432
vn -0.634040 0.751712 0.181444
vn 0.118185 0.943043 0.310969
vn -0.989202 0.106238 -0.100956
vn -0.634040 0.751712 0.181444
vn -0.191624 0.524712 -0.829432
vn -0.549277 0.279090 0.787657
vn -0.634040 0.751712 0.181444
vn -0.989202 0.106238 -0.100956
vn 0.118185 0.943043 0.310969
vn -0.634040 0.751712 0.181444
vn -0.549277 0.279090 0.787657
vn -0.369855 0.354472 0.858811
vn -0.447323 0.396492 0.801683
vn -0.447323 0.396492 0.801683
vn 0.603335 -0.442632 -0.663373
vn 0.711041 0.525541 -0.467149
vn 0.028549 0.997612 -0.062887
vn -0.790891 0.460838 -0.402641
vn -0.360229 -0.436175 -0.824613
vn -0.768255 0.570672 -0.290031
vn -0.907983 -0.385390 -0.164441
vn -0.932839 0.232537 -0.275206
vn -0.764669 -0.264729 -0.587538
vn -0.955934 -0.204734 0.210413
vn -0.887239 0.220563 0.405166
vn -0.727618 0.665670 0.165699
vn -0.594855 0.752903 -0.281575
vn -0.552214 0.508490 -0.660680
vn -0.619552 0.099498 -0.778624
vn -0.907983 -0.385390 -0.164441
vn 0.083291 -0.975202 0.205045
vn 0.166723 -0.951438 0.258786
vn -0.955934 -0.204734 0.210413
vn -0.887239 0.220563 0.405166
vn -0.382503 0.101294 0.918385
vn 0.068426 0.674999 0.734639
vn -0.727618 0.665670 0.165699
vn 0.028549 0.997612 -0.062887
vn -0.594855 0.752903 -0.281575
vn 0.711041 0.525541 -0.467149
vn -0.552214 0.508490 -0.660680
vn 0.841496 -0.179621 -0.509530
vn -0.619552 0.099498 -0.778624
vn 0.644018 -0.677656 -0.354997
vn -0.764669 -0.264729 -0.587538
vn -0.697829 -0.644244 0.313023
vn -0.873616 0.348283 0.339843
vn -0.986456 -0.163986 0.003549
vn -0.325275 -0.945462 0.017261
vn -0.674672 0.643900 0.360848
vn -0.674672 0.643900 0.360848
vn -0.682777 0.629991 0.370036
vn -0.608374 -0.433416 0.664854
vn -0.502764 -0.230830 0.833034
vn -0.456140 -0.117338 0.882138
vn -0.252483 -0.660080 0.707494
vn -0.339395 0.082870 0.936987
vn -0.482878 0.183840 0.856173
vn 0.435277 0.493207 0.753180
vn 0.002495 0.930224 0.366983
vn -0.401209 0.579171 0.709642
vn -0.559902 0.740883 0.370947
vn -0.654113 0.261747 0.709665
vn -0.641244 -0.716463 -0.274748
vn -0.941601 0.178925 0.285262
vn -0.382503 0.101294 0.918385
vn 0.166723 -0.951438 0.258786
vn -0.873616 0.348283 0.339843
vn -0.986456 -0.163986 0.003549
vn -0.382503 0.101294 0.918385
vn 0.068426 0.674999 0.734639
vn 0.068426 0.674999 0.734639
vn -0.382503 0.101294 0.918385
vn 0.028549 0.997612 -0.062887
vn 0.028549 0.997612 -0.062887
vn 0.711041 0.525541 -0.467149
vn 0.711041 0.525541 -0.467149
vn 0.841496 -0.179621 -0.509530
vn 0.841496 -0.179621 -0.509530
vn 0.644018 -0.677656 -0.354997
vn 0.644018 -0.677656 -0.354997
vn 0.083291 -0.975202 0.205045
vn 0.083291 -0.975202 0.205045
vn 0.166723 -0.951438 0.258786
vn 0.166723 -0.951438 0.258786
vn -0.532634 -0.082480 -0.842317
vn -0.360229 -0.436175 -0.824613
vn -0.768255 0.570672 -0.290031
vn -0.768255 0.570672 -0.290031
vn 0.061405 0.831851 -0.551591
vn -0.532634 -0.082480 -0.842317
vn -0.518391 0.299600 -0.800943
vn -0.397508 0.089738 -0.913200
vn -0.567481 0.821449 -0.056448
vn -0.567481 0.821449 -0.056448
vn -0.004609 0.648361 -0.761319
vn -0.518391 0.299600 -0.800943
vn 0.210331 0.896834 -0.389165
vn 0.103663 0.523991 -0.845392
vn -0.587789 0.802689 0.100967
vn 0.899576 0.434427 0.045117
vn 0.959081 0.244731 0.142373
vn 0.210331 0.896834 -0.389165
vn 0.189326 0.649917 0.736046
vn -0.717742 0.665607 0.204484
vn 0.189326 0.649917 0.736046
vn -0.005182 -0.153652 0.988111
vn 0.959081 0.244731 0.142373
vn -0.717742 0.665607 0.204484
vn -0.248085 0.947235 0.202979
vn -0.346636 0.746919 0.567411
vn -0.457161 0.888925 0.028573
vn 0.292614 -0.891469 0.345919
vn 0.361992 -0.680363 0.637235
vn -0.047491 -0.997055 -0.060218
vn 0.225789 -0.510713 -0.829573
vn -0.018411 -0.672553 -0.739820
vn -0.175243 -0.832405 0.525730
vn -0.514363 -0.829174 0.218861
vn -0.405995 0.803170 -0.435988
vn 0.369990 -0.203494 -0.906475
vn 0.276172 0.276172 -0.920575
vn -0.116722 -0.490232 0.863741
vn 0.110306 -0.531537 0.839822
vn -0.065617 -0.918642 -0.389603
vn -0.148411 -0.772975 -0.616834
vn -0.044772 -0.091643 0.994785
vn 0.154624 0.301110 0.940970
vn -0.175243 -0.832405 0.525730
vn -0.514363 -0.829174 0.218861
vn -0.065617 -0.918642 -0.389603
vn -0.148411 -0.772975 -0.616834
vn -0.044772 -0.091643 0.994785
vn 0.154624 0.301110 0.940970
vn -0.116722 -0.490232 0.863741
vn -0.018411 -0.672553 -0.739820
vn -0.047491 -0.997055 -0.060218
vn -0.566666 0.566666 0.598147
vn 0.276172 0.276172 -0.920575
vn 0.369990 -0.203494 -0.906475
vn -0.566666 0.566666 0.598147
vn -0.047491 -0.997055 -0.060218
vn -0.898110 -0.168384 -0.406258
vn 0.211333 0.316999 -0.924581
vn -0.935444 -0.341767 -0.090221
vn -0.514363 -0.829174 0.218861
vn -0.156799 -0.300532 0.940795
vn -0.160172 0.045048 0.986061
vn 0.000000 -0.702145 -0.712034
vn 0.049176 0.762230 0.645436
vn -0.047491 -0.997055 -0.060218
vn 0.560466 -0.809787 -0.173556
vn -0.018411 -0.672553 -0.739820
vn 0.292614 -0.891469 0.345919
vn -0.325275 -0.945462 0.017261
vn -0.697829 -0.644244 0.313023
vn -0.641358 -0.665646 0.381542
vn -0.391695 -0.919128 -0.042180
vn -0.986456 -0.163986 0.003549
vn -0.356388 -0.663949 -0.657388
vn -0.641244 -0.716463 -0.274748
vn 0.166723 -0.951438 0.258786
vn -0.603829 -0.427233 0.672951
vn -0.105007 -0.628274 0.770873
vn -0.246179 -0.968035 -0.048005
vn -0.148470 -0.988861 0.010499
vn 0.279058 -0.868894 -0.408840
vn -0.018411 -0.672553 -0.739820
vn -0.514363 -0.829174 0.218861
vn 0.811187 -0.501631 -0.300569
vn -0.047491 -0.997055 -0.060218
vn 0.394224 -0.894827 0.209455
vn 0.292614 -0.891469 0.345919
vn 0.361992 -0.680363 0.637235
vn 0.061405 0.831851 -0.551591
vn -0.768255 0.570672 -0.290031
vn -0.567481 0.821449 -0.056448
vn -0.397508 0.089738 -0.913200
vn 0.210331 0.896834 -0.389165
vn -0.587789 0.802689 0.100967
vn -0.717742 0.665607 0.204484
vn 0.959081 0.244731 0.142373
vn 0.899576 0.434427 0.045117
vn 0.349365 0.751770 -0.559272
vn 0.329528 -0.088308 -0.940007
vn 0.882706 0.457528 -0.107229
vn 0.952844 0.150849 -0.263311
vn -0.087254 -0.225771 -0.970265
vn -0.004609 0.648361 -0.761319
vn 0.261018 0.578624 -0.772699
vn 0.749856 0.490388 -0.444112
vn 0.456312 0.624037 0.634316
vn 0.922202 0.107451 0.371480
vn 0.860799 -0.464073 -0.208952
vn 0.749856 0.490388 -0.444112
vn 0.922202 0.107451 0.371480
vn 0.498254 -0.378054 0.780268
vn 0.860799 -0.464073 -0.208952
vn 0.922202 0.107451 0.371480
vn 0.456312 0.624037 0.634316
vn 0.498254 -0.378054 0.780268
vn 0.922202 0.107451 0.371480
vn 0.369381 0.377513 -0.849142
vn 0.356477 0.884857 0.299921
vn 0.928464 0.355651 0.107084
vn 0.895397 -0.421977 -0.142128
vn 0.369381 0.377513 -0.849142
vn 0.928464 0.355651 0.107084
vn 0.680246 -0.055018 0.730916
vn 0.895397 -0.421977 -0.142128
vn 0.928464 0.355651 0.107084
vn 0.356477 0.884857 0.299921
vn 0.680246 -0.055018 0.730916
vn 0.928464 0.355651 0.107084
vn 0.546678 0.129118 0.827328
vn 0.632385 0.130547 0.763575
vn 0.632385 0.130547 0.763575
vn 0.952844 0.150849 -0.263311
vn 0.882706 0.457528 -0.107229
vn 0.369381 0.377513 -0.849142
vn 0.659806 0.566457 0.493744
vn 0.356477 0.884857 0.299921
vn 0.597357 0.770602 0.222122
vn 0.707774 0.596634 0.378264
vn 0.254962 0.805810 0.534475
vn 0.546678 0.129118 0.827328
vn 0.232383 0.880842 0.412450
vn 0.632385 0.130547 0.763575
vn 0.230418 0.869809 0.436280
vn 0.659806 0.566457 0.493744
vn 0.899576 0.434427 0.045117
vn -0.005182 -0.153652 0.988111
vn -0.587789 0.802689 0.100967
vn 0.179059 0.621050 0.763043
vn -0.717742 0.665607 0.204484
vn -0.285737 0.798373 0.530051
vn 0.959081 0.244731 0.142373
vn 0.277145 -0.492782 -0.824837
vn 0.952844 0.150849 -0.263311
vn 0.963245 0.035387 -0.266284
vn -0.662834 -0.091952 -0.743099
vn 0.397062 0.917792 -0.000433
vn -0.374753 0.745954 -0.550557
vn 0.279058 -0.868894 -0.408840
vn -0.514363 -0.829174 0.218861
vn 0.303354 -0.081027 0.949427
vn 0.999701 0.001247 0.024404
vn 0.811187 -0.501631 -0.300569
vn 0.978944 -0.201252 0.034158
vn 0.303354 -0.081027 0.949427
vn 0.303354 -0.081027 0.949427
vn -0.001878 0.685602 0.727974
vn -0.514363 -0.829174 0.218861
vn -0.514363 -0.829174 0.218861
vn -0.001878 0.685602 0.727974
vn 0.397062 0.917792 -0.000433
vn 0.397062 0.917792 -0.000433
vn -0.374753 0.745954 -0.550557
vn 0.151827 0.698221 -0.699597
vn -0.854584 0.166704 -0.491829
vn 0.011197 0.022307 -0.999689
vn -0.898110 -0.168384 -0.406258
vn -0.140228 -0.658973 -0.738979
vn -0.935444 -0.341767 -0.090221
vn -0.074406 -0.996705 0.032279
vn 0.690313 -0.715901 0.104657
vn 0.738382 -0.571362 -0.358241
vn 0.986608 -0.146661 0.071382
vn 0.679281 -0.541813 0.494991
vn 0.732100 -0.128592 0.668950
vn 0.830556 0.317249 0.457745
vn 0.886250 0.463114 0.009313
vn 0.808003 -0.162335 -0.566374
vn 0.871935 0.262016 -0.413613
vn 0.732100 -0.128592 0.668950
vn 0.830556 0.317249 0.457745
vn -0.001878 0.685602 0.727974
vn 0.303354 -0.081027 0.949427
vn -0.514363 -0.829174 0.218861
vn 0.679281 -0.541813 0.494991
vn 0.690313 -0.715901 0.104657
vn -0.074406 -0.996705 0.032279
vn 0.738382 -0.571362 -0.358241
vn -0.140228 -0.658973 -0.738979
vn 0.808003 -0.162335 -0.566374
vn 0.011197 0.022307 -0.999689
vn 0.871935 0.262016 -0.413613
vn 0.151827 0.698221 -0.699597
vn 0.886250 0.463114 0.009313
vn 0.397062 0.917792 -0.000433
vn 0.922840 0.243286 0.298627
vn 0.923670 0.220637 0.313292
vn 0.922840 0.243286 0.298627
vn 0.401792 -0.331804 0.853504
vn -0.047043 -0.712853 0.699734
vn 0.395877 -0.100864 0.912748
vn 0.374131 -0.682454 0.627919
vn 0.387578 -0.454793 0.801839
vn 0.639599 -0.176964 0.748062
vn 0.656482 0.211634 0.724046
vn 0.455720 0.819224 0.348125
vn 0.671249 0.315858 0.670566
vn 0.867121 0.388499 0.311719
vn 0.749261 -0.084968 0.656802
vn -0.502764 -0.230830 0.833034
vn 0.034604 0.014168 0.999301
vn 0.040762 0.040847 0.998334
vn 0.387578 -0.454793 0.801839
vn 0.698645 -0.563917 0.440333
vn 0.643882 -0.433059 0.630774
vn 0.273750 -0.897644 0.345392
vn 0.669750 -0.644183 0.369409
vn 0.669750 -0.644183 0.369409
vn 0.923670 0.220637 0.313292
vn -0.654113 0.261747 0.709665
vn -0.401209 0.579171 0.709642
vn 0.182439 0.621865 0.761577
vn 0.034604 0.014168 0.999301
vn -0.502764 -0.230830 0.833034
vn 0.749261 -0.084968 0.656802
vn 0.671249 0.315858 0.670566
vn 0.387578 -0.454793 0.801839
vn 0.632385 0.130547 0.763575
vn 0.401792 -0.331804 0.853504
vn 0.546678 0.129118 0.827328
vn 0.498254 -0.378054 0.780268
vn 0.639599 -0.176964 0.748062
vn -0.854584 0.166704 -0.491829
vn -0.898110 -0.168384 -0.406258
vn -0.935444 -0.341767 -0.090221
vn -0.374753 0.745954 -0.550557
vn -0.514363 -0.829174 0.218861
vn -0.662834 -0.091952 -0.743099
vn 0.394224 -0.894827 0.209455
vn 0.811187 -0.501631 -0.300569
vn 0.999701 0.001247 0.024404
vn -0.148470 -0.988861 0.010499
vn 0.593685 -0.297309 0.747760
vn 0.653837 -0.381613 0.653352
vn -0.246179 -0.968035 -0.048005
vn -0.690051 -0.043303 0.722464
vn -0.591942 -0.003244 0.805974
vn 0.261018 0.578624 -0.772699
vn 0.540592 0.033437 -0.840620
vn 0.329528 -0.088308 -0.940007
vn 0.369381 0.377513 -0.849142
vn -0.147410 -0.483655 -0.862756
vn -0.662834 -0.091952 -0.743099
vn 0.349365 0.751770 -0.559272
vn 0.277145 -0.492782 -0.824837
vn 0.656806 -0.138637 -0.741206
vn -0.514363 -0.829174 0.218861
vn -0.125401 -0.386168 -0.913865
vn 0.166723 -0.951438 0.258786
vn 0.603335 -0.442632 -0.663373
vn -0.191624 0.524712 -0.829432
vn -0.004609 0.648361 -0.761319
vn -0.397508 0.089738 -0.913200
vn -0.518391 0.299600 -0.800943
vn 0.061405 0.831851 -0.551591
vn -0.360229 -0.436175 -0.824613
vn -0.532634 -0.082480 -0.842317
vn -0.087254 -0.225771 -0.970265
vn 0.711041 0.525541 -0.467149
vn 0.603335 -0.442632 -0.663373
vn 0.166723 -0.951438 0.258786
vn 0.083291 -0.975202 0.205045
vn 0.841496 -0.179621 -0.509530
vn 0.644018 -0.677656 -0.354997
vn -0.445267 -0.888936 0.107378
vn 0.885193 -0.381386 -0.266416
vn 0.911535 -0.401871 0.087202
vn 0.616737 -0.119767 0.778004
vn -0.269566 -0.959189 0.085382
vn -0.237870 -0.969451 0.059848
vn -0.036129 -0.999325 0.006707
vn -0.964514 0.093737 0.246834
vn -0.992962 0.117537 -0.014513
vn -0.537175 0.168894 0.826389
vn -0.181686 -0.981305 0.063482
vn 0.089300 0.085553 0.992324
vn 0.600525 -0.769953 0.215737
vn 0.560466 -0.809787 -0.173556
vn 0.292614 -0.891469 0.345919
vn 0.594566 -0.315594 0.739521
vn 0.361992 -0.680363 0.637235
vn -0.105007 -0.628274 0.770873
vn -0.624931 -0.025155 0.780275
vn -0.603829 -0.427233 0.672951
vn -0.641358 -0.665646 0.381542
vn -0.849073 -0.446459 0.282401
vn -0.877335 -0.479867 -0.003247
vn -0.864576 -0.260220 0.429877
vn -0.864576 -0.260220 0.429877
vn -0.682777 0.629991 0.370036
vn -0.638034 -0.667165 0.384453
vn -0.720832 -0.089623 0.687291
vn -0.798746 -0.157196 0.580771
vn -0.898110 -0.168384 -0.406258
vn -0.935444 -0.341767 -0.090221
vn 0.211333 0.316999 -0.924581
vn 0.000000 -0.702145 -0.712034
vn 0.049176 0.762230 0.645436
vn -0.156799 -0.300532 0.940795
vn -0.514363 -0.829174 0.218861
vn -0.160172 0.045048 0.986061
vn -0.391695 -0.919128 -0.042180
vn -0.805777 -0.586020 0.085461
vn -0.641358 -0.665646 0.381542
vn 0.728828 0.404905 0.552143
vn -0.690236 -0.113686 -0.714597
vn -0.603829 -0.427233 0.672951
vn -0.714326 -0.346002 -0.608293
vn -0.690236 -0.113686 -0.714597
vn 0.509534 0.661017 -0.550847
vn 0.662644 -0.197806 0.722341
vn -0.959353 0.089242 -0.267726
vn -0.105007 -0.628274 0.770873
vn 0.050363 0.047284 -0.997611
vn 0.509534 0.661017 -0.550847
vn -0.959353 0.089242 -0.267726
vn -0.105007 -0.628274 0.770873
vn -0.129675 -0.879348 0.458182
vn 0.423999 -0.869198 0.254399
vn -0.690236 -0.113686 -0.714597
vn 0.000000 0.000000 0.000000
vn 0.641269 0.006005 -0.767292
vn -0.248085 0.947235 0.202979
vn 0.680393 -0.013084 -0.732731
vn 0.000000 0.000000 0.000000
vn 0.423999 -0.869198 0.254399
vn 0.680393 -0.013084 -0.732731
vn -0.248085 0.947235 0.202979
vn 0.361992 -0.680363 0.637235
vn -0.457161 0.888925 0.028573
vn -0.346636 0.746919 0.567411
vn -0.248085 0.947235 0.202979
vn 0.292614 -0.891469 0.345919
vn -0.047491 -0.997055 -0.060218
vn 0.225789 -0.510713 -0.829573
vn -0.181686 -0.981305 0.063482
vn -0.036129 -0.999325 0.006707
vn -0.877335 -0.479867 -0.003247
vn -0.992962 0.117537 -0.014513
vn -0.356388 -0.663949 -0.657388
vn 0.166723 -0.951438 0.258786
vn -0.125401 -0.386168 -0.913865
vn -0.234110 -0.789370 -0.567528
vn -0.237870 -0.969451 0.059848
vn 0.560466 -0.809787 -0.173556
vn -0.445267 -0.888936 0.107378
vn -0.269566 -0.959189 0.085382
vn 0.885193 -0.381386 -0.266416
vn -0.018411 -0.672553 -0.739820
vn -0.514363 -0.829174 0.218861
vn -0.954117 -0.131714 0.268908
vn -0.849073 -0.446459 0.282401
vn -0.877335 -0.479867 -0.003247
vn -0.652218 -0.059695 0.755677
vn -0.624931 -0.025155 0.780275
vn -0.105007 -0.628274 0.770873
vn 0.001180 -0.262860 0.964833
vn 0.598686 -0.370363 0.710216
vn 0.594566 -0.315594 0.739521
vn 0.600525 -0.769953 0.215737
vn 0.790414 -0.602220 0.112144
vn 0.560466 -0.809787 -0.173556
vn -0.992962 0.117537 -0.014513
vn -0.964514 0.093737 0.246834
vn -0.612970 0.775703 0.150174
vn -0.537175 0.168894 0.826389
vn -0.274809 0.670620 0.689020
vn 0.162184 0.403114 0.900664
vn 0.089300 0.085553 0.992324
vn 0.616737 -0.119767 0.778004
vn 0.623244 0.417306 0.661379
vn 0.929709 0.365401 0.046082
vn 0.911535 -0.401871 0.087202
vn 0.885193 -0.381386 -0.266416
vn 0.220383 0.916721 -0.333249
vn 0.040762 0.040847 0.998334
vn 0.387578 -0.454793 0.801839
vn -0.502764 -0.230830 0.833034
vn -0.850605 0.359235 0.383955
vn 0.946457 -0.087097 0.310859
vn 0.922840 0.243286 0.298627
vn -0.674672 0.643900 0.360848
vn 0.103172 0.295254 0.949832
vn -0.502764 -0.230830 0.833034
vn -0.447323 0.396492 0.801683
vn -0.447323 0.396492 0.801683
vn -0.850605 0.359235 0.383955
vn -0.850605 0.359235 0.383955
vn -0.674672 0.643900 0.360848
vn -0.674672 0.643900 0.360848
vn 0.922840 0.243286 0.298627
vn 0.922840 0.243286 0.298627
vn 0.946457 -0.087097 0.310859
vn 0.946457 -0.087097 0.310859
vn 0.387578 -0.454793 0.801839
vn 0.632385 0.130547 0.763575
vn 0.632385 0.130547 0.763575
vn 0.103172 0.295254 0.949832
vn 0.922840 0.243286 0.298627
vn 0.946457 -0.087097 0.310859
vn -0.850605 0.359235 0.383955
vn -0.674672 0.643900 0.360848
vn 0.220383 0.916721 -0.333249
vn 0.632385 0.130547 0.763575
vn -0.447323 0.396492 0.801683
vn 0.040762 0.040847 0.998334
vn 0.596285 0.745356 -0.298142
vn -0.356388 -0.663949 -0.657388
vn -0.391695 -0.919128 -0.042180
vn 0.744378 0.572598 -0.343559
vn -0.452679 -0.362143 -0.814822
vn 0.166723 -0.951438 0.258786
vn 0.000000 0.000000 0.000000
vn 0.660075 -0.749241 0.054217
vn -0.241100 -0.783573 0.572611
vn -0.036726 -0.275445 0.960615
vn -0.050363 0.163680 0.985227
vn -0.073636 0.257727 0.963408
vn 0.016722 -0.225744 0.974043
vn 0.141082 0.363146 0.920989
vn 0.016722 -0.225744 0.974043
vn -0.036726 -0.275445 0.960615
vn -0.241100 -0.783573 0.572611
vn -0.452679 -0.362143 -0.814822
vn -0.356388 -0.663949 -0.657388
vn 0.166723 -0.951438 0.258786
vn -0.050363 0.163680 0.985227
vn -0.073636 0.257727 0.963408
vn 0.596285 0.745356 -0.298142
vn 0.744378 0.572598 -0.343559
vn -0.391695 -0.919128 -0.042180
vn 0.000000 0.000000 0.000000
vn 0.000000 0.000000 0.000000
vn 0.000000 0.000000 0.000000
vn 0.000000 -1.000000 0.000000
vn 0.083291 -0.975202 0.205045
vn 0.000000 0.000000 0.000000
vn 0.166723 -0.951438 0.258786
vn 0.000000 0.000000 0.000000
vn 0.644018 -0.677656 -0.354997
vn 0.000000 0.000000 0.000000
vn 0.000000 -1.000000 0.000000
vn 0.000000 0.000000 0.000000
vn 0.166723 -0.951438 0.258786
vn 0.000000 0.000000 0.000000
vn 0.000000 0.000000 0.000000
vn 0.644018 -0.677656 -0.354997
vn 0.001180 -0.262860 0.964833
vn -0.652218 -0.059695 0.755677
vn -0.274809 0.670620 0.689020
vn -0.612970 0.775703 0.150174
vn -0.954117 -0.131714 0.268908
vn -0.992962 0.117537 -0.014513
vn -0.877335 -0.479867 -0.003247
vn 0.885193 -0.381386 -0.266416
vn 0.560466 -0.809787 -0.173556
vn 0.790414 -0.602220 0.112144
vn 0.929709 0.365401 0.046082
vn 0.598686 -0.370363 0.710216
vn 0.623244 0.417306 0.661379
vn 0.162184 0.403114 0.900664
vn -0.864576 -0.260220 0.429877
vn -0.371212 0.336031 0.865613
vn -0.482878 0.183840 0.856173
vn -0.720832 -0.089623 0.687291
vn -0.553827 -0.108017 0.825595
vn -0.798746 -0.157196 0.580771
vn -0.998070 0.037329 -0.049623
vn -0.731388 0.520109 0.441088
vn -0.428861 0.832407 -0.350965
vn -0.726810 0.595688 0.341909
vn -0.549277 0.279090 0.787657
vn -0.989202 0.106238 -0.100956
vn -0.447323 0.396492 0.801683
vn -0.369855 0.354472 0.858811
vn -0.456140 -0.117338 0.882138
vn -0.587789 0.802689 0.100967
vn 0.103663 0.523991 -0.845392
vn -0.087254 -0.225771 -0.970265
vn 0.899576 0.434427 0.045117
vn 0.230418 0.869809 0.436280
vn -0.071189 0.752709 0.654494
vn -0.369855 0.354472 0.858811
vn -0.391516 0.826351 0.404796
vn 0.118185 0.943043 0.310969
vn -0.285737 0.798373 0.530051
vn -0.567481 0.821449 -0.056448
vn -0.218163 0.959509 0.178177
vn -0.191624 0.524712 -0.829432
vn -0.768255 0.570672 -0.290031
vn -0.790891 0.460838 -0.402641
vn 0.028549 0.997612 -0.062887
vn 0.068426 0.674999 0.734639
vn -0.382503 0.101294 0.918385
vn -0.941601 0.178925 0.285262
vn -0.873616 0.348283 0.339843
vn -0.634427 0.510848 0.580118
vn -0.634427 0.510848 0.580118
vn -0.341094 0.841281 0.419405
vn -0.263623 0.916539 0.300763
vn -0.309518 0.796036 0.520120
vn -0.313810 0.884929 0.344127
vn -0.682777 0.629991 0.370036
vn -0.114119 0.837057 0.535082
vn -0.591942 -0.003244 0.805974
vn -0.373950 0.691586 0.617956
vn -0.674672 0.643900 0.360848
vn 0.144921 0.453269 0.879514
vn 0.103172 0.295254 0.949832
vn 0.922840 0.243286 0.298627
vn 0.708002 0.402808 0.580068
vn 0.923670 0.220637 0.313292
vn 0.231285 0.826250 0.513632
vn -0.690051 -0.043303 0.722464
vn 0.522897 0.644930 0.557354
vn 0.706054 0.622827 0.337008
vn 0.593685 -0.297309 0.747760
vn 0.653837 -0.381613 0.653352
vn 0.653241 0.547305 0.523196
vn 0.720396 0.597789 0.351679
vn 0.673956 0.688972 0.266649
vn 0.999701 0.001247 0.024404
vn 0.937457 0.142606 0.317550
vn 0.973201 0.076516 0.216853
vn 0.978944 -0.201252 0.034158
vn 0.303354 -0.081027 0.949427
vn -0.001878 0.685602 0.727974
vn 0.910530 0.138225 0.389653
vn 0.963245 0.035387 -0.266284
vn 0.397062 0.917792 -0.000433
vn 0.895397 -0.421977 -0.142128
vn 0.680246 -0.055018 0.730916
vn 0.456312 0.624037 0.634316
vn 0.749856 0.490388 -0.444112
vn 0.937457 0.142606 0.317550
vn 0.698645 -0.563917 0.440333
vn 0.860799 -0.464073 -0.208952
vn 0.643882 -0.433059 0.630774
vn 0.669750 -0.644183 0.369409
vn 0.659201 -0.048416 0.750407
vn 0.923670 0.220637 0.313292
vn 0.922840 0.243286 0.298627
vn 0.671249 0.315858 0.670566
vn 0.108262 0.314512 0.943060
vn 0.656482 0.211634 0.724046
vn 0.101646 0.285792 0.952886
vn -0.682777 0.629991 0.370036
vn -0.674672 0.643900 0.360848
vn 0.103172 0.295254 0.949832
vn -0.401209 0.579171 0.709642
vn 0.435277 0.493207 0.753180
vn -0.447323 0.396492 0.801683
vt 0.322149 0.777677
vt 0.345798 0.763897
vt 0.341036 0.762540
vt 0.345798 0.763897
vt 0.322149 0.777677
vt 0.338450 0.774000
vt 0.331285 0.806917
vt 0.348510 0.791328
vt 0.341819 0.794205
vt 0.348510 0.791328
vt 0.331285 0.806917
vt 0.340749 0.804770
vt 0.369672 0.801986
vt 0.356462 0.810753
vt 0.377204 0.792871
vt 0.382938 0.792543
vt 0.371248 0.808967
vt 0.386537 0.781638
vt 0.371102 0.793079
vt 0.379360 0.768381
vt 0.382938 0.792543
vt 0.386537 0.781638
vt 0.450257 0.771101
vt 0.675793 0.603782
vt 0.673077 0.617219
vt 0.669451 0.598470
vt 0.669451 0.598470
vt 0.673077 0.617219
vt 0.675793 0.603782
vt 0.666271 0.604691
vt 0.673077 0.617219
vt 0.669451 0.598470
vt 0.669451 0.598470
vt 0.673077 0.617219
vt 0.666271 0.604691
vt 0.677688 0.613434
vt 0.690879 0.608642
vt 0.676312 0.621786
vt 0.676312 0.621786
vt 0.690879 0.608642
vt 0.677688 0.613434
vt 0.684259 0.621768
vt 0.690879 0.608642
vt 0.676312 0.621786
vt 0.676312 0.621786
vt 0.690879 0.608642
vt 0.684259 0.621768
vt 0.416969 0.839307
vt 0.421784 0.839137
vt 0.421090 0.841585
vt 0.343310 0.777924
vt 0.337697 0.765447
vt 0.349396 0.771395
vt 0.348267 0.776738
vt 0.336278 0.788876
vt 0.339888 0.792842
vt 0.376050 0.229327
vt 0.497316 0.331796
vt 0.353530 0.325249
vt 0.499332 0.175481
vt 0.384524 0.232791
vt 0.355979 0.326255
vt 0.371920 0.414659
vt 0.502089 0.484482
vt 0.375496 0.411194
vt 0.376050 0.229327
vt 0.358437 0.211536
vt 0.500041 0.149819
vt 0.499332 0.175481
vt 0.384524 0.232791
vt 0.367701 0.213508
vt 0.331266 0.323863
vt 0.355979 0.326255
vt 0.353581 0.429776
vt 0.371920 0.414659
vt 0.500655 0.507470
vt 0.502089 0.484482
vt 0.359398 0.427805
vt 0.375496 0.411194
vt 0.329542 0.324968
vt 0.353530 0.325249
vt 0.381928 0.793389
vt 0.398790 0.786981
vt 0.384422 0.781373
vt 0.370742 0.810493
vt 0.386730 0.822427
vt 0.388668 0.818878
vt 0.389321 0.809782
vt 0.407803 0.828145
vt 0.409457 0.837144
vt 0.429793 0.837187
vt 0.430696 0.833603
vt 0.431097 0.825617
vt 0.429675 0.823361
vt 0.422965 0.809631
vt 0.411138 0.822976
vt 0.422545 0.812296
vt 0.412180 0.824015
vt 0.411628 0.831074
vt 0.450688 0.770308
vt 0.449857 0.774541
vt 0.382274 0.761164
vt 0.380777 0.745810
vt 0.398790 0.786981
vt 0.384422 0.781373
vt 0.358805 0.201962
vt 0.313800 0.325779
vt 0.331266 0.323863
vt 0.367701 0.213508
vt 0.341363 0.442357
vt 0.353581 0.429776
vt 0.500827 0.522161
vt 0.500655 0.507470
vt 0.347277 0.438147
vt 0.359398 0.427805
vt 0.312043 0.323797
vt 0.329542 0.324968
vt 0.345282 0.198431
vt 0.358437 0.211536
vt 0.504374 0.131475
vt 0.500041 0.149819
vt 0.317149 0.802142
vt 0.336278 0.788876
vt 0.339888 0.792842
vt 0.339888 0.792842
vt 0.334112 0.797096
vt 0.317149 0.802142
vt 0.328158 0.821601
vt 0.337991 0.812179
vt 0.344054 0.812248
vt 0.344054 0.812248
vt 0.338507 0.815299
vt 0.328158 0.821601
vt 0.333626 0.835057
vt 0.322364 0.839573
vt 0.342542 0.828800
vt 0.344196 0.821033
vt 0.341995 0.830218
vt 0.333626 0.835057
vt 0.355369 0.846251
vt 0.340985 0.834962
vt 0.355369 0.846251
vt 0.348605 0.828716
vt 0.341995 0.830218
vt 0.340985 0.834962
vt 0.343199 0.795370
vt 0.329430 0.803076
vt 0.348642 0.787603
vt 0.357535 0.787853
vt 0.357137 0.805112
vt 0.357593 0.777497
vt 0.339572 0.787528
vt 0.380559 0.767217
vt 0.373470 0.755085
vt 0.384997 0.750881
vt 0.363262 0.768185
vt 0.343418 0.771796
vt 0.360538 0.763111
vt 0.370318 0.759309
vt 0.366190 0.754118
vt 0.372274 0.749899
vt 0.351173 0.752410
vt 0.359958 0.758561
vt 0.346370 0.758215
vt 0.373470 0.755085
vt 0.384997 0.750881
vt 0.372274 0.749899
vt 0.351173 0.752410
vt 0.359958 0.758561
vt 0.346370 0.758215
vt 0.370318 0.759309
vt 0.380559 0.767217
vt 0.357593 0.777497
vt 0.335986 0.783394
vt 0.360538 0.763111
vt 0.343418 0.771796
vt 0.335986 0.783394
vt 0.357593 0.777497
vt 0.347594 0.799067
vt 0.374445 0.802018
vt 0.355943 0.781456
vt 0.351336 0.762775
vt 0.390792 0.772988
vt 0.408927 0.766963
vt 0.382659 0.783988
vt 0.388404 0.791939
vt 0.357593 0.777497
vt 0.355139 0.764421
vt 0.380559 0.767217
vt 0.357535 0.787852
vt 0.370742 0.810493
vt 0.381928 0.793389
vt 0.382938 0.792543
vt 0.386537 0.781638
vt 0.384422 0.781373
vt 0.450257 0.771101
vt 0.450688 0.770308
vt 0.380777 0.745810
vt 0.371248 0.808967
vt 0.351503 0.819172
vt 0.347619 0.823198
vt 0.352092 0.805394
vt 0.377250 0.767099
vt 0.380559 0.767217
vt 0.384997 0.750881
vt 0.352461 0.776925
vt 0.357593 0.777497
vt 0.352017 0.788364
vt 0.357535 0.787852
vt 0.357137 0.805112
vt 0.334112 0.797096
vt 0.339888 0.792842
vt 0.344054 0.812248
vt 0.337991 0.812179
vt 0.333626 0.835057
vt 0.342542 0.828800
vt 0.340985 0.834962
vt 0.341995 0.830218
vt 0.344196 0.821033
vt 0.338450 0.774000
vt 0.341819 0.794205
vt 0.348510 0.791328
vt 0.345798 0.763897
vt 0.336061 0.825385
vt 0.338507 0.815299
vt 0.340749 0.804770
vt 0.675793 0.603782
vt 0.669451 0.598470
vt 0.673077 0.617219
vt 0.669451 0.598470
vt 0.675793 0.603782
vt 0.673077 0.617219
vt 0.666271 0.604691
vt 0.669451 0.598470
vt 0.673077 0.617219
vt 0.669451 0.598470
vt 0.666271 0.604691
vt 0.673077 0.617219
vt 0.677688 0.613434
vt 0.676312 0.621786
vt 0.690879 0.608642
vt 0.676312 0.621786
vt 0.677688 0.613434
vt 0.690879 0.608642
vt 0.684259 0.621768
vt 0.676312 0.621786
vt 0.690879 0.608642
vt 0.676312 0.621786
vt 0.684259 0.621768
vt 0.690879 0.608642
vt 0.427449 0.831621
vt 0.425716 0.838192
vt 0.426918 0.835371
vt 0.345798 0.763897
vt 0.348510 0.791328
vt 0.354463 0.785192
vt 0.357277 0.812951
vt 0.370531 0.804065
vt 0.374791 0.820298
vt 0.389605 0.829966
vt 0.385183 0.836184
vt 0.427449 0.831621
vt 0.413174 0.839964
vt 0.425716 0.838192
vt 0.361665 0.814855
vt 0.357277 0.812951
vt 0.344196 0.821033
vt 0.348605 0.828716
vt 0.342542 0.828800
vt 0.353407 0.819868
vt 0.340985 0.834962
vt 0.356335 0.817375
vt 0.341995 0.830218
vt 0.341036 0.762540
vt 0.345798 0.763897
vt 0.355362 0.744998
vt 0.348022 0.750101
vt 0.356903 0.738917
vt 0.344858 0.734510
vt 0.377250 0.767099
vt 0.384997 0.750881
vt 0.449689 0.753431
vt 0.368177 0.782777
vt 0.352461 0.776925
vt 0.379260 0.770144
vt 0.358805 0.201962
vt 0.367701 0.213508
vt 0.331266 0.323863
vt 0.500041 0.149819
vt 0.504374 0.131475
vt 0.313800 0.325779
vt 0.341363 0.442357
vt 0.353581 0.429776
vt 0.500827 0.522161
vt 0.500655 0.507470
vt 0.347277 0.438147
vt 0.359398 0.427805
vt 0.312043 0.323797
vt 0.329542 0.324968
vt 0.345282 0.198431
vt 0.358437 0.211536
vt 0.376050 0.229327
vt 0.353530 0.325249
vt 0.497316 0.331796
vt 0.499332 0.175481
vt 0.384524 0.232791
vt 0.355979 0.326255
vt 0.371920 0.414659
vt 0.375496 0.411194
vt 0.502089 0.484482
vt 0.384524 0.232791
vt 0.355979 0.326255
vt 0.331266 0.323863
vt 0.367701 0.213508
vt 0.500041 0.149819
vt 0.499332 0.175481
vt 0.376050 0.229327
vt 0.358437 0.211536
vt 0.353530 0.325249
vt 0.329542 0.324968
vt 0.375496 0.411194
vt 0.359398 0.427805
vt 0.502089 0.484482
vt 0.500655 0.507470
vt 0.371920 0.414659
vt 0.353581 0.429776
vt 0.380370 0.821555
vt 0.377549 0.808031
vt 0.382425 0.818024
vt 0.410294 0.827771
vt 0.409801 0.824812
vt 0.410854 0.814442
vt 0.411104 0.824519
vt 0.413738 0.832441
vt 0.410144 0.811269
vt 0.411556 0.808064
vt 0.420312 0.801687
vt 0.417327 0.811579
vt 0.423718 0.803639
vt 0.413727 0.828768
vt 0.409457 0.837144
vt 0.411278 0.834448
vt 0.435131 0.838781
vt 0.413738 0.832441
vt 0.406927 0.784249
vt 0.406898 0.792689
vt 0.404373 0.791367
vt 0.399687 0.803212
vt 0.400254 0.801137
vt 0.377549 0.808031
vt 0.411628 0.831074
vt 0.422545 0.812296
vt 0.426317 0.817297
vt 0.411278 0.834448
vt 0.409457 0.837144
vt 0.413727 0.828768
vt 0.417327 0.811579
vt 0.413738 0.832441
vt 0.426918 0.835371
vt 0.410294 0.827771
vt 0.427449 0.831621
vt 0.404721 0.808804
vt 0.410144 0.811269
vt 0.804856 0.113245
vt 0.785381 0.111178
vt 0.772903 0.096783
vt 0.819919 0.101773
vt 0.771757 0.081605
vt 0.833229 0.088032
vt 0.352017 0.788364
vt 0.352461 0.776925
vt 0.368177 0.782777
vt 0.352092 0.805394
vt 0.350561 0.814597
vt 0.346529 0.824306
vt 0.347619 0.823198
vt 0.359271 0.826811
vt 0.368230 0.818766
vt 0.888518 0.048379
vt 0.895311 0.068169
vt 0.877178 0.062547
vt 0.866193 0.050323
vt 0.893710 0.021513
vt 0.833229 0.088032
vt 0.858976 0.083340
vt 0.847567 0.095833
vt 0.866683 0.111838
vt 0.771757 0.081605
vt 0.793587 0.021506
vt 0.771757 0.081605
vt 0.833229 0.088032
vt 0.866193 0.050323
vt 0.888518 0.048379
vt 0.877178 0.062547
vt 0.895311 0.068169
vt 0.858976 0.083340
vt 0.847567 0.095833
vt 0.866683 0.111838
vt 0.917926 0.021446
vt 0.819919 0.101773
vt 0.833229 0.088032
vt 0.771757 0.081605
vt 0.772903 0.096783
vt 0.804856 0.113245
vt 0.785381 0.111178
vt 0.323720 0.787100
vt 0.332313 0.768518
vt 0.325645 0.788468
vt 0.322606 0.808340
vt 0.319612 0.806160
vt 0.324912 0.816844
vt 0.348365 0.792319
vt 0.352496 0.794191
vt 0.359537 0.773118
vt 0.343763 0.814865
vt 0.335767 0.811325
vt 0.329560 0.821206
vt 0.349067 0.786763
vt 0.355139 0.764421
vt 0.357535 0.787852
vt 0.345711 0.804734
vt 0.357137 0.805112
vt 0.351503 0.819172
vt 0.364652 0.810396
vt 0.371248 0.808967
vt 0.382938 0.792543
vt 0.373486 0.791869
vt 0.379360 0.768381
vt 0.413765 0.805143
vt 0.414026 0.803026
vt 0.389321 0.809782
vt 0.410230 0.812011
vt 0.407703 0.816222
vt 0.434338 0.811492
vt 0.347594 0.799067
vt 0.355943 0.781456
vt 0.374445 0.802018
vt 0.382659 0.783988
vt 0.388404 0.791939
vt 0.390792 0.772988
vt 0.351336 0.762775
vt 0.408927 0.766963
vt 0.386537 0.781638
vt 0.377204 0.792871
vt 0.382938 0.792543
vt 0.371102 0.793079
vt 0.369672 0.801986
vt 0.371248 0.808967
vt 0.356462 0.810753
vt 0.369672 0.801986
vt 0.361424 0.813121
vt 0.351243 0.816862
vt 0.351479 0.817896
vt 0.351503 0.819172
vt 0.342878 0.821175
vt 0.361424 0.813121
vt 0.351479 0.817896
vt 0.351503 0.819172
vt 0.334426 0.827194
vt 0.343796 0.815680
vt 0.369672 0.801986
vt 0.332972 0.818405
vt 0.344180 0.807909
vt 0.343198 0.795370
vt 0.331009 0.810734
vt 0.332972 0.818405
vt 0.343796 0.815680
vt 0.331009 0.810734
vt 0.343199 0.795370
vt 0.357137 0.805112
vt 0.348642 0.787603
vt 0.329430 0.803076
vt 0.343199 0.795370
vt 0.357535 0.787853
vt 0.357593 0.777497
vt 0.339572 0.787528
vt 0.709440 0.043119
vt 0.724408 0.063940
vt 0.747011 0.067465
vt 0.736989 0.076328
vt 0.757111 0.067563
vt 0.771757 0.081605
vt 0.793587 0.021506
vt 0.713220 0.021352
vt 0.703370 0.021356
vt 0.747011 0.067465
vt 0.724408 0.063940
vt 0.709440 0.043119
vt 0.736989 0.076328
vt 0.757111 0.067563
vt 0.771757 0.081605
vt 0.370911 0.788645
vt 0.373486 0.791869
vt 0.379360 0.768381
vt 0.359494 0.808991
vt 0.364652 0.810396
vt 0.351503 0.819172
vt 0.348972 0.815839
vt 0.343273 0.803827
vt 0.345711 0.804734
vt 0.349067 0.786763
vt 0.349799 0.784280
vt 0.355139 0.764421
vt 0.359537 0.773118
vt 0.352496 0.794191
vt 0.356852 0.792175
vt 0.343763 0.814865
vt 0.350474 0.811058
vt 0.338263 0.816135
vt 0.329560 0.821206
vt 0.322606 0.808340
vt 0.333660 0.805569
vt 0.331258 0.786775
vt 0.325645 0.788468
vt 0.332313 0.768518
vt 0.925477 0.688772
vt 0.926389 0.778954
vt 0.885682 0.759833
vt 0.885682 0.759833
vt 0.885027 0.689869
vt 0.885027 0.689869
vt 0.884337 0.584013
vt 0.884337 0.584013
vt 0.925470 0.607764
vt 0.599683 0.365228
vt 0.556589 0.500517
vt 0.578940 0.498204
vt 0.557543 0.315713
vt 0.602354 0.325558
vt 0.560607 0.153429
vt 0.575439 0.158378
vt 0.560607 0.153429
vt 0.575439 0.158378
vt 0.602354 0.325558
vt 0.557543 0.315713
vt 0.599683 0.365228
vt 0.556589 0.500517
vt 0.578940 0.498204
vt 0.519746 0.152263
vt 0.560607 0.153429
vt 0.557543 0.315713
vt 0.557543 0.315713
vt 0.560607 0.153429
vt 0.520109 0.316360
vt 0.556589 0.500517
vt 0.556589 0.500517
vt 0.523598 0.499129
vt 0.395713 0.772974
vt 0.450257 0.771101
vt 0.386537 0.781638
vt 0.369676 0.788326
vt 0.442947 0.760894
vt 0.380777 0.745810
vt 0.378559 0.776566
vt 0.395374 0.768031
vt 0.448983 0.761911
vt 0.447644 0.756190
vt 0.440038 0.756352
vt 0.387692 0.756771
vt 0.395678 0.763470
vt 0.382678 0.762952
vt 0.395678 0.763470
vt 0.447644 0.756190
vt 0.448983 0.761911
vt 0.442947 0.760894
vt 0.450257 0.771101
vt 0.380777 0.745810
vt 0.440038 0.756352
vt 0.387692 0.756771
vt 0.395713 0.772974
vt 0.369676 0.788326
vt 0.386537 0.781638
vt 0.378559 0.776566
vt 0.382659 0.783988
vt 0.388404 0.791939
vt 0.374445 0.802018
vt 0.355943 0.781456
vt 0.390792 0.772988
vt 0.351336 0.762775
vt 0.408927 0.766963
vt 0.347594 0.799067
vt 0.382659 0.783988
vt 0.374445 0.802018
vt 0.388404 0.791939
vt 0.351336 0.762775
vt 0.390792 0.772988
vt 0.408927 0.766963
vt 0.347594 0.799067
vt 0.348972 0.815839
vt 0.359494 0.808991
vt 0.350474 0.811058
vt 0.356852 0.792175
vt 0.370911 0.788645
vt 0.359537 0.773118
vt 0.379360 0.768381
vt 0.332313 0.768518
vt 0.355139 0.764421
vt 0.349799 0.784280
vt 0.331258 0.786775
vt 0.343273 0.803827
vt 0.333660 0.805569
vt 0.338263 0.816135
vt 0.413765 0.805143
vt 0.411790 0.808648
vt 0.429675 0.823361
vt 0.407703 0.816222
vt 0.420907 0.822761
vt 0.434338 0.811492
vt 0.409909 0.819408
vt 0.431400 0.798069
vt 0.396729 0.824537
vt 0.372605 0.781019
vt 0.375387 0.811515
vt 0.358600 0.796580
vt 0.421784 0.839137
vt 0.416969 0.839307
vt 0.429793 0.837187
vt 0.342542 0.828800
vt 0.322364 0.839573
vt 0.336061 0.825385
vt 0.344196 0.821033
vt 0.361665 0.814855
vt 0.407446 0.830423
vt 0.416969 0.839307
vt 0.385217 0.821294
vt 0.361901 0.806546
vt 0.356335 0.817375
vt 0.344054 0.812248
vt 0.373030 0.828566
vt 0.421090 0.841585
vt 0.350184 0.805284
vt 0.339888 0.792842
vt 0.348267 0.776738
vt 0.349396 0.771395
vt 0.370506 0.779317
vt 0.382274 0.761164
vt 0.449857 0.774541
vt 0.398790 0.786981
vt 0.407445 0.790363
vt 0.407445 0.790363
vt 0.401807 0.795021
vt 0.398975 0.795218
vt 0.386594 0.801571
vt 0.380064 0.809420
vt 0.389321 0.809782
vt 0.382037 0.813329
vt 0.368230 0.818766
vt 0.370243 0.823403
vt 0.386730 0.822427
vt 0.372055 0.827002
vt 0.390381 0.824822
vt 0.380370 0.821555
vt 0.361709 0.821899
vt 0.377549 0.808031
vt 0.364470 0.833627
vt 0.359271 0.826811
vt 0.364322 0.810010
vt 0.355955 0.804318
vt 0.350561 0.814597
vt 0.346529 0.824306
vt 0.359481 0.796756
vt 0.379296 0.791937
vt 0.372882 0.791641
vt 0.368177 0.782777
vt 0.383583 0.786949
vt 0.398131 0.770023
vt 0.379260 0.770144
vt 0.449689 0.753431
vt 0.378872 0.745563
vt 0.379358 0.749550
vt 0.355362 0.744998
vt 0.356903 0.738917
vt 0.368180 0.788688
vt 0.379795 0.790819
vt 0.424608 0.817836
vt 0.414916 0.811198
vt 0.383583 0.786949
vt 0.406927 0.784249
vt 0.430599 0.804153
vt 0.406898 0.792689
vt 0.399687 0.803212
vt 0.401135 0.807184
vt 0.377549 0.808031
vt 0.382425 0.818024
vt 0.417327 0.811579
vt 0.402718 0.818691
vt 0.411556 0.808064
vt 0.415274 0.816307
vt 0.389321 0.809782
vt 0.388668 0.818878
vt 0.391926 0.821234
vt 0.422545 0.812296
vt 0.422965 0.809631
vt 0.322096 0.779035
vt 0.345745 0.765256
vt 0.340983 0.763899
vt 0.345745 0.765256
vt 0.322096 0.779035
vt 0.338398 0.775359
vt 0.331233 0.808276
vt 0.348457 0.792687
vt 0.341766 0.795564
vt 0.348457 0.792687
vt 0.331233 0.808276
vt 0.340696 0.806129
vt 0.370968 0.802398
vt 0.357758 0.811165
vt 0.378500 0.793283
vt 0.384234 0.792955
vt 0.372544 0.809379
vt 0.387833 0.782050
vt 0.372398 0.793491
vt 0.380656 0.768793
vt 0.384234 0.792955
vt 0.387833 0.782050
vt 0.449527 0.772248
vt 0.675793 0.603782
vt 0.673077 0.617219
vt 0.669451 0.598470
vt 0.669451 0.598470
vt 0.673077 0.617219
vt 0.675793 0.603782
vt 0.666271 0.604691
vt 0.673077 0.617219
vt 0.669451 0.598470
vt 0.669451 0.598470
vt 0.673077 0.617219
vt 0.666271 0.604691
vt 0.677688 0.613434
vt 0.690879 0.608642
vt 0.676312 0.621786
vt 0.676312 0.621786
vt 0.690879 0.608642
vt 0.677688 0.613434
vt 0.684259 0.621768
vt 0.690879 0.608642
vt 0.676312 0.621786
vt 0.676312 0.621786
vt 0.690879 0.608642
vt 0.684259 0.621768
vt 0.416025 0.840287
vt 0.420840 0.840116
vt 0.420146 0.842564
vt 0.343258 0.779283
vt 0.337644 0.766805
vt 0.349343 0.772754
vt 0.348215 0.778097
vt 0.336226 0.790234
vt 0.339835 0.794201
vt 0.376050 0.229327
vt 0.497316 0.331796
vt 0.353530 0.325249
vt 0.499332 0.175481
vt 0.384524 0.232791
vt 0.355979 0.326255
vt 0.371920 0.414659
vt 0.502089 0.484482
vt 0.375496 0.411194
vt 0.376050 0.229327
vt 0.358437 0.211536
vt 0.500041 0.149819
vt 0.499332 0.175481
vt 0.384524 0.232791
vt 0.367701 0.213508
vt 0.331266 0.323863
vt 0.355979 0.326255
vt 0.353581 0.429776
vt 0.371920 0.414659
vt 0.500655 0.507470
vt 0.502089 0.484482
vt 0.359398 0.427805
vt 0.375496 0.411194
vt 0.329542 0.324968
vt 0.353530 0.325249
vt 0.383224 0.793801
vt 0.400085 0.787393
vt 0.385718 0.781785
vt 0.372038 0.810905
vt 0.388026 0.822839
vt 0.389964 0.819290
vt 0.390617 0.810195
vt 0.436953 0.830252
vt 0.436791 0.839400
vt 0.428850 0.838166
vt 0.429753 0.834582
vt 0.430153 0.826597
vt 0.428731 0.824341
vt 0.424261 0.810044
vt 0.410407 0.824123
vt 0.423841 0.812708
vt 0.411450 0.825162
vt 0.410897 0.832221
vt 0.449957 0.771455
vt 0.449126 0.775688
vt 0.382221 0.762523
vt 0.380725 0.747169
vt 0.400085 0.787393
vt 0.385718 0.781785
vt 0.358805 0.201962
vt 0.313800 0.325779
vt 0.331266 0.323863
vt 0.367701 0.213508
vt 0.341363 0.442357
vt 0.353581 0.429776
vt 0.500827 0.522161
vt 0.500655 0.507470
vt 0.347277 0.438147
vt 0.359398 0.427805
vt 0.312043 0.323797
vt 0.329542 0.324968
vt 0.345282 0.198431
vt 0.358437 0.211536
vt 0.504374 0.131475
vt 0.500041 0.149819
vt 0.317097 0.803501
vt 0.336226 0.790234
vt 0.339835 0.794201
vt 0.339835 0.794201
vt 0.334060 0.798455
vt 0.317097 0.803501
vt 0.328106 0.822960
vt 0.337938 0.813538
vt 0.344002 0.813607
vt 0.344002 0.813607
vt 0.338454 0.816658
vt 0.328106 0.822960
vt 0.333573 0.836416
vt 0.322311 0.840932
vt 0.342489 0.830159
vt 0.344143 0.822392
vt 0.341943 0.831577
vt 0.333573 0.836416
vt 0.355316 0.847610
vt 0.340932 0.836321
vt 0.355316 0.847610
vt 0.348553 0.830075
vt 0.341943 0.831577
vt 0.340932 0.836321
vt 0.344495 0.795782
vt 0.330726 0.803488
vt 0.349938 0.788015
vt 0.358831 0.788265
vt 0.358433 0.805524
vt 0.358889 0.777909
vt 0.340868 0.787940
vt 0.381855 0.767629
vt 0.374766 0.755497
vt 0.386293 0.751293
vt 0.364558 0.768597
vt 0.344714 0.772208
vt 0.361834 0.763522
vt 0.371614 0.759721
vt 0.367486 0.754530
vt 0.373570 0.750311
vt 0.352469 0.752822
vt 0.361254 0.758973
vt 0.347666 0.758627
vt 0.374766 0.755497
vt 0.386293 0.751293
vt 0.373570 0.750311
vt 0.352469 0.752822
vt 0.361254 0.758973
vt 0.347666 0.758627
vt 0.371614 0.759721
vt 0.381855 0.767629
vt 0.358889 0.777909
vt 0.337282 0.783806
vt 0.361834 0.763523
vt 0.344714 0.772208
vt 0.337282 0.783806
vt 0.358889 0.777909
vt 0.347594 0.799067
vt 0.374445 0.802018
vt 0.355943 0.781456
vt 0.351336 0.762775
vt 0.390792 0.772988
vt 0.408927 0.766963
vt 0.382659 0.783988
vt 0.388404 0.791939
vt 0.358889 0.777909
vt 0.356435 0.764833
vt 0.381855 0.767629
vt 0.358831 0.788265
vt 0.372038 0.810905
vt 0.383224 0.793801
vt 0.384234 0.792955
vt 0.387833 0.782050
vt 0.385718 0.781785
vt 0.449527 0.772248
vt 0.449957 0.771455
vt 0.380725 0.747169
vt 0.372544 0.809379
vt 0.352799 0.819584
vt 0.348915 0.823610
vt 0.353388 0.805806
vt 0.378546 0.767511
vt 0.381855 0.767629
vt 0.386293 0.751293
vt 0.353758 0.777338
vt 0.358889 0.777909
vt 0.353313 0.788776
vt 0.358831 0.788265
vt 0.358433 0.805524
vt 0.334060 0.798455
vt 0.339835 0.794201
vt 0.344002 0.813607
vt 0.337938 0.813538
vt 0.333573 0.836416
vt 0.342489 0.830159
vt 0.340932 0.836321
vt 0.341943 0.831577
vt 0.344143 0.822392
vt 0.338398 0.775359
vt 0.341766 0.795564
vt 0.348457 0.792687
vt 0.345745 0.765256
vt 0.336008 0.826744
vt 0.338454 0.816658
vt 0.340696 0.806129
vt 0.675793 0.603782
vt 0.669451 0.598470
vt 0.673077 0.617219
vt 0.669451 0.598470
vt 0.675793 0.603782
vt 0.673077 0.617219
vt 0.666271 0.604691
vt 0.669451 0.598470
vt 0.673077 0.617219
vt 0.669451 0.598470
vt 0.666271 0.604691
vt 0.673077 0.617219
vt 0.677688 0.613434
vt 0.676312 0.621786
vt 0.690879 0.608642
vt 0.676312 0.621786
vt 0.677688 0.613434
vt 0.690879 0.608642
vt 0.684259 0.621768
vt 0.676312 0.621786
vt 0.690879 0.608642
vt 0.676312 0.621786
vt 0.684259 0.621768
vt 0.690879 0.608642
vt 0.426505 0.832600
vt 0.424773 0.839171
vt 0.425975 0.836350
vt 0.345745 0.765256
vt 0.348457 0.792687
vt 0.354410 0.786550
vt 0.357224 0.814310
vt 0.370479 0.805424
vt 0.374738 0.821657
vt 0.388661 0.830946
vt 0.384240 0.837163
vt 0.426505 0.832600
vt 0.412231 0.840943
vt 0.424773 0.839171
vt 0.361612 0.816214
vt 0.357224 0.814310
vt 0.344143 0.822392
vt 0.348553 0.830075
vt 0.342489 0.830159
vt 0.353354 0.821227
vt 0.340932 0.836321
vt 0.356282 0.818734
vt 0.341943 0.831577
vt 0.340983 0.763899
vt 0.345745 0.765256
vt 0.355309 0.746357
vt 0.347970 0.751460
vt 0.356851 0.740276
vt 0.344806 0.735869
vt 0.378546 0.767511
vt 0.386293 0.751293
vt 0.448958 0.754578
vt 0.369473 0.783189
vt 0.353758 0.777338
vt 0.380556 0.770556
vt 0.358805 0.201962
vt 0.367701 0.213508
vt 0.331266 0.323863
vt 0.500041 0.149819
vt 0.504374 0.131475
vt 0.313800 0.325779
vt 0.341363 0.442357
vt 0.353581 0.429776
vt 0.500827 0.522161
vt 0.500655 0.507470
vt 0.347277 0.438147
vt 0.359398 0.427805
vt 0.312043 0.323797
vt 0.329542 0.324968
vt 0.345282 0.198431
vt 0.358437 0.211536
vt 0.376050 0.229327
vt 0.353530 0.325249
vt 0.497316 0.331796
vt 0.499332 0.175481
vt 0.384524 0.232791
vt 0.355979 0.326255
vt 0.371920 0.414659
vt 0.375496 0.411194
vt 0.502089 0.484482
vt 0.384524 0.232791
vt 0.355979 0.326255
vt 0.331266 0.323863
vt 0.367701 0.213508
vt 0.500041 0.149819
vt 0.499332 0.175481
vt 0.376050 0.229327
vt 0.358437 0.211536
vt 0.353530 0.325249
vt 0.329542 0.324968
vt 0.375496 0.411194
vt 0.359398 0.427805
vt 0.502089 0.484482
vt 0.500655 0.507470
vt 0.371920 0.414659
vt 0.353581 0.429776
vt 0.381666 0.821967
vt 0.378845 0.808443
vt 0.383721 0.818436
vt 0.409563 0.828918
vt 0.409070 0.825959
vt 0.410123 0.815589
vt 0.410373 0.825666
vt 0.413008 0.833588
vt 0.409413 0.812416
vt 0.412852 0.808476
vt 0.421608 0.802099
vt 0.418623 0.811992
vt 0.415710 0.820482
vt 0.412996 0.829915
vt 0.436791 0.839400
vt 0.410547 0.835595
vt 0.434187 0.839761
vt 0.413008 0.833588
vt 0.408223 0.784661
vt 0.408194 0.793101
vt 0.405669 0.791779
vt 0.400983 0.803624
vt 0.401550 0.801549
vt 0.378845 0.808443
vt 0.410897 0.832221
vt 0.423841 0.812708
vt 0.427613 0.817709
vt 0.410547 0.835595
vt 0.436791 0.839400
vt 0.412996 0.829915
vt 0.418623 0.811992
vt 0.413008 0.833588
vt 0.425975 0.836350
vt 0.409563 0.828918
vt 0.426505 0.832600
vt 0.403990 0.809951
vt 0.409413 0.812416
vt 0.804856 0.113245
vt 0.785381 0.111178
vt 0.772903 0.096783
vt 0.819919 0.101773
vt 0.771757 0.081605
vt 0.833229 0.088032
vt 0.353313 0.788776
vt 0.353758 0.777338
vt 0.369473 0.783189
vt 0.353388 0.805806
vt 0.351857 0.815009
vt 0.347825 0.824718
vt 0.348915 0.823610
vt 0.360567 0.827223
vt 0.369526 0.819178
vt 0.888518 0.048379
vt 0.895311 0.068169
vt 0.877178 0.062547
vt 0.866193 0.050323
vt 0.893710 0.021513
vt 0.833229 0.088032
vt 0.858976 0.083340
vt 0.847567 0.095833
vt 0.866683 0.111838
vt 0.771757 0.081605
vt 0.793587 0.021506
vt 0.771757 0.081605
vt 0.833229 0.088032
vt 0.866193 0.050323
vt 0.888518 0.048379
vt 0.877178 0.062547
vt 0.895311 0.068169
vt 0.858976 0.083340
vt 0.847567 0.095833
vt 0.866683 0.111838
vt 0.917926 0.021446
vt 0.819919 0.101773
vt 0.833229 0.088032
vt 0.771757 0.081605
vt 0.772903 0.096783
vt 0.804856 0.113245
vt 0.785381 0.111178
vt 0.325016 0.787512
vt 0.333609 0.768930
vt 0.326941 0.788880
vt 0.323902 0.808752
vt 0.320908 0.806573
vt 0.326208 0.817256
vt 0.349661 0.792731
vt 0.353792 0.794603
vt 0.360833 0.773530
vt 0.345059 0.815277
vt 0.337063 0.811737
vt 0.330856 0.821618
vt 0.350363 0.787175
vt 0.356435 0.764833
vt 0.358831 0.788265
vt 0.347008 0.805146
vt 0.358433 0.805524
vt 0.352799 0.819584
vt 0.365948 0.810808
vt 0.372544 0.809379
vt 0.384234 0.792955
vt 0.374782 0.792281
vt 0.380656 0.768793
vt 0.415061 0.805555
vt 0.415322 0.803438
vt 0.390617 0.810195
vt 0.409499 0.813158
vt 0.406972 0.817369
vt 0.433394 0.812472
vt 0.347594 0.799067
vt 0.355943 0.781456
vt 0.374445 0.802018
vt 0.382659 0.783988
vt 0.388404 0.791939
vt 0.390792 0.772988
vt 0.351336 0.762775
vt 0.408927 0.766963
vt 0.387833 0.782050
vt 0.378500 0.793283
vt 0.384234 0.792955
vt 0.372398 0.793491
vt 0.370968 0.802398
vt 0.372544 0.809379
vt 0.357758 0.811165
vt 0.370968 0.802398
vt 0.362720 0.813533
vt 0.352539 0.817274
vt 0.352775 0.818308
vt 0.352799 0.819584
vt 0.344175 0.821587
vt 0.362720 0.813533
vt 0.352775 0.818308
vt 0.352799 0.819584
vt 0.335722 0.827606
vt 0.345092 0.816092
vt 0.370968 0.802398
vt 0.334268 0.818817
vt 0.345477 0.808321
vt 0.344495 0.795782
vt 0.332305 0.811146
vt 0.334268 0.818817
vt 0.345092 0.816092
vt 0.332305 0.811146
vt 0.344495 0.795782
vt 0.358433 0.805524
vt 0.349938 0.788015
vt 0.330726 0.803488
vt 0.344495 0.795782
vt 0.358831 0.788265
vt 0.358889 0.777909
vt 0.340868 0.787940
vt 0.709440 0.043119
vt 0.724408 0.063940
vt 0.747011 0.067465
vt 0.736989 0.076328
vt 0.757111 0.067563
vt 0.771757 0.081605
vt 0.793587 0.021506
vt 0.713220 0.021352
vt 0.703370 0.021356
vt 0.747011 0.067465
vt 0.724408 0.063940
vt 0.709440 0.043119
vt 0.736989 0.076328
vt 0.757111 0.067563
vt 0.771757 0.081605
vt 0.372207 0.789058
vt 0.374782 0.792281
vt 0.380656 0.768793
vt 0.360790 0.809403
vt 0.365948 0.810808
vt 0.352799 0.819584
vt 0.350268 0.816251
vt 0.344569 0.804239
vt 0.347008 0.805146
vt 0.350363 0.787175
vt 0.351095 0.784692
vt 0.356435 0.764833
vt 0.360833 0.773530
vt 0.353792 0.794603
vt 0.358148 0.792587
vt 0.345059 0.815277
vt 0.351770 0.811470
vt 0.339559 0.816547
vt 0.330856 0.821618
vt 0.323902 0.808752
vt 0.334956 0.805981
vt 0.332554 0.787187
vt 0.326941 0.788880
vt 0.333609 0.768930
vt 0.925477 0.688772
vt 0.926389 0.778954
vt 0.885682 0.759833
vt 0.885682 0.759833
vt 0.885027 0.689869
vt 0.885027 0.689869
vt 0.884337 0.584013
vt 0.884337 0.584013
vt 0.925470 0.607764
vt 0.599683 0.365228
vt 0.556589 0.500517
vt 0.578940 0.498204
vt 0.557543 0.315713
vt 0.602354 0.325558
vt 0.560607 0.153429
vt 0.575439 0.158378
vt 0.560607 0.153429
vt 0.575439 0.158378
vt 0.602354 0.325558
vt 0.557543 0.315713
vt 0.599683 0.365228
vt 0.556589 0.500517
vt 0.578940 0.498204
vt 0.519746 0.152263
vt 0.560607 0.153429
vt 0.557543 0.315713
vt 0.557543 0.315713
vt 0.560607 0.153429
vt 0.520109 0.316360
vt 0.556589 0.500517
vt 0.556589 0.500517
vt 0.523598 0.499129
vt 0.397009 0.773386
vt 0.449527 0.772248
vt 0.387833 0.782050
vt 0.370972 0.788738
vt 0.442216 0.762041
vt 0.380725 0.747169
vt 0.379855 0.776979
vt 0.396670 0.768443
vt 0.448252 0.763058
vt 0.446913 0.757337
vt 0.439307 0.757499
vt 0.388988 0.757183
vt 0.396974 0.763882
vt 0.383974 0.763364
vt 0.396974 0.763882
vt 0.446913 0.757337
vt 0.448252 0.763058
vt 0.442216 0.762041
vt 0.449527 0.772248
vt 0.380725 0.747169
vt 0.439307 0.757499
vt 0.388988 0.757183
vt 0.397009 0.773386
vt 0.370972 0.788738
vt 0.387833 0.782050
vt 0.379855 0.776979
vt 0.382659 0.783988
vt 0.388404 0.791939
vt 0.374445 0.802018
vt 0.355943 0.781456
vt 0.390792 0.772988
vt 0.351336 0.762775
vt 0.408927 0.766963
vt 0.347594 0.799067
vt 0.382659 0.783988
vt 0.374445 0.802018
vt 0.388404 0.791939
vt 0.351336 0.762775
vt 0.390792 0.772988
vt 0.408927 0.766963
vt 0.347594 0.799067
vt 0.350268 0.816251
vt 0.360790 0.809403
vt 0.351770 0.811470
vt 0.358148 0.792587
vt 0.372207 0.789058
vt 0.360833 0.773530
vt 0.380656 0.768793
vt 0.333609 0.768930
vt 0.356435 0.764833
vt 0.351095 0.784692
vt 0.332554 0.787187
vt 0.344569 0.804239
vt 0.334956 0.805981
vt 0.339559 0.816547
vt 0.415061 0.805555
vt 0.413086 0.809060
vt 0.428731 0.824341
vt 0.406972 0.817369
vt 0.419963 0.823741
vt 0.433394 0.812472
vt 0.408966 0.820387
vt 0.430457 0.799049
vt 0.395786 0.825516
vt 0.372553 0.782378
vt 0.375335 0.812874
vt 0.358548 0.797939
vt 0.420840 0.840116
vt 0.416025 0.840287
vt 0.428850 0.838166
vt 0.342489 0.830159
vt 0.322311 0.840932
vt 0.336008 0.826744
vt 0.344143 0.822392
vt 0.361612 0.816214
vt 0.406503 0.831402
vt 0.416025 0.840287
vt 0.385164 0.822653
vt 0.361849 0.807905
vt 0.356282 0.818734
vt 0.344002 0.813607
vt 0.372977 0.829925
vt 0.350131 0.806643
vt 0.339835 0.794201
vt 0.348215 0.778097
vt 0.349343 0.772754
vt 0.370454 0.780676
vt 0.382221 0.762523
vt 0.449126 0.775688
vt 0.400085 0.787393
vt 0.408741 0.790775
vt 0.408741 0.790775
vt 0.403103 0.795433
vt 0.400271 0.795631
vt 0.387890 0.801983
vt 0.381360 0.809832
vt 0.390617 0.810195
vt 0.383333 0.813741
vt 0.369526 0.819178
vt 0.371539 0.823815
vt 0.388026 0.822839
vt 0.373351 0.827414
vt 0.391677 0.825235
vt 0.381666 0.821967
vt 0.363005 0.822311
vt 0.378845 0.808443
vt 0.365766 0.834039
vt 0.360567 0.827223
vt 0.365618 0.810423
vt 0.357252 0.804730
vt 0.351857 0.815009
vt 0.347825 0.824718
vt 0.360777 0.797168
vt 0.380592 0.792349
vt 0.374178 0.792053
vt 0.369473 0.783189
vt 0.384879 0.787361
vt 0.399427 0.770435
vt 0.380556 0.770556
vt 0.448958 0.754578
vt 0.378820 0.746921
vt 0.379305 0.750909
vt 0.355309 0.746357
vt 0.356851 0.740276
vt 0.368127 0.790047
vt 0.379742 0.792178
vt 0.423664 0.818815
vt 0.413972 0.812178
vt 0.384879 0.787361
vt 0.408223 0.784661
vt 0.429655 0.805132
vt 0.408194 0.793101
vt 0.400983 0.803624
vt 0.402431 0.807596
vt 0.378845 0.808443
vt 0.383721 0.818436
vt 0.418623 0.811992
vt 0.404014 0.819103
vt 0.412852 0.808476
vt 0.416570 0.816720
vt 0.390617 0.810195
vt 0.389964 0.819290
vt 0.393222 0.821646
vt 0.423841 0.812708
vt 0.424261 0.810044
vt 0.420146 0.842564
f 632/632/632 631/631/631 630/630/630
f 635/635/635 634/634/634 633/633/633
f 638/638/638 637/637/637 636/636/636
f 641/641/641 640/640/640 639/639/639
f 644/644/644 643/643/643 642/642/642
f 646/646/646 645/645/645 642/642/642
f 642/642/642 645/645/645 644/644/644
f 644/644/644 645/645/645 647/647/647
f 644/644/644 647/647/647 648/648/648
f 651/651/651 650/650/650 649/649/649
f 649/649/649 652/652/652 651/651/651
f 655/655/655 654/654/654 653/653/653
f 658/658/658 657/657/657 656/656/656
f 661/661/661 660/660/660 659/659/659
f 664/664/664 663/663/663 662/662/662
f 667/667/667 666/666/666 665/665/665
f 670/670/670 669/669/669 668/668/668
f 673/673/673 672/672/672 671/671/671
f 676/676/676 675/675/675 674/674/674
f 679/679/679 678/678/678 677/677/677
f 682/682/682 681/681/681 680/680/680
f 680/680/680 683/683/683 682/682/682
f 683/683/683 680/680/680 684/684/684
f 684/684/684 685/685/685 683/683/683
f 688/688/688 687/687/687 686/686/686
f 686/686/686 687/687/687 689/689/689
f 687/687/687 690/690/690 689/689/689
f 690/690/690 687/687/687 691/691/691
f 691/691/691 687/687/687 692/692/692
f 692/692/692 687/687/687 693/693/693
f 693/693/693 687/687/687 694/694/694
f 694/694/694 687/687/687 688/688/688
f 697/697/697 696/696/696 695/695/695
f 695/695/695 698/698/698 697/697/697
f 697/697/697 698/698/698 699/699/699
f 699/699/699 700/700/700 697/697/697
f 701/701/701 700/700/700 699/699/699
f 699/699/699 702/702/702 701/701/701
f 703/703/703 701/701/701 702/702/702
f 702/702/702 704/704/704 703/703/703
f 705/705/705 703/703/703 704/704/704
f 704/704/704 706/706/706 705/705/705
f 707/707/707 705/705/705 706/706/706
f 706/706/706 708/708/708 707/707/707
f 709/709/709 707/707/707 708/708/708
f 708/708/708 710/710/710 709/709/709
f 696/696/696 709/709/709 710/710/710
f 710/710/710 695/695/695 696/696/696
f 713/713/713 712/712/712 711/711/711
f 717/717/717 716/716/716 715/715/715
f 720/720/720 719/719/719 718/718/718
f 718/718/718 721/721/721 720/720/720
f 720/720/720 721/721/721 722/722/722
f 722/722/722 723/723/723 720/720/720
f 724/724/724 723/723/723 722/722/722
f 722/722/722 725/725/725 724/724/724
f 726/726/726 724/724/724 725/725/725
f 725/725/725 727/727/727 726/726/726
f 728/728/728 726/726/726 727/727/727
f 727/727/727 718/718/718 728/728/728
f 728/728/728 718/718/718 719/719/719
f 731/731/731 730/730/730 729/729/729
f 729/729/729 732/732/732 731/731/731
f 729/729/729 730/730/730 733/733/733
f 733/733/733 734/734/734 729/729/729
f 737/737/737 736/736/736 735/735/735
f 735/735/735 738/738/738 737/737/737
f 739/739/739 736/736/736 737/737/737
f 737/737/737 740/740/740 739/739/739
f 741/741/741 739/739/739 740/740/740
f 740/740/740 742/742/742 741/741/741
f 743/743/743 741/741/741 742/742/742
f 742/742/742 744/744/744 743/743/743
f 745/745/745 743/743/743 744/744/744
f 744/744/744 746/746/746 745/745/745
f 747/747/747 745/745/745 746/746/746
f 746/746/746 748/748/748 747/747/747
f 749/749/749 747/747/747 748/748/748
f 748/748/748 750/750/750 749/749/749
f 735/735/735 749/749/749 750/750/750
f 750/750/750 738/738/738 735/735/735
f 753/753/753 752/752/752 751/751/751
f 756/756/756 755/755/755 754/754/754
f 759/759/759 758/758/758 757/757/757
f 762/762/762 761/761/761 760/760/760
f 765/765/765 764/764/764 763/763/763
f 764/764/764 766/766/766 763/763/763
f 769/769/769 768/768/768 767/767/767
f 768/768/768 769/769/769 770/770/770
f 773/773/773 772/772/772 771/771/771
f 772/772/772 774/774/774 771/771/771
f 777/777/777 776/776/776 775/775/775
f 779/779/779 778/778/778 775/775/775
f 775/775/775 778/778/778 777/777/777
f 777/777/777 778/778/778 780/780/780
f 777/777/777 780/780/780 781/781/781
f 784/784/784 783/783/783 782/782/782
f 787/787/787 786/786/786 785/785/785
f 787/787/787 785/785/785 782/782/782
f 782/782/782 788/788/788 787/787/787
f 782/782/782 783/783/783 788/788/788
f 788/788/788 783/783/783 789/789/789
f 789/789/789 783/783/783 784/784/784
f 784/784/784 790/790/790 789/789/789
f 790/790/790 791/791/791 789/789/789
f 789/789/789 793/793/793 792/792/792
f 789/789/789 792/792/792 788/788/788
f 795/795/795 794/794/794 789/789/789
f 789/789/789 796/796/796 795/795/795
f 797/797/797 796/796/796 789/789/789
f 799/799/799 789/789/789 798/798/798
f 800/800/800 798/798/798 789/789/789
f 789/789/789 794/794/794 800/800/800
f 794/794/794 801/801/801 800/800/800
f 794/794/794 795/795/795 801/801/801
f 802/802/802 782/782/782 785/785/785
f 785/785/785 803/803/803 802/802/802
f 805/805/805 804/804/804 785/785/785
f 807/807/807 806/806/806 785/785/785
f 785/785/785 801/801/801 807/807/807
f 801/801/801 785/785/785 804/804/804
f 804/804/804 800/800/800 801/801/801
f 810/810/810 809/809/809 808/808/808
f 813/813/813 812/812/812 811/811/811
f 810/810/810 811/811/811 812/812/812
f 812/812/812 814/814/814 810/810/810
f 810/810/810 814/814/814 809/809/809
f 815/815/815 809/809/809 814/814/814
f 818/818/818 817/817/817 816/816/816
f 819/819/819 816/816/816 817/817/817
f 822/822/822 821/821/821 820/820/820
f 821/821/821 822/822/822 823/823/823
f 823/823/823 824/824/824 821/821/821
f 824/824/824 823/823/823 825/825/825
f 825/825/825 826/826/826 824/824/824
f 825/825/825 827/827/827 826/826/826
f 820/820/820 828/828/828 822/822/822
f 829/829/829 828/828/828 820/820/820
f 820/820/820 830/830/830 829/829/829
f 829/829/829 830/830/830 831/831/831
f 834/834/834 833/833/833 832/832/832
f 835/835/835 832/832/832 833/833/833
f 833/833/833 836/836/836 835/835/835
f 837/837/837 835/835/835 836/836/836
f 836/836/836 838/838/838 837/837/837
f 831/831/831 837/837/837 838/838/838
f 838/838/838 839/839/839 831/831/831
f 831/831/831 839/839/839 829/829/829
f 842/842/842 841/841/841 840/840/840
f 840/840/840 843/843/843 842/842/842
f 846/846/846 845/845/845 844/844/844
f 848/848/848 847/847/847 844/844/844
f 851/851/851 850/850/850 849/849/849
f 849/849/849 852/852/852 851/851/851
f 853/853/853 845/845/845 842/842/842
f 842/842/842 854/854/854 853/853/853
f 853/853/853 855/855/855 851/851/851
f 851/851/851 848/848/848 853/853/853
f 858/858/858 857/857/857 856/856/856
f 861/861/861 860/860/860 859/859/859
f 864/864/864 863/863/863 862/862/862
f 867/867/867 866/866/866 865/865/865
f 870/870/870 869/869/869 868/868/868
f 873/873/873 872/872/872 871/871/871
f 876/876/876 875/875/875 874/874/874
f 879/879/879 878/878/878 877/877/877
f 882/882/882 881/881/881 880/880/880
f 885/885/885 884/884/884 883/883/883
f 884/884/884 885/885/885 886/886/886
f 886/886/886 885/885/885 887/887/887
f 887/887/887 888/888/888 886/886/886
f 889/889/889 888/888/888 887/887/887
f 888/888/888 889/889/889 890/890/890
f 890/890/890 889/889/889 891/891/891
f 891/891/891 892/892/892 890/890/890
f 891/891/891 893/893/893 892/892/892
f 896/896/896 895/895/895 894/894/894
f 899/899/899 898/898/898 897/897/897
f 897/897/897 898/898/898 900/900/900
f 894/894/894 901/901/901 898/898/898
f 898/898/898 899/899/899 894/894/894
f 894/894/894 899/899/899 896/896/896
f 896/896/896 899/899/899 897/897/897
f 896/896/896 897/897/897 902/902/902
f 905/905/905 904/904/904 903/903/903
f 903/903/903 906/906/906 905/905/905
f 907/907/907 905/905/905 906/906/906
f 906/906/906 908/908/908 907/907/907
f 911/911/911 910/910/910 909/909/909
f 909/909/909 913/913/913 912/912/912
f 912/912/912 914/914/914 909/909/909
f 909/909/909 914/914/914 911/911/911
f 917/917/917 916/916/916 915/915/915
f 915/915/915 916/916/916 918/918/918
f 918/918/918 919/919/919 915/915/915
f 915/915/915 920/920/920 917/917/917
f 917/917/917 920/920/920 921/921/921
f 921/921/921 922/922/922 917/917/917
f 922/922/922 921/921/921 923/923/923
f 923/923/923 924/924/924 922/922/922
f 924/924/924 923/923/923 925/925/925
f 925/925/925 926/926/926 924/924/924
f 926/926/926 925/925/925 927/927/927
f 927/927/927 928/928/928 926/926/926
f 928/928/928 927/927/927 929/929/929
f 929/929/929 930/930/930 928/928/928
f 930/930/930 929/929/929 919/919/919
f 919/919/919 918/918/918 930/930/930
f 933/933/933 932/932/932 931/931/931
f 933/933/933 931/931/931 934/934/934
f 935/935/935 933/933/933 934/934/934
f 933/933/933 935/935/935 936/936/936
f 933/933/933 936/936/936 937/937/937
f 933/933/933 938/938/938 932/932/932
f 933/933/933 939/939/939 938/938/938
f 933/933/933 937/937/937 939/939/939
f 942/942/942 941/941/941 940/940/940
f 940/940/940 943/943/943 942/942/942
f 944/944/944 943/943/943 940/940/940
f 940/940/940 945/945/945 944/944/944
f 944/944/944 945/945/945 946/946/946
f 946/946/946 947/947/947 944/944/944
f 947/947/947 946/946/946 948/948/948
f 948/948/948 949/949/949 947/947/947
f 949/949/949 948/948/948 950/950/950
f 950/950/950 951/951/951 949/949/949
f 951/951/951 950/950/950 952/952/952
f 952/952/952 953/953/953 951/951/951
f 953/953/953 952/952/952 954/954/954
f 954/954/954 955/955/955 953/953/953
f 955/955/955 954/954/954 941/941/941
f 941/941/941 942/942/942 955/955/955
f 958/958/958 957/957/957 956/956/956
f 961/961/961 960/960/960 959/959/959
f 959/959/959 960/960/960 962/962/962
f 962/962/962 963/963/963 959/959/959
f 959/959/959 964/964/964 961/961/961
f 961/961/961 964/964/964 965/965/965
f 965/965/965 966/966/966 961/961/961
f 966/966/966 965/965/965 967/967/967
f 967/967/967 968/968/968 966/966/966
f 968/968/968 967/967/967 969/969/969
f 969/969/969 962/962/962 968/968/968
f 962/962/962 969/969/969 963/963/963
f 972/972/972 971/971/971 970/970/970
f 971/971/971 972/972/972 973/973/973
f 976/976/976 975/975/975 974/974/974
f 977/977/977 975/975/975 976/976/976
f 976/976/976 978/978/978 977/977/977
f 978/978/978 979/979/979 977/977/977
f 982/982/982 981/981/981 980/980/980
f 983/983/983 982/982/982 980/980/980
f 983/983/983 980/980/980 984/984/984
f 986/986/986 982/982/982 985/985/985
f 982/982/982 983/983/983 985/985/985
f 985/985/985 983/983/983 987/987/987
f 989/989/989 987/987/987 988/988/988
f 988/988/988 990/990/990 989/989/989
f 989/989/989 990/990/990 991/991/991
f 991/991/991 992/992/992 989/989/989
f 995/995/995 994/994/994 993/993/993
f 993/993/993 996/996/996 995/995/995
f 997/997/997 995/995/995 996/996/996
f 996/996/996 998/998/998 997/997/997
f 1001/1001/1001 1000/1000/1000 999/999/999
f 1004/1004/1004 1003/1003/1003 1002/1002/1002
f 1002/1002/1002 1005/1005/1005 1004/1004/1004
f 1006/1006/1006 1005/1005/1005 714/714/714
f 714/714/714 1007/1007/1007 1006/1006/1006
f 1010/1010/1010 1009/1009/1009 1008/1008/1008
f 1008/1008/1008 1012/1012/1012 1011/1011/1011
f 1011/1011/1011 1010/1010/1010 1008/1008/1008
f 1010/1010/1010 1011/1011/1011 1013/1013/1013
f 1013/1013/1013 1014/1014/1014 1010/1010/1010
f 1014/1014/1014 1013/1013/1013 1015/1015/1015
f 1015/1015/1015 1016/1016/1016 1014/1014/1014
f 1011/1011/1011 1018/1018/1018 1017/1017/1017
f 1017/1017/1017 1013/1013/1013 1011/1011/1011
f 1021/1021/1021 1020/1020/1020 1019/1019/1019
f 1019/1019/1019 1018/1018/1018 1021/1021/1021
f 1021/1021/1021 1018/1018/1018 1012/1012/1012
f 1018/1018/1018 1011/1011/1011 1012/1012/1012
f 1024/1024/1024 1023/1023/1023 1022/1022/1022
f 1027/1027/1027 1026/1026/1026 1025/1025/1025
f 1020/1020/1020 1025/1025/1025 1026/1026/1026
f 1023/1023/1023 1025/1025/1025 1020/1020/1020
f 1020/1020/1020 1021/1021/1021 1023/1023/1023
f 1022/1022/1022 1023/1023/1023 1021/1021/1021
f 1021/1021/1021 1012/1012/1012 1022/1022/1022
f 1022/1022/1022 1012/1012/1012 1028/1028/1028
f 1012/1012/1012 1008/1008/1008 1028/1028/1028
f 1031/1031/1031 1030/1030/1030 1029/1029/1029
f 1029/1029/1029 1032/1032/1032 1031/1031/1031
f 1032/1032/1032 1029/1029/1029 1033/1033/1033
f 1033/1033/1033 1034/1034/1034 1032/1032/1032
f 1037/1037/1037 1036/1036/1036 1035/1035/1035
f 1038/1038/1038 1037/1037/1037 1035/1035/1035
f 1035/1035/1035 1039/1039/1039 1038/1038/1038
f 1038/1038/1038 1039/1039/1039 1040/1040/1040
f 1043/1043/1043 1042/1042/1042 1041/1041/1041
f 1041/1041/1041 1042/1042/1042 1044/1044/1044
f 1044/1044/1044 1045/1045/1045 1041/1041/1041
f 1040/1040/1040 1045/1045/1045 1044/1044/1044
f 1044/1044/1044 1046/1046/1046 1040/1040/1040
f 1040/1040/1040 1046/1046/1046 1038/1038/1038
f 1049/1049/1049 1048/1048/1048 1047/1047/1047
f 1049/1049/1049 1047/1047/1047 1050/1050/1050
f 1050/1050/1050 1051/1051/1051 1049/1049/1049
f 1052/1052/1052 1051/1051/1051 1050/1050/1050
f 1054/1054/1054 1052/1052/1052 1053/1053/1053
f 1055/1055/1055 1054/1054/1054 1053/1053/1053
f 1053/1053/1053 1056/1056/1056 1055/1055/1055
f 1057/1057/1057 1055/1055/1055 1056/1056/1056
f 1060/1060/1060 1059/1059/1059 1058/1058/1058
f 1058/1058/1058 1059/1059/1059 1061/1061/1061
f 1061/1061/1061 1062/1062/1062 1058/1058/1058
f 1062/1062/1062 1061/1061/1061 1063/1063/1063
f 1066/1066/1066 1065/1065/1065 1064/1064/1064
f 1066/1066/1066 1068/1068/1068 1067/1067/1067
f 1066/1066/1066 1067/1067/1067 1065/1065/1065
f 1065/1065/1065 1067/1067/1067 1069/1069/1069
f 1069/1069/1069 1070/1070/1070 1065/1065/1065
f 1069/1069/1069 1071/1071/1071 1070/1070/1070
f 1074/1074/1074 1073/1073/1073 1072/1072/1072
f 1072/1072/1072 1073/1073/1073 1075/1075/1075
f 1074/1074/1074 1077/1077/1077 1076/1076/1076
f 1073/1073/1073 1074/1074/1074 1076/1076/1076
f 1076/1076/1076 1078/1078/1078 1073/1073/1073
f 1081/1081/1081 1080/1080/1080 1079/1079/1079
f 1079/1079/1079 1080/1080/1080 646/646/646
f 1082/1082/1082 646/646/646 1080/1080/1080
f 1083/1083/1083 646/646/646 1082/1082/1082
f 1080/1080/1080 1084/1084/1084 1082/1082/1082
f 1086/1086/1086 1084/1084/1084 1085/1085/1085
f 1089/1089/1089 1088/1088/1088 1087/1087/1087
f 1087/1087/1087 1088/1088/1088 1086/1086/1086
f 1086/1086/1086 1077/1077/1077 1087/1087/1087
f 1085/1085/1085 1077/1077/1077 1086/1086/1086
f 1077/1077/1077 1085/1085/1085 1090/1090/1090
f 1090/1090/1090 1085/1085/1085 1081/1081/1081
f 1092/1092/1092 1091/1091/1091 1089/1089/1089
f 1089/1089/1089 779/779/779 1092/1092/1092
f 1087/1087/1087 779/779/779 1089/1089/1089
f 1093/1093/1093 1092/1092/1092 779/779/779
f 1094/1094/1094 1092/1092/1092 1093/1093/1093
f 1096/1096/1096 1095/1095/1095 1092/1092/1092
f 1098/1098/1098 1092/1092/1092 1097/1097/1097
f 1099/1099/1099 1092/1092/1092 1098/1098/1098
f 1092/1092/1092 1099/1099/1099 1096/1096/1096
f 1096/1096/1096 1099/1099/1099 1083/1083/1083
f 1083/1083/1083 1088/1088/1088 1096/1096/1096
f 1082/1082/1082 1088/1088/1088 1083/1083/1083
f 1102/1102/1102 1101/1101/1101 1100/1100/1100
f 1103/1103/1103 1099/1099/1099 1102/1102/1102
f 1100/1100/1100 1103/1103/1103 1102/1102/1102
f 1103/1103/1103 1100/1100/1100 1104/1104/1104
f 1104/1104/1104 1100/1100/1100 1105/1105/1105
f 1108/1108/1108 1107/1107/1107 1106/1106/1106
f 1107/1107/1107 1108/1108/1108 1109/1109/1109
f 1112/1112/1112 1111/1111/1111 1110/1110/1110
f 1112/1112/1112 1110/1110/1110 1108/1108/1108
f 1108/1108/1108 1113/1113/1113 1112/1112/1112
f 1106/1106/1106 1113/1113/1113 1108/1108/1108
f 1114/1114/1114 1113/1113/1113 1106/1106/1106
f 1117/1117/1117 1116/1116/1116 1115/1115/1115
f 1115/1115/1115 1116/1116/1116 1118/1118/1118
f 1120/1120/1120 1112/1112/1112 1119/1119/1119
f 1115/1115/1115 1119/1119/1119 1112/1112/1112
f 1112/1112/1112 1113/1113/1113 1115/1115/1115
f 1115/1115/1115 1113/1113/1113 1117/1117/1117
f 1113/1113/1113 1114/1114/1114 1117/1117/1117
f 1123/1123/1123 1122/1122/1122 1121/1121/1121
f 1124/1124/1124 1121/1121/1121 1122/1122/1122
f 1122/1122/1122 1125/1125/1125 1124/1124/1124
f 1124/1124/1124 1125/1125/1125 1126/1126/1126
f 1128/1128/1128 1127/1127/1127 1126/1126/1126
f 1126/1126/1126 1127/1127/1127 1124/1124/1124
f 1126/1126/1126 1129/1129/1129 1128/1128/1128
f 1128/1128/1128 1129/1129/1129 1130/1130/1130
f 1130/1130/1130 1131/1131/1131 1128/1128/1128
f 1130/1130/1130 1132/1132/1132 1131/1131/1131
f 1135/1135/1135 1134/1134/1134 1133/1133/1133
f 1136/1136/1136 1134/1134/1134 1135/1135/1135
f 1135/1135/1135 1137/1137/1137 1136/1136/1136
f 1136/1136/1136 1137/1137/1137 1138/1138/1138
f 1140/1140/1140 1139/1139/1139 1138/1138/1138
f 1138/1138/1138 1139/1139/1139 1136/1136/1136
f 1138/1138/1138 1141/1141/1141 1140/1140/1140
f 1140/1140/1140 1141/1141/1141 1142/1142/1142
f 1142/1142/1142 1143/1143/1143 1140/1140/1140
f 1143/1143/1143 1142/1142/1142 1144/1144/1144
f 1147/1147/1147 1146/1146/1146 1145/1145/1145
f 1145/1145/1145 1146/1146/1146 1148/1148/1148
f 1148/1148/1148 1149/1149/1149 1145/1145/1145
f 1145/1145/1145 1150/1150/1150 1147/1147/1147
f 1151/1151/1151 1150/1150/1150 1145/1145/1145
f 1145/1145/1145 1149/1149/1149 1152/1152/1152
f 1152/1152/1152 1153/1153/1153 1145/1145/1145
f 1145/1145/1145 1153/1153/1153 1151/1151/1151
f 1156/1156/1156 1155/1155/1155 1154/1154/1154
f 1154/1154/1154 1155/1155/1155 1157/1157/1157
f 1157/1157/1157 1158/1158/1158 1154/1154/1154
f 1158/1158/1158 1157/1157/1157 1159/1159/1159
f 1159/1159/1159 1160/1160/1160 1158/1158/1158
f 1163/1163/1163 1162/1162/1162 1161/1161/1161
f 1161/1161/1161 1164/1164/1164 1163/1163/1163
f 1165/1165/1165 1163/1163/1163 1164/1164/1164
f 1164/1164/1164 1166/1166/1166 1165/1165/1165
f 1166/1166/1166 1167/1167/1167 1165/1165/1165
f 1170/1170/1170 1169/1169/1169 1168/1168/1168
f 1168/1168/1168 1172/1172/1172 1171/1171/1171
f 1171/1171/1171 1173/1173/1173 1168/1168/1168
f 1168/1168/1168 1173/1173/1173 1170/1170/1170
f 1174/1174/1174 1170/1170/1170 1173/1173/1173
f 1173/1173/1173 1171/1171/1171 1175/1175/1175
f 1175/1175/1175 1176/1176/1176 1173/1173/1173
f 1173/1173/1173 1176/1176/1176 1174/1174/1174
f 1179/1179/1179 1178/1178/1178 1177/1177/1177
f 1177/1177/1177 1180/1180/1180 1179/1179/1179
f 1182/1182/1182 1181/1181/1181 1178/1178/1178
f 1184/1184/1184 1183/1183/1183 1177/1177/1177
f 1184/1184/1184 1177/1177/1177 1178/1178/1178
f 1178/1178/1178 1185/1185/1185 1184/1184/1184
f 1178/1178/1178 1181/1181/1181 1185/1185/1185
f 1185/1185/1185 1181/1181/1181 1186/1186/1186
f 1186/1186/1186 1181/1181/1181 1182/1182/1182
f 1182/1182/1182 1187/1187/1187 1186/1186/1186
f 1187/1187/1187 1188/1188/1188 1186/1186/1186
f 1186/1186/1186 1189/1189/1189 1185/1185/1185
f 1186/1186/1186 1190/1190/1190 1189/1189/1189
f 1190/1190/1190 1192/1192/1192 1191/1191/1191
f 1193/1193/1193 1191/1191/1191 1192/1192/1192
f 1192/1192/1192 1194/1194/1194 1193/1193/1193
f 1184/1184/1184 1193/1193/1193 1195/1195/1195
f 1194/1194/1194 1195/1195/1195 1193/1193/1193
f 1194/1194/1194 1196/1196/1196 1195/1195/1195
f 1196/1196/1196 1194/1194/1194 1192/1192/1192
f 1192/1192/1192 1197/1197/1197 1196/1196/1196
f 1198/1198/1198 1197/1197/1197 1192/1192/1192
f 1201/1201/1201 1200/1200/1200 1199/1199/1199
f 1202/1202/1202 1184/1184/1184 1199/1199/1199
f 1195/1195/1195 1199/1199/1199 1184/1184/1184
f 1199/1199/1199 1195/1195/1195 1201/1201/1201
f 1205/1205/1205 1204/1204/1204 1203/1203/1203
f 1205/1205/1205 1203/1203/1203 1206/1206/1206
f 1206/1206/1206 1203/1203/1203 1207/1207/1207
f 1207/1207/1207 1208/1208/1208 1206/1206/1206
f 1207/1207/1207 1209/1209/1209 1208/1208/1208
f 1205/1205/1205 1206/1206/1206 1210/1210/1210
f 1213/1213/1213 1212/1212/1212 1211/1211/1211
f 1216/1216/1216 1215/1215/1215 1214/1214/1214
f 1206/1206/1206 1214/1214/1214 1215/1215/1215
f 1206/1206/1206 1212/1212/1212 1217/1217/1217
f 1206/1206/1206 1211/1211/1211 1212/1212/1212
f 1215/1215/1215 1211/1211/1211 1206/1206/1206
f 1220/1220/1220 1219/1219/1219 1218/1218/1218
f 1219/1219/1219 1220/1220/1220 1221/1221/1221
f 1221/1221/1221 1222/1222/1222 1219/1219/1219
f 1222/1222/1222 1221/1221/1221 1223/1223/1223
f 1223/1223/1223 1224/1224/1224 1222/1222/1222
f 1227/1227/1227 1226/1226/1226 1225/1225/1225
f 1225/1225/1225 1228/1228/1228 1227/1227/1227
f 1229/1229/1229 1227/1227/1227 1228/1228/1228
f 1228/1228/1228 1230/1230/1230 1229/1229/1229
f 1218/1218/1218 1229/1229/1229 1230/1230/1230
f 1230/1230/1230 1231/1231/1231 1218/1218/1218
f 1218/1218/1218 1231/1231/1231 1220/1220/1220
f 1234/1234/1234 1233/1233/1233 1232/1232/1232
f 1232/1232/1232 1235/1235/1235 1234/1234/1234
f 1236/1236/1236 1234/1234/1234 1235/1235/1235
f 1235/1235/1235 1237/1237/1237 1236/1236/1236
f 1237/1237/1237 1238/1238/1238 1236/1236/1236
f 1239/1239/1239 1238/1238/1238 1237/1237/1237
f 1240/1240/1240 1238/1238/1238 1239/1239/1239
f 1239/1239/1239 1241/1241/1241 1240/1240/1240
f 1240/1240/1240 1241/1241/1241 1242/1242/1242
f 1243/1243/1243 1242/1242/1242 1241/1241/1241
f 1246/1246/1246 1245/1245/1245 1244/1244/1244
f 1244/1244/1244 984/984/984 1246/1246/1246
f 1246/1246/1246 1234/1234/1234 1236/1236/1236
f 1236/1236/1236 1245/1245/1245 1246/1246/1246
f 1249/1249/1249 1248/1248/1248 1247/1247/1247
f 1248/1248/1248 1249/1249/1249 1250/1250/1250
f 886/886/886 1250/1250/1250 884/884/884
f 1251/1251/1251 886/886/886 888/888/888
f 1252/1252/1252 1240/1240/1240 1242/1242/1242
f 1236/1236/1236 1252/1252/1252 1253/1253/1253
f 1253/1253/1253 1252/1252/1252 1254/1254/1254
f 1242/1242/1242 1254/1254/1254 1252/1252/1252
f 1254/1254/1254 1242/1242/1242 1255/1255/1255
f 1257/1257/1257 1247/1247/1247 1256/1256/1256
f 1256/1256/1256 1251/1251/1251 1258/1258/1258
f 1259/1259/1259 1253/1253/1253 892/892/892
f 890/890/890 892/892/892 1253/1253/1253
f 1253/1253/1253 1254/1254/1254 890/890/890
f 1255/1255/1255 1258/1258/1258 1254/1254/1254
f 1256/1256/1256 1258/1258/1258 1255/1255/1255
f 1255/1255/1255 1260/1260/1260 1256/1256/1256
f 1256/1256/1256 1260/1260/1260 1257/1257/1257
f 1257/1257/1257 1260/1260/1260 1261/1261/1261
f 1260/1260/1260 1243/1243/1243 1262/1262/1262
f 1262/1262/1262 1261/1261/1261 1260/1260/1260
f 1241/1241/1241 1262/1262/1262 1243/1243/1243
f 1263/1263/1263 1262/1262/1262 1241/1241/1241
f 1241/1241/1241 1264/1264/1264 1263/1263/1263
f 1265/1265/1265 1264/1264/1264 1241/1241/1241
f 1241/1241/1241 1239/1239/1239 1265/1265/1265
f 1266/1266/1266 1265/1265/1265 1239/1239/1239
f 1267/1267/1267 1266/1266/1266 1239/1239/1239
f 1268/1268/1268 1239/1239/1239 1237/1237/1237
f 1239/1239/1239 1269/1269/1269 1267/1267/1267
f 1269/1269/1269 1270/1270/1270 1267/1267/1267
f 1270/1270/1270 1271/1271/1271 1267/1267/1267
f 1270/1270/1270 1272/1272/1272 1271/1271/1271
f 1273/1273/1273 1272/1272/1272 1270/1270/1270
f 1275/1275/1275 1273/1273/1273 1274/1274/1274
f 1270/1270/1270 1274/1274/1274 1273/1273/1273
f 1275/1275/1275 1274/1274/1274 1276/1276/1276
f 1276/1276/1276 1274/1274/1274 1277/1277/1277
f 1274/1274/1274 1278/1278/1278 1277/1277/1277
f 1279/1279/1279 1277/1277/1277 1278/1278/1278
f 1278/1278/1278 1280/1280/1280 1279/1279/1279
f 1279/1279/1279 1280/1280/1280 1281/1281/1281
f 1281/1281/1281 1283/1283/1283 1282/1282/1282
f 1281/1281/1281 1282/1282/1282 1279/1279/1279
f 1284/1284/1284 1279/1279/1279 1282/1282/1282
f 1277/1277/1277 1279/1279/1279 1284/1284/1284
f 1284/1284/1284 1285/1285/1285 1277/1277/1277
f 1277/1277/1277 1285/1285/1285 1276/1276/1276
f 1287/1287/1287 1286/1286/1286 1283/1283/1283
f 1283/1283/1283 1286/1286/1286 1288/1288/1288
f 1282/1282/1282 1283/1283/1283 1288/1288/1288
f 1288/1288/1288 1289/1289/1289 1282/1282/1282
f 1282/1282/1282 1289/1289/1289 1284/1284/1284
f 1291/1291/1291 1290/1290/1290 1287/1287/1287
f 1287/1287/1287 1283/1283/1283 1291/1291/1291
f 1290/1290/1290 1291/1291/1291 1292/1292/1292
f 1292/1292/1292 1291/1291/1291 1293/1293/1293
f 1293/1293/1293 1291/1291/1291 1294/1294/1294
f 1293/1293/1293 1294/1294/1294 1295/1295/1295
f 1297/1297/1297 1296/1296/1296 1295/1295/1295
f 1295/1295/1295 1296/1296/1296 1293/1293/1293
f 1299/1299/1299 1298/1298/1298 1297/1297/1297
f 1297/1297/1297 1295/1295/1295 1299/1299/1299
f 885/885/885 883/883/883 1300/1300/1300
f 1301/1301/1301 1298/1298/1298 1299/1299/1299
f 1299/1299/1299 1300/1300/1300 1301/1301/1301
f 1302/1302/1302 1300/1300/1300 1299/1299/1299
f 1300/1300/1300 1302/1302/1302 885/885/885
f 887/887/887 1303/1303/1303 889/889/889
f 1304/1304/1304 889/889/889 1303/1303/1303
f 1304/1304/1304 891/891/891 889/889/889
f 1304/1304/1304 991/991/991 891/891/891
f 1303/1303/1303 1305/1305/1305 1304/1304/1304
f 1299/1299/1299 1303/1303/1303 1302/1302/1302
f 1299/1299/1299 1305/1305/1305 1303/1303/1303
f 1307/1307/1307 1295/1295/1295 1306/1306/1306
f 1305/1305/1305 1299/1299/1299 1295/1295/1295
f 1295/1295/1295 1308/1308/1308 1305/1305/1305
f 1308/1308/1308 1295/1295/1295 1307/1307/1307
f 1308/1308/1308 1307/1307/1307 991/991/991
f 991/991/991 1307/1307/1307 1309/1309/1309
f 1309/1309/1309 992/992/992 991/991/991
f 992/992/992 1309/1309/1309 1310/1310/1310
f 1310/1310/1310 1311/1311/1311 992/992/992
f 1310/1310/1310 1312/1312/1312 1311/1311/1311
f 1311/1311/1311 1312/1312/1312 1313/1313/1313
f 1315/1315/1315 1314/1314/1314 1313/1313/1313
f 1313/1313/1313 1314/1314/1314 1311/1311/1311
f 1316/1316/1316 1311/1311/1311 1314/1314/1314
f 1311/1311/1311 1316/1316/1316 992/992/992
f 981/981/981 1317/1317/1317 1315/1315/1315
f 1315/1315/1315 1317/1317/1317 986/986/986
f 1319/1319/1319 1318/1318/1318 1233/1233/1233
f 1318/1318/1318 1232/1232/1232 1233/1233/1233
f 1313/1313/1313 1320/1320/1320 1315/1315/1315
f 1315/1315/1315 1320/1320/1320 1319/1319/1319
f 1319/1319/1319 1321/1321/1321 1315/1315/1315
f 1233/1233/1233 1321/1321/1321 1319/1319/1319
f 1321/1321/1321 1233/1233/1233 1322/1322/1322
f 1322/1322/1322 1233/1233/1233 1234/1234/1234
f 1323/1323/1323 1324/1324/1324 1325/1325/1325
f 1326/1326/1326 1327/1327/1327 1328/1328/1328
f 1329/1329/1329 1330/1330/1330 1331/1331/1331
f 1332/1332/1332 1333/1333/1333 1334/1334/1334
f 1335/1335/1335 1336/1336/1336 1337/1337/1337
f 1335/1335/1335 1338/1338/1338 1339/1339/1339
f 1337/1337/1337 1338/1338/1338 1335/1335/1335
f 1340/1340/1340 1338/1338/1338 1337/1337/1337
f 1341/1341/1341 1340/1340/1340 1337/1337/1337
f 1342/1342/1342 1343/1343/1343 1344/1344/1344
f 1344/1344/1344 1345/1345/1345 1342/1342/1342
f 1346/1346/1346 1347/1347/1347 1348/1348/1348
f 1349/1349/1349 1350/1350/1350 1351/1351/1351
f 1352/1352/1352 1353/1353/1353 1354/1354/1354
f 1355/1355/1355 1356/1356/1356 1357/1357/1357
f 1358/1358/1358 1359/1359/1359 1360/1360/1360
f 1361/1361/1361 1362/1362/1362 1363/1363/1363
f 1364/1364/1364 1365/1365/1365 1366/1366/1366
f 1367/1367/1367 1368/1368/1368 1369/1369/1369
f 1370/1370/1370 1371/1371/1371 1372/1372/1372
f 1373/1373/1373 1374/1374/1374 1375/1375/1375
f 1375/1375/1375 1376/1376/1376 1373/1373/1373
f 1377/1377/1377 1373/1373/1373 1376/1376/1376
f 1376/1376/1376 1378/1378/1378 1377/1377/1377
f 1379/1379/1379 1380/1380/1380 1381/1381/1381
f 1382/1382/1382 1380/1380/1380 1379/1379/1379
f 1382/1382/1382 1383/1383/1383 1380/1380/1380
f 1384/1384/1384 1380/1380/1380 1383/1383/1383
f 1385/1385/1385 1380/1380/1380 1384/1384/1384
f 1386/1386/1386 1380/1380/1380 1385/1385/1385
f 1387/1387/1387 1380/1380/1380 1386/1386/1386
f 1381/1381/1381 1380/1380/1380 1387/1387/1387
f 1388/1388/1388 1389/1389/1389 1390/1390/1390
f 1390/1390/1390 1391/1391/1391 1388/1388/1388
f 1392/1392/1392 1391/1391/1391 1390/1390/1390
f 1390/1390/1390 1393/1393/1393 1392/1392/1392
f 1392/1392/1392 1393/1393/1393 1394/1394/1394
f 1394/1394/1394 1395/1395/1395 1392/1392/1392
f 1395/1395/1395 1394/1394/1394 1396/1396/1396
f 1396/1396/1396 1397/1397/1397 1395/1395/1395
f 1397/1397/1397 1396/1396/1396 1398/1398/1398
f 1398/1398/1398 1399/1399/1399 1397/1397/1397
f 1399/1399/1399 1398/1398/1398 1400/1400/1400
f 1400/1400/1400 1401/1401/1401 1399/1399/1399
f 1401/1401/1401 1400/1400/1400 1402/1402/1402
f 1402/1402/1402 1403/1403/1403 1401/1401/1401
f 1403/1403/1403 1402/1402/1402 1389/1389/1389
f 1389/1389/1389 1388/1388/1388 1403/1403/1403
f 1404/1404/1404 1405/1405/1405 1406/1406/1406
f 1408/1408/1408 1409/1409/1409 1410/1410/1410
f 1411/1411/1411 1412/1412/1412 1413/1413/1413
f 1413/1413/1413 1414/1414/1414 1411/1411/1411
f 1415/1415/1415 1414/1414/1414 1413/1413/1413
f 1413/1413/1413 1416/1416/1416 1415/1415/1415
f 1415/1415/1415 1416/1416/1416 1417/1417/1417
f 1417/1417/1417 1418/1418/1418 1415/1415/1415
f 1418/1418/1418 1417/1417/1417 1419/1419/1419
f 1419/1419/1419 1420/1420/1420 1418/1418/1418
f 1420/1420/1420 1419/1419/1419 1421/1421/1421
f 1421/1421/1421 1411/1411/1411 1420/1420/1420
f 1412/1412/1412 1411/1411/1411 1421/1421/1421
f 1422/1422/1422 1423/1423/1423 1424/1424/1424
f 1424/1424/1424 1425/1425/1425 1422/1422/1422
f 1426/1426/1426 1423/1423/1423 1422/1422/1422
f 1422/1422/1422 1427/1427/1427 1426/1426/1426
f 1428/1428/1428 1429/1429/1429 1430/1430/1430
f 1430/1430/1430 1431/1431/1431 1428/1428/1428
f 1430/1430/1430 1429/1429/1429 1432/1432/1432
f 1432/1432/1432 1433/1433/1433 1430/1430/1430
f 1433/1433/1433 1432/1432/1432 1434/1434/1434
f 1434/1434/1434 1435/1435/1435 1433/1433/1433
f 1435/1435/1435 1434/1434/1434 1436/1436/1436
f 1436/1436/1436 1437/1437/1437 1435/1435/1435
f 1437/1437/1437 1436/1436/1436 1438/1438/1438
f 1438/1438/1438 1439/1439/1439 1437/1437/1437
f 1439/1439/1439 1438/1438/1438 1440/1440/1440
f 1440/1440/1440 1441/1441/1441 1439/1439/1439
f 1441/1441/1441 1440/1440/1440 1442/1442/1442
f 1442/1442/1442 1443/1443/1443 1441/1441/1441
f 1443/1443/1443 1442/1442/1442 1428/1428/1428
f 1428/1428/1428 1431/1431/1431 1443/1443/1443
f 1444/1444/1444 1445/1445/1445 1446/1446/1446
f 1447/1447/1447 1448/1448/1448 1449/1449/1449
f 1450/1450/1450 1451/1451/1451 1452/1452/1452
f 1453/1453/1453 1454/1454/1454 1455/1455/1455
f 1456/1456/1456 1457/1457/1457 1458/1458/1458
f 1456/1456/1456 1459/1459/1459 1457/1457/1457
f 1460/1460/1460 1461/1461/1461 1462/1462/1462
f 1463/1463/1463 1462/1462/1462 1461/1461/1461
f 1464/1464/1464 1465/1465/1465 1466/1466/1466
f 1464/1464/1464 1467/1467/1467 1465/1465/1465
f 1468/1468/1468 1469/1469/1469 1470/1470/1470
f 1468/1468/1468 1471/1471/1471 1472/1472/1472
f 1470/1470/1470 1471/1471/1471 1468/1468/1468
f 1473/1473/1473 1471/1471/1471 1470/1470/1470
f 1474/1474/1474 1473/1473/1473 1470/1470/1470
f 1475/1475/1475 1476/1476/1476 1477/1477/1477
f 1478/1478/1478 1479/1479/1479 1480/1480/1480
f 1475/1475/1475 1478/1478/1478 1480/1480/1480
f 1480/1480/1480 1481/1481/1481 1475/1475/1475
f 1481/1481/1481 1476/1476/1476 1475/1475/1475
f 1482/1482/1482 1476/1476/1476 1481/1481/1481
f 1477/1477/1477 1476/1476/1476 1482/1482/1482
f 1482/1482/1482 1483/1483/1483 1477/1477/1477
f 1482/1482/1482 1484/1484/1484 1483/1483/1483
f 1485/1485/1485 1486/1486/1486 1482/1482/1482
f 1481/1481/1481 1485/1485/1485 1482/1482/1482
f 1482/1482/1482 1487/1487/1487 1488/1488/1488
f 1488/1488/1488 1489/1489/1489 1482/1482/1482
f 1482/1482/1482 1489/1489/1489 1490/1490/1490
f 1491/1491/1491 1482/1482/1482 1492/1492/1492
f 1482/1482/1482 1491/1491/1491 1493/1493/1493
f 1493/1493/1493 1487/1487/1487 1482/1482/1482
f 1493/1493/1493 1494/1494/1494 1487/1487/1487
f 1494/1494/1494 1488/1488/1488 1487/1487/1487
f 1478/1478/1478 1475/1475/1475 1495/1495/1495
f 1495/1495/1495 1496/1496/1496 1478/1478/1478
f 1478/1478/1478 1497/1497/1497 1498/1498/1498
f 1478/1478/1478 1499/1499/1499 1500/1500/1500
f 1500/1500/1500 1494/1494/1494 1478/1478/1478
f 1497/1497/1497 1478/1478/1478 1494/1494/1494
f 1494/1494/1494 1493/1493/1493 1497/1497/1497
f 1501/1501/1501 1502/1502/1502 1503/1503/1503
f 1504/1504/1504 1505/1505/1505 1506/1506/1506
f 1505/1505/1505 1504/1504/1504 1503/1503/1503
f 1503/1503/1503 1507/1507/1507 1505/1505/1505
f 1502/1502/1502 1507/1507/1507 1503/1503/1503
f 1507/1507/1507 1502/1502/1502 1508/1508/1508
f 1509/1509/1509 1510/1510/1510 1511/1511/1511
f 1510/1510/1510 1509/1509/1509 1512/1512/1512
f 1513/1513/1513 1514/1514/1514 1515/1515/1515
f 1516/1516/1516 1515/1515/1515 1514/1514/1514
f 1514/1514/1514 1517/1517/1517 1516/1516/1516
f 1518/1518/1518 1516/1516/1516 1517/1517/1517
f 1517/1517/1517 1519/1519/1519 1518/1518/1518
f 1519/1519/1519 1520/1520/1520 1518/1518/1518
f 1515/1515/1515 1521/1521/1521 1513/1513/1513
f 1513/1513/1513 1521/1521/1521 1522/1522/1522
f 1522/1522/1522 1523/1523/1523 1513/1513/1513
f 1524/1524/1524 1523/1523/1523 1522/1522/1522
f 1525/1525/1525 1526/1526/1526 1527/1527/1527
f 1526/1526/1526 1525/1525/1525 1528/1528/1528
f 1528/1528/1528 1529/1529/1529 1526/1526/1526
f 1529/1529/1529 1528/1528/1528 1530/1530/1530
f 1530/1530/1530 1531/1531/1531 1529/1529/1529
f 1531/1531/1531 1530/1530/1530 1524/1524/1524
f 1524/1524/1524 1532/1532/1532 1531/1531/1531
f 1522/1522/1522 1532/1532/1532 1524/1524/1524
f 1533/1533/1533 1534/1534/1534 1535/1535/1535
f 1535/1535/1535 1536/1536/1536 1533/1533/1533
f 1537/1537/1537 1538/1538/1538 1539/1539/1539
f 1537/1537/1537 1540/1540/1540 1541/1541/1541
f 1542/1542/1542 1543/1543/1543 1544/1544/1544
f 1544/1544/1544 1545/1545/1545 1542/1542/1542
f 1535/1535/1535 1538/1538/1538 1546/1546/1546
f 1546/1546/1546 1547/1547/1547 1535/1535/1535
f 1544/1544/1544 1548/1548/1548 1546/1546/1546
f 1546/1546/1546 1541/1541/1541 1544/1544/1544
f 1549/1549/1549 1550/1550/1550 1551/1551/1551
f 1552/1552/1552 1553/1553/1553 1554/1554/1554
f 1555/1555/1555 1556/1556/1556 1557/1557/1557
f 1558/1558/1558 1559/1559/1559 1560/1560/1560
f 1561/1561/1561 1562/1562/1562 1563/1563/1563
f 1564/1564/1564 1565/1565/1565 1566/1566/1566
f 1567/1567/1567 1568/1568/1568 1569/1569/1569
f 1570/1570/1570 1571/1571/1571 1572/1572/1572
f 1573/1573/1573 1574/1574/1574 1575/1575/1575
f 1576/1576/1576 1577/1577/1577 1578/1578/1578
f 1579/1579/1579 1578/1578/1578 1577/1577/1577
f 1580/1580/1580 1578/1578/1578 1579/1579/1579
f 1579/1579/1579 1581/1581/1581 1580/1580/1580
f 1580/1580/1580 1581/1581/1581 1582/1582/1582
f 1583/1583/1583 1582/1582/1582 1581/1581/1581
f 1584/1584/1584 1582/1582/1582 1583/1583/1583
f 1583/1583/1583 1585/1585/1585 1584/1584/1584
f 1585/1585/1585 1586/1586/1586 1584/1584/1584
f 1587/1587/1587 1588/1588/1588 1589/1589/1589
f 1590/1590/1590 1591/1591/1591 1592/1592/1592
f 1593/1593/1593 1591/1591/1591 1590/1590/1590
f 1591/1591/1591 1594/1594/1594 1587/1587/1587
f 1587/1587/1587 1592/1592/1592 1591/1591/1591
f 1589/1589/1589 1592/1592/1592 1587/1587/1587
f 1590/1590/1590 1592/1592/1592 1589/1589/1589
f 1595/1595/1595 1590/1590/1590 1589/1589/1589
f 1596/1596/1596 1597/1597/1597 1598/1598/1598
f 1598/1598/1598 1599/1599/1599 1596/1596/1596
f 1599/1599/1599 1598/1598/1598 1600/1600/1600
f 1600/1600/1600 1601/1601/1601 1599/1599/1599
f 1602/1602/1602 1603/1603/1603 1604/1604/1604
f 1605/1605/1605 1606/1606/1606 1602/1602/1602
f 1602/1602/1602 1607/1607/1607 1605/1605/1605
f 1604/1604/1604 1607/1607/1607 1602/1602/1602
f 1608/1608/1608 1609/1609/1609 1610/1610/1610
f 1611/1611/1611 1609/1609/1609 1608/1608/1608
f 1608/1608/1608 1612/1612/1612 1611/1611/1611
f 1610/1610/1610 1613/1613/1613 1608/1608/1608
f 1614/1614/1614 1613/1613/1613 1610/1610/1610
f 1610/1610/1610 1615/1615/1615 1614/1614/1614
f 1616/1616/1616 1614/1614/1614 1615/1615/1615
f 1615/1615/1615 1617/1617/1617 1616/1616/1616
f 1618/1618/1618 1616/1616/1616 1617/1617/1617
f 1617/1617/1617 1619/1619/1619 1618/1618/1618
f 1620/1620/1620 1618/1618/1618 1619/1619/1619
f 1619/1619/1619 1621/1621/1621 1620/1620/1620
f 1622/1622/1622 1620/1620/1620 1621/1621/1621
f 1621/1621/1621 1623/1623/1623 1622/1622/1622
f 1612/1612/1612 1622/1622/1622 1623/1623/1623
f 1623/1623/1623 1611/1611/1611 1612/1612/1612
f 1624/1624/1624 1625/1625/1625 1626/1626/1626
f 1627/1627/1627 1624/1624/1624 1626/1626/1626
f 1627/1627/1627 1626/1626/1626 1628/1628/1628
f 1629/1629/1629 1628/1628/1628 1626/1626/1626
f 1630/1630/1630 1629/1629/1629 1626/1626/1626
f 1625/1625/1625 1631/1631/1631 1626/1626/1626
f 1631/1631/1631 1632/1632/1632 1626/1626/1626
f 1632/1632/1632 1630/1630/1630 1626/1626/1626
f 1633/1633/1633 1634/1634/1634 1635/1635/1635
f 1635/1635/1635 1636/1636/1636 1633/1633/1633
f 1633/1633/1633 1636/1636/1636 1637/1637/1637
f 1637/1637/1637 1638/1638/1638 1633/1633/1633
f 1639/1639/1639 1638/1638/1638 1637/1637/1637
f 1637/1637/1637 1640/1640/1640 1639/1639/1639
f 1641/1641/1641 1639/1639/1639 1640/1640/1640
f 1640/1640/1640 1642/1642/1642 1641/1641/1641
f 1643/1643/1643 1641/1641/1641 1642/1642/1642
f 1642/1642/1642 1644/1644/1644 1643/1643/1643
f 1645/1645/1645 1643/1643/1643 1644/1644/1644
f 1644/1644/1644 1646/1646/1646 1645/1645/1645
f 1647/1647/1647 1645/1645/1645 1646/1646/1646
f 1646/1646/1646 1648/1648/1648 1647/1647/1647
f 1634/1634/1634 1647/1647/1647 1648/1648/1648
f 1648/1648/1648 1635/1635/1635 1634/1634/1634
f 1649/1649/1649 1650/1650/1650 1651/1651/1651
f 1652/1652/1652 1653/1653/1653 1654/1654/1654
f 1655/1655/1655 1653/1653/1653 1652/1652/1652
f 1652/1652/1652 1656/1656/1656 1655/1655/1655
f 1654/1654/1654 1657/1657/1657 1652/1652/1652
f 1658/1658/1658 1657/1657/1657 1654/1654/1654
f 1654/1654/1654 1659/1659/1659 1658/1658/1658
f 1660/1660/1660 1658/1658/1658 1659/1659/1659
f 1659/1659/1659 1661/1661/1661 1660/1660/1660
f 1662/1662/1662 1660/1660/1660 1661/1661/1661
f 1661/1661/1661 1655/1655/1655 1662/1662/1662
f 1656/1656/1656 1662/1662/1662 1655/1655/1655
f 1663/1663/1663 1664/1664/1664 1665/1665/1665
f 1666/1666/1666 1665/1665/1665 1664/1664/1664
f 1667/1667/1667 1668/1668/1668 1669/1669/1669
f 1669/1669/1669 1668/1668/1668 1670/1670/1670
f 1670/1670/1670 1671/1671/1671 1669/1669/1669
f 1670/1670/1670 1672/1672/1672 1671/1671/1671
f 1673/1673/1673 1674/1674/1674 1675/1675/1675
f 1673/1673/1673 1675/1675/1675 1676/1676/1676
f 1677/1677/1677 1673/1673/1673 1676/1676/1676
f 1678/1678/1678 1675/1675/1675 1679/1679/1679
f 1678/1678/1678 1676/1676/1676 1675/1675/1675
f 1680/1680/1680 1676/1676/1676 1678/1678/1678
f 1681/1681/1681 1680/1680/1680 1682/1682/1682
f 1682/1682/1682 1683/1683/1683 1681/1681/1681
f 1684/1684/1684 1683/1683/1683 1682/1682/1682
f 1682/1682/1682 1685/1685/1685 1684/1684/1684
f 1686/1686/1686 1687/1687/1687 1688/1688/1688
f 1688/1688/1688 1689/1689/1689 1686/1686/1686
f 1689/1689/1689 1688/1688/1688 1690/1690/1690
f 1690/1690/1690 1691/1691/1691 1689/1689/1689
f 1692/1692/1692 1693/1693/1693 1694/1694/1694
f 1695/1695/1695 1696/1696/1696 1697/1697/1697
f 1697/1697/1697 1698/1698/1698 1695/1695/1695
f 1407/1407/1407 1698/1698/1698 1699/1699/1699
f 1699/1699/1699 1700/1700/1700 1407/1407/1407
f 1701/1701/1701 1702/1702/1702 1703/1703/1703
f 1704/1704/1704 1705/1705/1705 1701/1701/1701
f 1701/1701/1701 1703/1703/1703 1704/1704/1704
f 1706/1706/1706 1704/1704/1704 1703/1703/1703
f 1703/1703/1703 1707/1707/1707 1706/1706/1706
f 1708/1708/1708 1706/1706/1706 1707/1707/1707
f 1707/1707/1707 1709/1709/1709 1708/1708/1708
f 1710/1710/1710 1711/1711/1711 1704/1704/1704
f 1704/1704/1704 1706/1706/1706 1710/1710/1710
f 1712/1712/1712 1713/1713/1713 1714/1714/1714
f 1714/1714/1714 1711/1711/1711 1712/1712/1712
f 1705/1705/1705 1711/1711/1711 1714/1714/1714
f 1705/1705/1705 1704/1704/1704 1711/1711/1711
f 1715/1715/1715 1716/1716/1716 1717/1717/1717
f 1718/1718/1718 1719/1719/1719 1720/1720/1720
f 1719/1719/1719 1718/1718/1718 1713/1713/1713
f 1713/1713/1713 1718/1718/1718 1716/1716/1716
f 1716/1716/1716 1714/1714/1714 1713/1713/1713
f 1714/1714/1714 1716/1716/1716 1715/1715/1715
f 1715/1715/1715 1705/1705/1705 1714/1714/1714
f 1721/1721/1721 1705/1705/1705 1715/1715/1715
f 1721/1721/1721 1701/1701/1701 1705/1705/1705
f 1722/1722/1722 1723/1723/1723 1724/1724/1724
f 1724/1724/1724 1725/1725/1725 1722/1722/1722
f 1726/1726/1726 1722/1722/1722 1725/1725/1725
f 1725/1725/1725 1727/1727/1727 1726/1726/1726
f 1728/1728/1728 1729/1729/1729 1730/1730/1730
f 1728/1728/1728 1730/1730/1730 1731/1731/1731
f 1731/1731/1731 1732/1732/1732 1728/1728/1728
f 1733/1733/1733 1732/1732/1732 1731/1731/1731
f 1734/1734/1734 1735/1735/1735 1736/1736/1736
f 1737/1737/1737 1735/1735/1735 1734/1734/1734
f 1734/1734/1734 1738/1738/1738 1737/1737/1737
f 1737/1737/1737 1738/1738/1738 1733/1733/1733
f 1733/1733/1733 1739/1739/1739 1737/1737/1737
f 1731/1731/1731 1739/1739/1739 1733/1733/1733
f 1740/1740/1740 1741/1741/1741 1742/1742/1742
f 1743/1743/1743 1740/1740/1740 1742/1742/1742
f 1742/1742/1742 1744/1744/1744 1743/1743/1743
f 1743/1743/1743 1744/1744/1744 1745/1745/1745
f 1746/1746/1746 1745/1745/1745 1747/1747/1747
f 1746/1746/1746 1747/1747/1747 1748/1748/1748
f 1748/1748/1748 1749/1749/1749 1746/1746/1746
f 1749/1749/1749 1748/1748/1748 1750/1750/1750
f 1751/1751/1751 1752/1752/1752 1753/1753/1753
f 1754/1754/1754 1752/1752/1752 1751/1751/1751
f 1751/1751/1751 1755/1755/1755 1754/1754/1754
f 1756/1756/1756 1754/1754/1754 1755/1755/1755
f 1757/1757/1757 1758/1758/1758 1759/1759/1759
f 1760/1760/1760 1761/1761/1761 1759/1759/1759
f 1758/1758/1758 1760/1760/1760 1759/1759/1759
f 1762/1762/1762 1760/1760/1760 1758/1758/1758
f 1758/1758/1758 1763/1763/1763 1762/1762/1762
f 1763/1763/1763 1764/1764/1764 1762/1762/1762
f 1765/1765/1765 1766/1766/1766 1767/1767/1767
f 1768/1768/1768 1766/1766/1766 1765/1765/1765
f 1769/1769/1769 1770/1770/1770 1767/1767/1767
f 1769/1769/1769 1767/1767/1767 1766/1766/1766
f 1766/1766/1766 1771/1771/1771 1769/1769/1769
f 1772/1772/1772 1773/1773/1773 1774/1774/1774
f 1339/1339/1339 1773/1773/1773 1772/1772/1772
f 1773/1773/1773 1339/1339/1339 1775/1775/1775
f 1775/1775/1775 1339/1339/1339 1776/1776/1776
f 1775/1775/1775 1777/1777/1777 1773/1773/1773
f 1778/1778/1778 1777/1777/1777 1779/1779/1779
f 1780/1780/1780 1781/1781/1781 1782/1782/1782
f 1779/1779/1779 1781/1781/1781 1780/1780/1780
f 1780/1780/1780 1770/1770/1770 1779/1779/1779
f 1779/1779/1779 1770/1770/1770 1778/1778/1778
f 1783/1783/1783 1778/1778/1778 1770/1770/1770
f 1774/1774/1774 1778/1778/1778 1783/1783/1783
f 1782/1782/1782 1784/1784/1784 1785/1785/1785
f 1785/1785/1785 1472/1472/1472 1782/1782/1782
f 1782/1782/1782 1472/1472/1472 1780/1780/1780
f 1472/1472/1472 1785/1785/1785 1786/1786/1786
f 1786/1786/1786 1785/1785/1785 1787/1787/1787
f 1785/1785/1785 1788/1788/1788 1789/1789/1789
f 1790/1790/1790 1785/1785/1785 1791/1791/1791
f 1791/1791/1791 1785/1785/1785 1792/1792/1792
f 1789/1789/1789 1792/1792/1792 1785/1785/1785
f 1776/1776/1776 1792/1792/1792 1789/1789/1789
f 1789/1789/1789 1781/1781/1781 1776/1776/1776
f 1776/1776/1776 1781/1781/1781 1775/1775/1775
f 1793/1793/1793 1794/1794/1794 1795/1795/1795
f 1795/1795/1795 1792/1792/1792 1796/1796/1796
f 1795/1795/1795 1796/1796/1796 1793/1793/1793
f 1797/1797/1797 1793/1793/1793 1796/1796/1796
f 1798/1798/1798 1793/1793/1793 1797/1797/1797
f 1799/1799/1799 1800/1800/1800 1801/1801/1801
f 1802/1802/1802 1801/1801/1801 1800/1800/1800
f 1803/1803/1803 1804/1804/1804 1805/1805/1805
f 1801/1801/1801 1803/1803/1803 1805/1805/1805
f 1805/1805/1805 1806/1806/1806 1801/1801/1801
f 1801/1801/1801 1806/1806/1806 1799/1799/1799
f 1799/1799/1799 1806/1806/1806 1807/1807/1807
f 1808/1808/1808 1809/1809/1809 1810/1810/1810
f 1811/1811/1811 1809/1809/1809 1808/1808/1808
f 1812/1812/1812 1805/1805/1805 1813/1813/1813
f 1805/1805/1805 1812/1812/1812 1808/1808/1808
f 1808/1808/1808 1806/1806/1806 1805/1805/1805
f 1810/1810/1810 1806/1806/1806 1808/1808/1808
f 1810/1810/1810 1807/1807/1807 1806/1806/1806
f 1814/1814/1814 1815/1815/1815 1816/1816/1816
f 1815/1815/1815 1814/1814/1814 1817/1817/1817
f 1817/1817/1817 1818/1818/1818 1815/1815/1815
f 1819/1819/1819 1818/1818/1818 1817/1817/1817
f 1819/1819/1819 1820/1820/1820 1821/1821/1821
f 1817/1817/1817 1820/1820/1820 1819/1819/1819
f 1821/1821/1821 1822/1822/1822 1819/1819/1819
f 1823/1823/1823 1822/1822/1822 1821/1821/1821
f 1821/1821/1821 1824/1824/1824 1823/1823/1823
f 1824/1824/1824 1825/1825/1825 1823/1823/1823
f 1826/1826/1826 1827/1827/1827 1828/1828/1828
f 1828/1828/1828 1827/1827/1827 1829/1829/1829
f 1829/1829/1829 1830/1830/1830 1828/1828/1828
f 1831/1831/1831 1830/1830/1830 1829/1829/1829
f 1831/1831/1831 1832/1832/1832 1833/1833/1833
f 1829/1829/1829 1832/1832/1832 1831/1831/1831
f 1833/1833/1833 1834/1834/1834 1831/1831/1831
f 1835/1835/1835 1834/1834/1834 1833/1833/1833
f 1833/1833/1833 1836/1836/1836 1835/1835/1835
f 1837/1837/1837 1835/1835/1835 1836/1836/1836
f 1838/1838/1838 1839/1839/1839 1840/1840/1840
f 1841/1841/1841 1839/1839/1839 1838/1838/1838
f 1838/1838/1838 1842/1842/1842 1841/1841/1841
f 1840/1840/1840 1843/1843/1843 1838/1838/1838
f 1838/1838/1838 1843/1843/1843 1844/1844/1844
f 1845/1845/1845 1842/1842/1842 1838/1838/1838
f 1838/1838/1838 1846/1846/1846 1845/1845/1845
f 1844/1844/1844 1846/1846/1846 1838/1838/1838
f 1847/1847/1847 1848/1848/1848 1849/1849/1849
f 1850/1850/1850 1848/1848/1848 1847/1847/1847
f 1847/1847/1847 1851/1851/1851 1850/1850/1850
f 1852/1852/1852 1850/1850/1850 1851/1851/1851
f 1851/1851/1851 1853/1853/1853 1852/1852/1852
f 1854/1854/1854 1855/1855/1855 1856/1856/1856
f 1856/1856/1856 1857/1857/1857 1854/1854/1854
f 1857/1857/1857 1856/1856/1856 1858/1858/1858
f 1858/1858/1858 1859/1859/1859 1857/1857/1857
f 1858/1858/1858 1860/1860/1860 1859/1859/1859
f 1861/1861/1861 1862/1862/1862 1863/1863/1863
f 1864/1864/1864 1865/1865/1865 1861/1861/1861
f 1861/1861/1861 1866/1866/1866 1864/1864/1864
f 1863/1863/1863 1866/1866/1866 1861/1861/1861
f 1866/1866/1866 1863/1863/1863 1867/1867/1867
f 1868/1868/1868 1864/1864/1864 1866/1866/1866
f 1866/1866/1866 1869/1869/1869 1868/1868/1868
f 1867/1867/1867 1869/1869/1869 1866/1866/1866
f 1870/1870/1870 1871/1871/1871 1872/1872/1872
f 1872/1872/1872 1873/1873/1873 1870/1870/1870
f 1871/1871/1871 1874/1874/1874 1875/1875/1875
f 1870/1870/1870 1876/1876/1876 1877/1877/1877
f 1871/1871/1871 1870/1870/1870 1877/1877/1877
f 1877/1877/1877 1878/1878/1878 1871/1871/1871
f 1878/1878/1878 1874/1874/1874 1871/1871/1871
f 1879/1879/1879 1874/1874/1874 1878/1878/1878
f 1875/1875/1875 1874/1874/1874 1879/1879/1879
f 1879/1879/1879 1880/1880/1880 1875/1875/1875
f 1879/1879/1879 1881/1881/1881 1880/1880/1880
f 1878/1878/1878 1882/1882/1882 1879/1879/1879
f 1882/1882/1882 1883/1883/1883 1879/1879/1879
f 1884/1884/1884 1885/1885/1885 1883/1883/1883
f 1885/1885/1885 1884/1884/1884 1886/1886/1886
f 1886/1886/1886 1887/1887/1887 1885/1885/1885
f 1888/1888/1888 1886/1886/1886 1877/1877/1877
f 1886/1886/1886 1888/1888/1888 1887/1887/1887
f 1888/1888/1888 1889/1889/1889 1887/1887/1887
f 1885/1885/1885 1887/1887/1887 1889/1889/1889
f 1889/1889/1889 1890/1890/1890 1885/1885/1885
f 1885/1885/1885 1890/1890/1890 1891/1891/1891
f 1892/1892/1892 1893/1893/1893 1894/1894/1894
f 1892/1892/1892 1877/1877/1877 1895/1895/1895
f 1877/1877/1877 1892/1892/1892 1888/1888/1888
f 1894/1894/1894 1888/1888/1888 1892/1892/1892
f 1896/1896/1896 1897/1897/1897 1898/1898/1898
f 1899/1899/1899 1896/1896/1896 1898/1898/1898
f 1900/1900/1900 1896/1896/1896 1899/1899/1899
f 1899/1899/1899 1901/1901/1901 1900/1900/1900
f 1901/1901/1901 1902/1902/1902 1900/1900/1900
f 1903/1903/1903 1899/1899/1899 1898/1898/1898
f 1904/1904/1904 1905/1905/1905 1906/1906/1906
f 1907/1907/1907 1908/1908/1908 1909/1909/1909
f 1908/1908/1908 1907/1907/1907 1899/1899/1899
f 1910/1910/1910 1905/1905/1905 1899/1899/1899
f 1905/1905/1905 1904/1904/1904 1899/1899/1899
f 1899/1899/1899 1904/1904/1904 1908/1908/1908
f 1911/1911/1911 1912/1912/1912 1913/1913/1913
f 1914/1914/1914 1913/1913/1913 1912/1912/1912
f 1912/1912/1912 1915/1915/1915 1914/1914/1914
f 1916/1916/1916 1914/1914/1914 1915/1915/1915
f 1915/1915/1915 1917/1917/1917 1916/1916/1916
f 1918/1918/1918 1919/1919/1919 1920/1920/1920
f 1920/1920/1920 1921/1921/1921 1918/1918/1918
f 1921/1921/1921 1920/1920/1920 1922/1922/1922
f 1922/1922/1922 1923/1923/1923 1921/1921/1921
f 1923/1923/1923 1922/1922/1922 1911/1911/1911
f 1911/1911/1911 1924/1924/1924 1923/1923/1923
f 1913/1913/1913 1924/1924/1924 1911/1911/1911
f 1925/1925/1925 1926/1926/1926 1927/1927/1927
f 1927/1927/1927 1928/1928/1928 1925/1925/1925
f 1928/1928/1928 1927/1927/1927 1929/1929/1929
f 1929/1929/1929 1930/1930/1930 1928/1928/1928
f 1929/1929/1929 1931/1931/1931 1930/1930/1930
f 1930/1930/1930 1931/1931/1931 1932/1932/1932
f 1932/1932/1932 1931/1931/1931 1933/1933/1933
f 1933/1933/1933 1934/1934/1934 1932/1932/1932
f 1935/1935/1935 1934/1934/1934 1933/1933/1933
f 1934/1934/1934 1935/1935/1935 1936/1936/1936
f 1937/1937/1937 1938/1938/1938 1939/1939/1939
f 1939/1939/1939 1677/1677/1677 1937/1937/1937
f 1929/1929/1929 1927/1927/1927 1939/1939/1939
f 1939/1939/1939 1938/1938/1938 1929/1929/1929
f 1940/1940/1940 1941/1941/1941 1942/1942/1942
f 1943/1943/1943 1942/1942/1942 1941/1941/1941
f 1577/1577/1577 1943/1943/1943 1579/1579/1579
f 1581/1581/1581 1579/1579/1579 1944/1944/1944
f 1935/1935/1935 1933/1933/1933 1945/1945/1945
f 1946/1946/1946 1945/1945/1945 1929/1929/1929
f 1947/1947/1947 1945/1945/1945 1946/1946/1946
f 1945/1945/1945 1947/1947/1947 1935/1935/1935
f 1948/1948/1948 1935/1935/1935 1947/1947/1947
f 1949/1949/1949 1940/1940/1940 1950/1950/1950
f 1951/1951/1951 1944/1944/1944 1949/1949/1949
f 1947/1947/1947 1951/1951/1951 1948/1948/1948
f 1948/1948/1948 1951/1951/1951 1949/1949/1949
f 1949/1949/1949 1952/1952/1952 1948/1948/1948
f 1950/1950/1950 1952/1952/1952 1949/1949/1949
f 1953/1953/1953 1952/1952/1952 1950/1950/1950
f 1954/1954/1954 1936/1936/1936 1952/1952/1952
f 1952/1952/1952 1953/1953/1953 1954/1954/1954
f 1936/1936/1936 1954/1954/1954 1934/1934/1934
f 1934/1934/1934 1954/1954/1954 1955/1955/1955
f 1955/1955/1955 1956/1956/1956 1934/1934/1934
f 1934/1934/1934 1956/1956/1956 1957/1957/1957
f 1957/1957/1957 1932/1932/1932 1934/1934/1934
f 1932/1932/1932 1957/1957/1957 1958/1958/1958
f 1932/1932/1932 1958/1958/1958 1959/1959/1959
f 1930/1930/1930 1932/1932/1932 1960/1960/1960
f 1959/1959/1959 1961/1961/1961 1932/1932/1932
f 1959/1959/1959 1962/1962/1962 1961/1961/1961
f 1959/1959/1959 1963/1963/1963 1962/1962/1962
f 1963/1963/1963 1964/1964/1964 1962/1962/1962
f 1962/1962/1962 1964/1964/1964 1965/1965/1965
f 1966/1966/1966 1965/1965/1965 1967/1967/1967
f 1965/1965/1965 1966/1966/1966 1962/1962/1962
f 1968/1968/1968 1966/1966/1966 1967/1967/1967
f 1969/1969/1969 1966/1966/1966 1968/1968/1968
f 1969/1969/1969 1970/1970/1970 1966/1966/1966
f 1970/1970/1970 1969/1969/1969 1971/1971/1971
f 1971/1971/1971 1972/1972/1972 1970/1970/1970
f 1973/1973/1973 1972/1972/1972 1971/1971/1971
f 1974/1974/1974 1975/1975/1975 1973/1973/1973
f 1971/1971/1971 1974/1974/1974 1973/1973/1973
f 1974/1974/1974 1971/1971/1971 1976/1976/1976
f 1976/1976/1976 1971/1971/1971 1969/1969/1969
f 1969/1969/1969 1977/1977/1977 1976/1976/1976
f 1968/1968/1968 1977/1977/1977 1969/1969/1969
f 1975/1975/1975 1978/1978/1978 1979/1979/1979
f 1980/1980/1980 1978/1978/1978 1975/1975/1975
f 1980/1980/1980 1975/1975/1975 1974/1974/1974
f 1974/1974/1974 1981/1981/1981 1980/1980/1980
f 1976/1976/1976 1981/1981/1981 1974/1974/1974
f 1979/1979/1979 1982/1982/1982 1983/1983/1983
f 1983/1983/1983 1975/1975/1975 1979/1979/1979
f 1984/1984/1984 1983/1983/1983 1982/1982/1982
f 1985/1985/1985 1983/1983/1983 1984/1984/1984
f 1986/1986/1986 1983/1983/1983 1985/1985/1985
f 1987/1987/1987 1986/1986/1986 1985/1985/1985
f 1987/1987/1987 1988/1988/1988 1989/1989/1989
f 1985/1985/1985 1988/1988/1988 1987/1987/1987
f 1989/1989/1989 1990/1990/1990 1991/1991/1991
f 1991/1991/1991 1987/1987/1987 1989/1989/1989
f 1992/1992/1992 1576/1576/1576 1578/1578/1578
f 1991/1991/1991 1990/1990/1990 1993/1993/1993
f 1993/1993/1993 1992/1992/1992 1991/1991/1991
f 1991/1991/1991 1992/1992/1992 1994/1994/1994
f 1578/1578/1578 1994/1994/1994 1992/1992/1992
f 1582/1582/1582 1995/1995/1995 1580/1580/1580
f 1995/1995/1995 1582/1582/1582 1996/1996/1996
f 1582/1582/1582 1584/1584/1584 1996/1996/1996
f 1584/1584/1584 1684/1684/1684 1996/1996/1996
f 1996/1996/1996 1997/1997/1997 1995/1995/1995
f 1994/1994/1994 1995/1995/1995 1991/1991/1991
f 1995/1995/1995 1997/1997/1997 1991/1991/1991
f 1998/1998/1998 1987/1987/1987 1999/1999/1999
f 1987/1987/1987 1991/1991/1991 1997/1997/1997
f 1997/1997/1997 2000/2000/2000 1987/1987/1987
f 1999/1999/1999 1987/1987/1987 2000/2000/2000
f 1684/1684/1684 1999/1999/1999 2000/2000/2000
f 2001/2001/2001 1999/1999/1999 1684/1684/1684
f 1684/1684/1684 1685/1685/1685 2001/2001/2001
f 2002/2002/2002 2001/2001/2001 1685/1685/1685
f 1685/1685/1685 2003/2003/2003 2002/2002/2002
f 2003/2003/2003 2004/2004/2004 2002/2002/2002
f 2005/2005/2005 2004/2004/2004 2003/2003/2003
f 2005/2005/2005 2006/2006/2006 2007/2007/2007
f 2003/2003/2003 2006/2006/2006 2005/2005/2005
f 2006/2006/2006 2003/2003/2003 2008/2008/2008
f 1685/1685/1685 2008/2008/2008 2003/2003/2003
f 2007/2007/2007 2009/2009/2009 1674/1674/1674
f 1679/1679/1679 2009/2009/2009 2007/2007/2007
f 1926/1926/1926 2010/2010/2010 2011/2011/2011
f 1926/1926/1926 1925/1925/1925 2010/2010/2010
f 2007/2007/2007 2012/2012/2012 2005/2005/2005
f 2011/2011/2011 2012/2012/2012 2007/2007/2007
f 2007/2007/2007 2013/2013/2013 2011/2011/2011
f 2011/2011/2011 2013/2013/2013 1926/1926/1926
f 2014/2014/2014 1926/1926/1926 2013/2013/2013
f 2014/2014/2014 1926/1926/1926 1927/1927/1927
f 1585/1585/1585 1946/1946/1946 2015/2015/2015
f 1583/1583/1583 1947/1947/1947 1946/1946/1946
f 1946/1946/1946 1585/1585/1585 1583/1583/1583
v 0.013983 0.888328 -0.630383
v 0.063602 0.549040 0.550825
v 0.013983 0.888328 0.630383
v 0.063602 0.549040 -0.550825
v 0.154275 0.644560 0.703462
v 0.015433 0.844779 -0.340754
v 0.180129 0.900979 0.497733
v -0.061465 1.024110 -0.368755
v 0.328042 0.677483 -0.550825
v -0.143687 0.825626 0.497734
v 0.015433 0.844779 -0.340754
v 0.074444 1.105180 0.594319
v 0.180128 0.900979 -0.497733
v -0.135600 1.080340 0.401341
v 0.015433 0.844779 -0.340754
v 0.074444 1.105180 -0.594319
v -0.143687 0.825626 0.497734
v 0.015433 0.844779 0.340754
v 0.096427 0.653889 0.408027
v 0.074444 1.105180 -0.594319
v 0.013983 0.888328 -0.630383
v 0.328042 0.677483 0.550825
v 0.180129 0.900979 0.497733
v -0.061465 1.024110 0.368755
v -0.135600 1.080340 -0.401341
v 0.013983 0.888328 0.630383
v 0.015433 0.844779 0.340754
v 0.097643 0.978379 -0.391226
v -0.143686 0.825627 -0.497734
v -0.061465 1.024110 0.368755
v 0.154275 0.644559 -0.703462
v 0.015433 0.844779 0.340754
v 0.013983 0.888328 -0.630383
v 0.096427 0.653888 -0.408027
v 0.074444 1.105180 0.594319
v 0.013983 0.888328 0.630383
v 0.015433 0.844779 -0.340754
v 0.097643 0.978379 0.391226
v 0.180128 0.900979 -0.497733
v -0.061465 1.024110 -0.368755
v -0.143686 0.825627 -0.497734
vn -0.044566 0.200481 -0.978683
vn -0.803851 -0.592622 0.051211
vn -0.162066 0.245567 0.955736
vn -0.803854 -0.592619 -0.051212
vn -0.088560 0.178491 0.979948
vn -0.062108 -0.176450 0.982348
vn 0.918553 0.376142 0.121561
vn -0.238789 0.002585 0.971068
vn 0.831046 0.333314 0.445268
vn -0.931097 -0.323714 -0.168127
vn -0.062108 -0.176450 0.982348
vn 0.188788 0.499782 0.845327
vn 0.918554 0.376141 -0.121562
vn -0.945969 0.148527 0.288238
vn -0.062108 -0.176450 0.982348
vn 0.188789 0.499780 -0.845328
vn -0.931097 -0.323714 -0.168127
vn 0.039342 -0.179813 -0.982914
vn -0.275074 -0.459438 -0.844542
vn 0.188789 0.499780 -0.845328
vn -0.044566 0.200481 -0.978683
vn 0.831047 0.333312 -0.445270
vn 0.918553 0.376142 0.121561
vn -0.238787 0.002586 -0.971068
vn -0.945970 0.148525 -0.288239
vn -0.162066 0.245567 0.955736
vn 0.039342 -0.179813 -0.982914
vn 0.659801 0.225398 0.716839
vn -0.931098 -0.323714 0.168125
vn -0.238787 0.002586 -0.971068
vn -0.088562 0.178492 -0.979948
vn 0.039342 -0.179813 -0.982914
vn -0.044566 0.200481 -0.978683
vn -0.275078 -0.459437 0.844541
vn 0.188788 0.499782 0.845327
vn -0.162066 0.245567 0.955736
vn -0.062108 -0.176450 0.982348
vn 0.659799 0.225400 -0.716841
vn 0.918554 0.376141 -0.121562
vn -0.238789 0.002585 0.971068
vn -0.931098 -0.323714 0.168125
vt 0.426199 0.843097
vt 0.337824 0.779805
vt 0.431034 0.825843
vt 0.338098 0.777393
vt 0.338591 0.833132
vt 0.431040 0.721464
vt 0.426613 0.786468
vt 0.337619 0.755828
vt 0.336536 0.790016
vt 0.430463 0.782672
vt 0.431040 0.721464
vt 0.337782 0.828981
vt 0.429542 0.779609
vt 0.339235 0.769520
vt 0.431040 0.721464
vt 0.333933 0.829804
vt 0.430463 0.782672
vt 0.428177 0.736903
vt 0.335731 0.745105
vt 0.333933 0.829804
vt 0.426199 0.843097
vt 0.337756 0.789367
vt 0.426613 0.786468
vt 0.348966 0.756858
vt 0.332704 0.821249
vt 0.431034 0.825843
vt 0.428177 0.736903
vt 0.341170 0.758713
vt 0.427701 0.782228
vt 0.348966 0.756858
vt 0.334344 0.831546
vt 0.428177 0.736903
vt 0.426199 0.843097
vt 0.339823 0.753174
vt 0.337782 0.828981
vt 0.431034 0.825843
vt 0.431040 0.721464
vt 0.343448 0.758860
vt 0.429542 0.779609
vt 0.337619 0.755828
vt 0.427701 0.782228
f 2029/2029/2029 2051/2051/2051 2050/2050/2050
f 2032/2032/2032 2034/2034/2034 2017/2017/2017
f 2044/2044/2044 2026/2026/2026 2023/2023/2023
f 2032/2032/2032 2017/2017/2017 2020/2020/2020
f 2019/2019/2019 2049/2049/2049 2056/2056/2056
f 2043/2043/2043 2028/2028/2028 2031/2031/2031
f 2032/2032/2032 2020/2020/2020 2041/2041/2041
f 2028/2028/2028 2036/2036/2036 2031/2031/2031
f 2056/2056/2056 2049/2049/2049 2052/2052/2052
f 2022/2022/2022 2037/2037/2037 2033/2033/2033
f 2030/2030/2030 2028/2028/2028 2043/2043/2043
f 2033/2033/2033 2037/2037/2037 2034/2034/2034
f 2048/2048/2048 2046/2046/2046 2056/2056/2056
f 2042/2042/2042 2034/2034/2034 2032/2032/2032
f 2018/2018/2018 2020/2020/2020 2022/2022/2022
f 2053/2053/2053 2038/2038/2038 2047/2047/2047
f 2024/2024/2024 2046/2046/2046 2054/2054/2054
f 2040/2040/2040 2044/2044/2044 2023/2023/2023
f 2039/2039/2039 2047/2047/2047 2025/2025/2025
f 2027/2027/2027 2038/2038/2038 2053/2053/2053
f 2022/2022/2022 2020/2020/2020 2037/2037/2037
f 2055/2055/2055 2030/2030/2030 2043/2043/2043
f 2021/2021/2021 2024/2024/2024 2054/2054/2054
f 2016/2016/2016 2044/2044/2044 2040/2040/2040
f 2049/2049/2049 2024/2024/2024 2021/2021/2021
f 2035/2035/2035 2016/2016/2016 2040/2040/2040
f 2053/2053/2053 2047/2047/2047 2045/2045/2045
f 2046/2046/2046 2019/2019/2019 2056/2056/2056
f 2039/2039/2039 2025/2025/2025 2029/2029/2029
f 2054/2054/2054 2046/2046/2046 2048/2048/2048
f 2029/2029/2029 2025/2025/2025 2051/2051/2051
f 2027/2027/2027 2051/2051/2051 2038/2038/2038
v 0.201998 0.776712 -0.200317
v 0.171681 0.891278 0.186805
v 0.182325 0.299508 0.109133
v -0.013620 0.829460 0.005435
v -0.032486 0.917057 -0.286485
v -0.164352 0.921877 0.186002
v -0.013620 0.829460 0.005435
v 0.212224 0.993942 -0.004551
v -0.052987 1.127350 0.140378
v -0.032486 0.917057 -0.286485
v 0.027756 1.071080 -0.180309
v 0.027037 1.070680 0.187777
v 0.169092 0.994430 0.140378
v -0.013620 0.829460 0.005435
v 0.171681 0.891278 0.186805
v 0.165820 0.891278 0.109133
v -0.098684 1.156770 0.016211
v 0.201998 0.776713 0.200316
v 0.171681 0.891278 -0.186805
v -0.032486 0.917057 0.286485
v 0.027756 1.071080 -0.180309
v 0.169092 0.994431 -0.132911
v 0.027037 1.070680 0.187777
v -0.164351 0.921877 -0.186002
v -0.032486 0.917057 0.286485
v 0.171681 0.891278 -0.186805
v -0.051358 1.126780 -0.132911
v -0.013620 0.829460 0.005435
v 0.165820 0.891278 -0.098264
v 0.182325 0.299508 -0.098264
vn 0.699694 0.101753 0.707160
vn 0.990702 -0.016221 -0.135077
vn 0.999611 0.027880 0.000000
vn 0.590190 -0.807203 -0.009979
vn 0.074355 0.502877 -0.861154
vn -0.850674 0.046274 0.523653
vn 0.590190 -0.807203 -0.009979
vn 0.999882 -0.010773 -0.010950
vn -0.490299 0.535861 0.687357
vn 0.074355 0.502877 -0.861154
vn 0.204283 0.513538 -0.833395
vn 0.192392 0.484027 0.853641
vn 0.761939 0.281619 0.583215
vn 0.590190 -0.807203 -0.009979
vn 0.990702 -0.016221 -0.135077
vn 0.999611 0.027880 0.000000
vn -0.832981 0.552661 0.026624
vn 0.680137 0.094245 -0.727002
vn 0.992633 0.007278 0.120939
vn 0.069017 0.475293 0.877117
vn 0.204283 0.513538 -0.833395
vn 0.752375 0.319778 -0.575911
vn 0.192392 0.484027 0.853641
vn -0.862535 0.066235 -0.501644
vn 0.069017 0.475293 0.877117
vn 0.992633 0.007278 0.120939
vn -0.489690 0.562448 -0.666226
vn 0.590190 -0.807203 -0.009979
vn 0.999611 0.027880 0.000000
vn 0.999611 0.027880 0.000000
vt 0.789195 0.095898
vt 0.780647 0.044903
vt 0.487655 0.827759
vt 0.833269 0.060988
vt 0.753794 0.039364
vt 0.777649 0.031453
vt 0.833269 0.060988
vt 0.828751 0.147340
vt 0.756380 0.226225
vt 0.753794 0.039364
vt 0.750313 0.184239
vt 0.747804 0.183353
vt 0.777959 0.135597
vt 0.833269 0.060988
vt 0.780647 0.044903
vt 0.736768 0.827064
vt 0.810103 0.260213
vt 0.789341 0.095863
vt 0.780501 0.044938
vt 0.753940 0.039329
vt 0.750313 0.184239
vt 0.780532 0.136211
vt 0.747804 0.183353
vt 0.777503 0.031488
vt 0.753940 0.039329
vt 0.780501 0.044938
vt 0.759046 0.226449
vt 0.833269 0.060988
vt 0.738373 0.982751
vt 0.483544 0.993452
f 2071/2071/2071 2074/2074/2074 2063/2063/2063
f 2067/2067/2067 2082/2082/2082 2066/2066/2066
f 2067/2067/2067 2078/2078/2078 2082/2082/2082
f 2080/2080/2080 2060/2060/2060 2062/2062/2062
f 2069/2069/2069 2079/2079/2079 2058/2058/2058
f 2078/2078/2078 2064/2064/2064 2082/2082/2082
f 2084/2084/2084 2057/2057/2057 2075/2075/2075
f 2064/2064/2064 2069/2069/2069 2058/2058/2058
f 2085/2085/2085 2072/2072/2072 2059/2059/2059
f 2058/2058/2058 2070/2070/2070 2082/2082/2082
f 2083/2083/2083 2077/2077/2077 2061/2061/2061
f 2068/2068/2068 2065/2065/2065 2076/2076/2076
f 2065/2065/2065 2062/2062/2062 2076/2076/2076
f 2064/2064/2064 2058/2058/2058 2082/2082/2082
f 2073/2073/2073 2083/2083/2083 2080/2080/2080
f 2079/2079/2079 2081/2081/2081 2058/2058/2058
f 2083/2083/2083 2061/2061/2061 2080/2080/2080
f 2059/2059/2059 2086/2086/2086 2085/2085/2085
f 2065/2065/2065 2073/2073/2073 2062/2062/2062
v 0.017504 0.554788 -0.365692
v 0.211732 0.514258 0.244596
v 0.017476 0.548941 0.053812
v -0.139264 0.397923 0.170490
v -0.139271 0.397909 -0.170489
v 0.078090 0.363701 -0.214799
v 0.078090 0.363701 -0.214799
v 0.303279 0.670668 -0.251926
v -0.078012 0.588380 -0.186221
v 0.058735 0.182665 -0.108974
v 0.017476 0.548941 0.053812
v 0.303279 0.670668 0.251926
v 0.226095 0.190285 0.245734
v 0.211732 0.514258 0.244596
v -0.139264 0.397923 0.170490
v -0.073827 0.379628 -0.054132
v -0.073827 0.379628 -0.054132
v -0.073519 0.382160 -0.310484
v -0.073515 0.382170 0.310489
v 0.017476 0.548941 0.053812
v 0.017474 0.548942 -0.053817
v 0.017501 0.554787 0.365695
v 0.226087 0.190314 -0.245745
v 0.058735 0.182665 -0.108974
v 0.211731 0.514263 -0.244598
v 0.058755 0.186366 -0.337669
v -0.073820 0.379634 0.054128
v -0.073827 0.379628 -0.054132
v -0.073515 0.382170 0.310489
v -0.073519 0.382160 -0.310484
v 0.017474 0.548942 -0.053817
v 0.078091 0.363694 0.214799
v -0.073820 0.379634 0.054128
v -0.082028 0.138910 0.243777
v 0.058755 0.186366 -0.337669
v 0.017501 0.554787 0.365695
v -0.078014 0.588383 0.186222
v 0.058756 0.186349 0.337663
v 0.211731 0.514263 -0.244598
v -0.073515 0.382170 0.310489
v -0.073519 0.382160 -0.310484
v 0.078091 0.363694 0.214799
v 0.017504 0.554788 -0.365692
v 0.017501 0.554787 0.365695
v 0.058750 0.182644 0.108982
v 0.017504 0.554788 -0.365692
v -0.139271 0.397909 -0.170489
v -0.073820 0.379634 0.054128
v 0.058750 0.182644 0.108982
v 0.058756 0.186349 0.337663
v 0.017474 0.548942 -0.053817
v -0.082038 0.138922 -0.243769
vn 0.004285 -0.232702 -0.972539
vn 0.770493 -0.583689 0.256219
vn 0.270173 -0.162428 -0.949012
vn -0.997643 -0.045308 -0.051529
vn -0.997643 -0.045306 0.051527
vn 0.996268 0.017274 -0.084571
vn 0.996268 0.017274 -0.084571
vn 0.856055 -0.506013 -0.105456
vn -0.905283 0.349538 0.241424
vn -0.055862 -0.207221 0.976698
vn 0.270173 -0.162428 -0.949012
vn 0.856064 -0.505997 0.105456
vn 0.795199 0.542293 -0.271252
vn 0.770493 -0.583689 0.256219
vn -0.997643 -0.045308 -0.051529
vn -0.262053 -0.046567 0.963929
vn -0.262053 -0.046567 0.963929
vn -0.100447 -0.011464 -0.994876
vn -0.100419 -0.011486 0.994879
vn 0.270173 -0.162428 -0.949012
vn 0.270167 -0.162429 0.949014
vn 0.004282 -0.232711 0.972537
vn 0.795169 0.542329 0.271266
vn -0.055862 -0.207221 0.976698
vn 0.770488 -0.583698 -0.256213
vn -0.016608 0.158005 -0.987299
vn -0.262068 -0.046573 -0.963925
vn -0.262053 -0.046567 0.963929
vn -0.100419 -0.011486 0.994879
vn -0.100447 -0.011464 -0.994876
vn 0.270167 -0.162429 0.949014
vn 0.996267 0.017237 0.084584
vn -0.262068 -0.046573 -0.963925
vn -0.923453 -0.294418 0.246075
vn -0.016608 0.158005 -0.987299
vn 0.004282 -0.232711 0.972537
vn -0.905290 0.349516 -0.241429
vn -0.016552 0.157977 0.987304
vn 0.770488 -0.583698 -0.256213
vn -0.100419 -0.011486 0.994879
vn -0.100447 -0.011464 -0.994876
vn 0.996267 0.017237 0.084584
vn 0.004285 -0.232702 -0.972539
vn 0.004282 -0.232711 0.972537
vn -0.055889 -0.207259 -0.976688
vn 0.004285 -0.232702 -0.972539
vn -0.997643 -0.045306 0.051527
vn -0.262068 -0.046573 -0.963925
vn -0.055889 -0.207259 -0.976688
vn -0.016552 0.157977 0.987304
vn 0.270167 -0.162429 0.949014
vn -0.923450 -0.294425 -0.246075
vt 0.346728 0.474236
vt 0.325521 0.573493
vt 0.306656 0.503187
vt 0.377634 0.601696
vt 0.377669 0.601261
vt 0.394412 0.587478
vt 0.394412 0.587478
vt 0.283556 0.501796
vt 0.268948 0.505833
vt 0.475712 0.628195
vt 0.306656 0.503187
vt 0.283528 0.502232
vt 0.475103 0.582730
vt 0.325521 0.573493
vt 0.377634 0.601696
vt 0.383609 0.640665
vt 0.383609 0.640665
vt 0.387945 0.554973
vt 0.387913 0.555407
vt 0.306656 0.503187
vt 0.306684 0.502749
vt 0.331280 0.481656
vt 0.475118 0.582289
vt 0.475712 0.628195
vt 0.325547 0.573057
vt 0.478914 0.551706
vt 0.383578 0.641101
vt 0.383609 0.640665
vt 0.387913 0.555407
vt 0.387945 0.554973
vt 0.306684 0.502749
vt 0.394387 0.587914
vt 0.383578 0.641101
vt 0.498778 0.584908
vt 0.478914 0.551706
vt 0.331280 0.481656
vt 0.268919 0.506269
vt 0.478894 0.552144
vt 0.325547 0.573057
vt 0.387913 0.555407
vt 0.387945 0.554973
vt 0.394387 0.587914
vt 0.346728 0.474236
vt 0.331280 0.481656
vt 0.475694 0.628628
vt 0.346728 0.474236
vt 0.377669 0.601261
vt 0.383578 0.641101
vt 0.475694 0.628628
vt 0.478894 0.552144
vt 0.306684 0.502749
vt 0.498800 0.584475
f 2100/2100/2100 2115/2115/2115 2118/2118/2118
f 2128/2128/2128 2124/2124/2124 2099/2099/2099
f 2110/2110/2110 2109/2109/2109 2114/2114/2114
f 2127/2127/2127 2133/2133/2133 2132/2132/2132
f 2109/2109/2109 2121/2121/2121 2093/2093/2093
f 2123/2123/2123 2119/2119/2119 2101/2101/2101
f 2105/2105/2105 2120/2120/2120 2136/2136/2136
f 2093/2093/2093 2121/2121/2121 2104/2104/2104
f 2089/2089/2089 2119/2119/2119 2123/2123/2123
f 2134/2134/2134 2135/2135/2135 2090/2090/2090
f 2102/2102/2102 2092/2092/2092 2137/2137/2137
f 2138/2138/2138 2096/2096/2096 2091/2091/2091
f 2122/2122/2122 2101/2101/2101 2115/2115/2115
f 2108/2108/2108 2115/2115/2115 2100/2100/2100
f 2091/2091/2091 2096/2096/2096 2103/2103/2103
f 2130/2130/2130 2088/2088/2088 2098/2098/2098
f 2094/2094/2094 2117/2117/2117 2125/2125/2125
f 2088/2088/2088 2106/2106/2106 2098/2098/2098
f 2090/2090/2090 2120/2120/2120 2105/2105/2105
f 2132/2132/2132 2133/2133/2133 2095/2095/2095
f 2114/2114/2114 2109/2109/2109 2093/2093/2093
f 2133/2133/2133 2102/2102/2102 2095/2095/2095
f 2112/2112/2112 2138/2138/2138 2116/2116/2116
f 2128/2128/2128 2099/2099/2099 2113/2113/2113
f 2126/2126/2126 2124/2124/2124 2128/2128/2128
f 2092/2092/2092 2127/2127/2127 2111/2111/2111
f 2113/2113/2113 2099/2099/2099 2131/2131/2131
f 2137/2137/2137 2092/2092/2092 2111/2111/2111
f 2111/2111/2111 2127/2127/2127 2087/2087/2087
f 2097/2097/2097 2118/2118/2118 2119/2119/2119
f 2116/2116/2116 2138/2138/2138 2091/2091/2091
f 2123/2123/2123 2101/2101/2101 2122/2122/2122
f 2095/2095/2095 2102/2102/2102 2107/2107/2107
f 2094/2094/2094 2125/2125/2125 2129/2129/2129
f 2090/2090/2090 2135/2135/2135 2120/2120/2120
f 2100/2100/2100 2118/2118/2118 2097/2097/2097
v -0.768532 0.242054 -0.037780
v -0.404734 0.498306 0.101934
v -0.265888 1.059600 0.014456
v -0.404734 0.498306 0.101934
v -0.204832 0.793440 -0.089839
v -0.392382 0.504250 -0.063787
v -0.771214 0.242210 0.069690
v -0.405660 0.858279 0.014153
v -0.164351 0.921877 -0.186002
v -0.213754 0.794471 0.115403
v -0.204832 0.793440 -0.089839
v -0.768532 0.242054 -0.037780
v -0.164351 0.921877 -0.186002
v -0.819197 0.364486 0.014463
v -0.392382 0.504250 -0.063787
v -0.405660 0.858279 0.014153
v -0.502555 0.621063 0.014662
v -0.213754 0.794471 0.115403
v -1.140360 0.195372 0.015553
v -0.265888 1.059600 0.014456
v -0.164352 0.921877 0.186002
v -0.819197 0.364486 0.014463
v -0.771214 0.242210 0.069690
v -0.098684 1.156770 0.016211
v -0.164352 0.921877 0.186002
v -0.502555 0.621063 0.014662
vn 0.229039 -0.694722 -0.681838
vn 0.321168 -0.371589 0.871076
vn -0.810434 0.584309 0.042176
vn 0.321168 -0.371589 0.871076
vn 0.209684 -0.211804 -0.954553
vn 0.424465 -0.353916 -0.833410
vn 0.106516 -0.530246 0.841126
vn -0.878857 0.477076 -0.002802
vn -0.194621 0.032140 -0.980352
vn 0.096032 -0.195318 0.976027
vn 0.209684 -0.211804 -0.954553
vn 0.229039 -0.694722 -0.681838
vn -0.194621 0.032140 -0.980352
vn -0.564955 0.824963 -0.016184
vn 0.424465 -0.353916 -0.833410
vn -0.878857 0.477076 -0.002802
vn -0.789272 0.613662 -0.021652
vn 0.096032 -0.195318 0.976027
vn -0.577977 -0.815989 -0.010195
vn -0.810434 0.584309 0.042176
vn 0.334853 0.106909 0.936186
vn -0.564955 0.824963 -0.016184
vn 0.106516 -0.530246 0.841126
vn -0.502381 0.863758 0.039196
vn 0.334853 0.106909 0.936186
vn -0.789272 0.613662 -0.021652
vt 0.592841 0.832782
vt 0.570525 0.915079
vt 0.736941 0.903930
vt 0.570525 0.915079
vt 0.687741 0.878117
vt 0.578108 0.875533
vt 0.569503 0.831023
vt 0.661793 0.902404
vt 0.738617 0.553970
vt 0.683824 0.922109
vt 0.687741 0.878117
vt 0.592841 0.832782
vt 0.737479 0.870376
vt 0.492103 0.836625
vt 0.578108 0.875533
vt 0.661793 0.902404
vt 0.587192 0.898181
vt 0.683824 0.922109
vt 0.557641 0.829028
vt 0.779666 0.520328
vt 0.799083 0.516058
vt 0.492103 0.836625
vt 0.569503 0.831023
vt 0.783653 0.632384
vt 0.734686 0.931054
vt 0.587192 0.898181
f 2142/2142/2142 2153/2153/2153 2148/2148/2148
f 2157/2157/2157 2152/2152/2152 2150/2150/2150
f 2139/2139/2139 2160/2160/2160 2144/2144/2144
f 2158/2158/2158 2159/2159/2159 2162/2162/2162
f 2149/2149/2149 2151/2151/2151 2163/2163/2163
f 2164/2164/2164 2148/2148/2148 2146/2146/2146
f 2153/2153/2153 2164/2164/2164 2143/2143/2143
f 2157/2157/2157 2150/2150/2150 2161/2161/2161
f 2144/2144/2144 2160/2160/2160 2155/2155/2155
f 2160/2160/2160 2145/2145/2145 2140/2140/2140
f 2145/2145/2145 2139/2139/2139 2140/2140/2140
f 2164/2164/2164 2146/2146/2146 2143/2143/2143
f 2140/2140/2140 2139/2139/2139 2144/2144/2144
f 2154/2154/2154 2141/2141/2141 2149/2149/2149
f 2158/2158/2158 2162/2162/2162 2147/2147/2147
f 2157/2157/2157 2161/2161/2161 2152/2152/2152
f 2154/2154/2154 2156/2156/2156 2141/2141/2141
f 2156/2156/2156 2149/2149/2149 2163/2163/2163
f 2160/2160/2160 2140/2140/2140 2155/2155/2155
f 2153/2153/2153 2143/2143/2143 2148/2148/2148
f 2142/2142/2142 2148/2148/2148 2164/2164/2164
f 2156/2156/2156 2163/2163/2163 2141/2141/2141
f 2149/2149/2149 2141/2141/2141 2151/2151/2151
v 0.256372 1.245899 -0.430411
v 0.220763 1.443266 -0.495106
v -0.091152 1.333453 -0.441489
v 0.246603 1.324950 -0.446347
v 0.083493 1.426765 -0.534575
v 0.008861 1.397992 0.498621
v 0.169255 1.458325 0.501005
v 0.088811 1.444685 0.537628
v 0.163938 1.440405 -0.497952
v -0.033125 1.413905 0.457934
v 0.240762 1.421912 0.467627
v -0.085835 1.351373 0.444541
v 0.126094 1.427692 0.556245
v -0.069789 1.406833 -0.425490
v 0.097963 1.476096 0.503139
v 0.047842 1.434731 -0.493051
v 0.197159 1.416764 0.491794
v 0.254862 1.258829 0.455860
v 0.130704 1.449157 -0.555747
v 0.003544 1.380072 -0.495568
v 0.249545 1.240908 -0.452807
v -0.074696 1.341163 0.465715
v -0.038442 1.395984 -0.454881
v 0.210686 1.347616 0.492585
v 0.049028 1.505317 0.503459
v 0.081652 1.455005 0.502507
v 0.009900 1.460196 -0.471325
v 0.136022 1.467077 0.558800
v 0.173683 1.432068 0.499752
v 0.275331 1.319970 -0.414951
v 0.235445 1.403992 -0.464574
v 0.280648 1.337890 0.418004
v 0.261689 1.263820 0.433464
v -0.064472 1.424753 0.428543
v 0.191842 1.398844 -0.488742
v 0.205368 1.329696 -0.489533
v 0.007943 1.327077 0.531959
v 0.015217 1.478116 0.474378
v 0.092646 1.458176 -0.500086
v 0.251920 1.342870 0.449400
v 0.002626 1.309158 -0.528906
v 0.168366 1.414148 -0.496699
v 0.076335 1.437085 -0.499454
v 0.165387 1.425598 0.535336
v 0.175747 1.265835 -0.523150
v 0.043711 1.487397 -0.500406
v -0.080013 1.323243 -0.462662
v 0.120776 1.409772 -0.553192
v 0.160069 1.407678 -0.532283
v 0.226080 1.461186 0.498158
v 0.053159 1.452651 0.496104
v 0.181064 1.283755 0.526203
vn 0.949917 -0.191604 -0.246870
vn 0.277553 -0.310934 -0.909002
vn -0.753690 0.341813 -0.561351
vn 0.733527 0.077586 -0.675217
vn -0.428094 0.049370 -0.902385
vn -0.550883 0.379595 0.743260
vn 0.195221 -0.085452 0.977030
vn 0.428093 -0.049370 -0.902385
vn 0.195218 -0.085452 -0.977030
vn -0.554657 0.395295 0.732187
vn 0.477213 -0.421192 0.771275
vn -0.753691 0.341813 0.561349
vn 0.969665 -0.242371 -0.031723
vn -0.659064 0.371426 -0.653970
vn -0.156114 0.001934 0.987737
vn -0.302491 -0.053016 -0.951677
vn 0.297994 -0.203808 0.932556
vn 0.803082 0.004020 0.595855
vn 0.015484 -0.068618 -0.997523
vn -0.550883 0.379595 -0.743260
vn 0.803082 0.004020 -0.595855
vn -0.606228 0.376459 0.700547
vn -0.554658 0.395294 -0.732187
vn 0.711956 0.065024 0.699207
vn -0.335389 -0.156056 0.929064
vn -0.228449 0.147807 0.962270
vn -0.568133 -0.157371 -0.807750
vn 0.969665 -0.242371 -0.031723
vn 0.326887 0.010046 0.945010
vn 0.878395 -0.059414 -0.474227
vn 0.477215 -0.421193 -0.771273
vn 0.878396 -0.059415 0.474227
vn 0.949917 -0.191604 0.246871
vn -0.659064 0.371427 0.653970
vn 0.297994 -0.203809 -0.932557
vn 0.711957 0.065023 -0.699206
vn -0.544486 0.362618 0.756335
vn -0.568134 -0.157371 0.807749
vn -0.156115 0.001935 -0.987737
vn 0.733527 0.077586 0.675217
vn -0.544486 0.362618 -0.756335
vn 0.326884 0.010045 -0.945011
vn -0.228450 0.147810 -0.962270
vn 0.455658 -0.171526 0.873473
vn 0.698178 0.052036 -0.714030
vn -0.335389 -0.156056 -0.929065
vn -0.606228 0.376459 -0.700547
vn 0.015484 -0.068618 -0.997523
vn 0.455661 -0.171528 -0.873471
vn 0.277553 -0.310933 0.909002
vn -0.302491 -0.053017 0.951677
vn 0.698179 0.052038 0.714030
vt 0.541680 0.591734
vt 0.540639 0.651391
vt 0.536015 0.619079
vt 0.538318 0.616126
vt 0.553977 0.644159
vt 0.547164 0.632805
vt 0.541711 0.651911
vt 0.553916 0.645734
vt 0.541772 0.650336
vt 0.533528 0.639909
vt 0.535572 0.641976
vt 0.535955 0.620653
vt 0.561147 0.639388
vt 0.523803 0.643261
vt 0.540528 0.657467
vt 0.540904 0.648774
vt 0.543233 0.639128
vt 0.548741 0.590598
vt 0.557942 0.650236
vt 0.547225 0.631231
vt 0.548801 0.589024
vt 0.543248 0.616341
vt 0.533588 0.638335
vt 0.550523 0.617054
vt 0.537640 0.666762
vt 0.542493 0.650778
vt 0.531891 0.657974
vt 0.557882 0.651811
vt 0.544021 0.643607
vt 0.529556 0.616109
vt 0.535633 0.640402
vt 0.529495 0.617683
vt 0.541619 0.593308
vt 0.523743 0.644836
vt 0.543294 0.637554
vt 0.550584 0.615480
vt 0.564244 0.608541
vt 0.531830 0.659548
vt 0.540588 0.655893
vt 0.538257 0.617701
vt 0.564305 0.606967
vt 0.544081 0.642032
vt 0.542554 0.649204
vt 0.555187 0.639766
vt 0.567026 0.593450
vt 0.537701 0.665188
vt 0.543309 0.614767
vt 0.561207 0.637814
vt 0.555248 0.638192
vt 0.540579 0.652965
vt 0.540843 0.650348
vt 0.566966 0.595025
f 2194/2194/2194 2165/2165/2165 2185/2185/2185
f 2173/2173/2173 2166/2166/2166 2199/2199/2199
f 2199/2199/2199 2166/2166/2166 2195/2195/2195
f 2211/2211/2211 2167/2167/2167 2178/2178/2178
f 2185/2185/2185 2168/2168/2168 2194/2194/2194
f 2200/2200/2200 2168/2168/2168 2185/2185/2185
f 2183/2183/2183 2212/2212/2212 2169/2169/2169
f 2170/2170/2170 2174/2174/2174 2186/2186/2186
f 2186/2186/2186 2201/2201/2201 2170/2170/2170
f 2171/2171/2171 2193/2193/2193 2181/2181/2181
f 2181/2181/2181 2214/2214/2214 2171/2171/2171
f 2192/2192/2192 2177/2177/2177 2172/2172/2172
f 2199/2199/2199 2206/2206/2206 2173/2173/2173
f 2186/2186/2186 2174/2174/2174 2198/2198/2198
f 2175/2175/2175 2214/2214/2214 2181/2181/2181
f 2198/2198/2198 2176/2176/2176 2186/2186/2186
f 2208/2208/2208 2192/2192/2192 2177/2177/2177
f 2178/2178/2178 2187/2187/2187 2211/2211/2211
f 2179/2179/2179 2189/2189/2189 2215/2215/2215
f 2215/2215/2215 2190/2190/2190 2179/2179/2179
f 2210/2210/2210 2180/2180/2180 2191/2191/2191
f 2180/2180/2180 2210/2210/2210 2203/2203/2203
f 2203/2203/2203 2207/2207/2207 2180/2180/2180
f 2182/2182/2182 2197/2197/2197 2196/2196/2196
f 2196/2196/2196 2204/2204/2204 2182/2182/2182
f 2182/2182/2182 2204/2204/2204 2188/2188/2188
f 2188/2188/2188 2216/2216/2216 2182/2182/2182
f 2212/2212/2212 2183/2183/2183 2213/2213/2213
f 2211/2211/2211 2187/2187/2187 2184/2184/2184
f 2184/2184/2184 2205/2205/2205 2211/2211/2211
f 2185/2185/2185 2209/2209/2209 2200/2200/2200
f 2202/2202/2202 2215/2215/2215 2189/2189/2189
v 0.137367 1.184963 0.663321
v 0.056562 1.161377 -0.626328
v 0.005487 1.217838 0.669371
v 0.061879 1.179298 0.629380
v 0.061879 1.179298 0.629380
v 0.078839 1.344577 -0.710549
v 0.132050 1.167042 -0.660268
v 0.142250 1.468339 0.695954
v 0.145224 1.347274 0.711773
v 0.142250 1.468339 0.695954
v 0.101656 1.309798 0.671076
v 0.136933 1.450419 -0.692901
v 0.046765 1.119331 0.632341
v 0.049991 1.266410 -0.700499
v 0.070959 1.211228 0.596986
v 0.127852 1.247001 -0.698167
v 0.137367 1.184963 0.663321
v 0.066905 1.179942 0.694718
v 0.169623 1.191732 -0.598928
v 0.000170 1.199917 -0.666318
v 0.106879 1.323666 -0.728687
v 0.142250 1.468339 0.695954
v 0.112196 1.341586 0.731740
v 0.089257 1.270508 -0.636659
v 0.136933 1.450419 -0.692901
v 0.101656 1.309798 0.671076
v -0.023227 1.239790 -0.607810
v 0.174940 1.209652 0.601981
v 0.000170 1.199917 -0.666318
v -0.017910 1.257710 0.610863
v 0.094575 1.288428 0.639712
v 0.084156 1.362497 0.713602
v 0.056562 1.161377 -0.626328
v 0.041448 1.101411 -0.629288
v 0.055308 1.284330 0.703551
v 0.145224 1.347274 0.711773
v 0.109666 1.342808 -0.682663
v 0.005487 1.217838 0.669371
v 0.000170 1.199917 -0.666318
v 0.085799 1.240886 -0.718385
v 0.091117 1.258806 0.721438
v 0.127852 1.247001 -0.698167
v 0.084156 1.362497 0.713602
v 0.137367 1.184963 0.663321
v 0.094575 1.288428 0.639712
v 0.065642 1.193307 -0.593933
v 0.114983 1.360728 0.685716
v 0.046765 1.119331 0.632341
v 0.114983 1.360728 0.685716
v 0.096339 1.291878 -0.668023
v 0.078839 1.344577 -0.710549
v 0.132050 1.167042 -0.660268
v -0.023227 1.239790 -0.607810
v 0.000170 1.199917 -0.666318
v 0.041448 1.101411 -0.629288
v 0.096339 1.291878 -0.668023
v 0.139907 1.329354 -0.708720
v 0.049991 1.266410 -0.700499
v 0.005487 1.217838 0.669371
v -0.017910 1.257710 0.610863
v 0.132050 1.167042 -0.660268
v 0.133169 1.264921 0.701220
v 0.137367 1.184963 0.663321
v 0.055308 1.284330 0.703551
v 0.139907 1.329354 -0.708720
v 0.005487 1.217838 0.669371
v 0.174940 1.209652 0.601981
v 0.109666 1.342808 -0.682663
v 0.089257 1.270508 -0.636659
v 0.061588 1.162021 -0.691665
v 0.132050 1.167042 -0.660268
v 0.136933 1.450419 -0.692901
v 0.133169 1.264921 0.701220
v 0.169623 1.191732 -0.598928
vn 0.815046 -0.484415 -0.317872
vn -0.152384 -0.372187 0.915563
vn -0.972582 0.001876 -0.232554
vn -0.152384 -0.372187 -0.915563
vn -0.152384 -0.372187 -0.915563
vn -0.900964 0.410707 -0.139942
vn 0.815046 -0.484415 0.317871
vn 0.113969 0.590330 -0.799075
vn 0.995302 -0.061814 0.074511
vn 0.113969 0.590330 -0.799075
vn 0.125220 0.610458 -0.782088
vn 0.113969 0.590329 0.799076
vn -0.261893 -0.897500 -0.354831
vn -0.903100 0.367191 -0.222667
vn -0.236442 -0.803986 -0.545621
vn 0.981105 -0.127768 -0.145284
vn 0.815046 -0.484415 -0.317872
vn -0.090118 -0.511461 0.854568
vn 0.780920 -0.573502 -0.247506
vn -0.972582 0.001875 0.232554
vn 0.038779 0.023684 -0.998967
vn 0.113969 0.590330 -0.799075
vn 0.038778 0.023684 0.998967
vn 0.259111 0.938975 -0.226247
vn 0.113969 0.590329 0.799076
vn 0.125220 0.610458 -0.782088
vn -0.946937 -0.115564 -0.299925
vn 0.780921 -0.573501 0.247506
vn -0.972582 0.001875 0.232554
vn -0.946937 -0.115563 0.299926
vn 0.259112 0.938974 0.226248
vn -0.900964 0.410707 0.139941
vn -0.152384 -0.372187 0.915563
vn -0.261893 -0.897500 0.354831
vn -0.903100 0.367191 0.222666
vn 0.995302 -0.061814 0.074511
vn 0.012777 0.192709 0.981173
vn -0.972582 0.001876 -0.232554
vn -0.972582 0.001875 0.232554
vn -0.019319 -0.230684 -0.972837
vn -0.019320 -0.230684 0.972837
vn 0.981105 -0.127768 -0.145284
vn -0.900964 0.410707 0.139941
vn 0.815046 -0.484415 -0.317872
vn 0.259112 0.938974 0.226248
vn -0.236442 -0.803986 0.545621
vn 0.012777 0.192708 -0.981173
vn -0.261893 -0.897500 -0.354831
vn 0.012777 0.192708 -0.981173
vn 0.125219 0.610458 0.782088
vn -0.900964 0.410707 -0.139942
vn 0.815046 -0.484415 0.317871
vn -0.946937 -0.115564 -0.299925
vn -0.972582 0.001875 0.232554
vn -0.261893 -0.897500 0.354831
vn 0.125219 0.610458 0.782088
vn 0.995303 -0.061814 -0.074511
vn -0.903100 0.367191 -0.222667
vn -0.972582 0.001876 -0.232554
vn -0.946937 -0.115563 0.299926
vn 0.815046 -0.484415 0.317871
vn 0.981105 -0.127769 0.145283
vn 0.815046 -0.484415 -0.317872
vn -0.903100 0.367191 0.222666
vn 0.995303 -0.061814 -0.074511
vn -0.972582 0.001876 -0.232554
vn 0.780921 -0.573501 0.247506
vn 0.012777 0.192709 0.981173
vn 0.259111 0.938975 -0.226247
vn -0.090118 -0.511461 -0.854568
vn 0.815046 -0.484415 0.317871
vn 0.113969 0.590329 0.799076
vn 0.981105 -0.127769 0.145283
vn 0.780920 -0.573502 -0.247506
vt 0.052798 0.205884
vt 0.043415 0.204201
vt 0.051229 0.216057
vt 0.043355 0.205775
vt 0.043355 0.205775
vt 0.049586 0.258367
vt 0.052858 0.204309
vt 0.033514 0.294550
vt 0.050539 0.255182
vt 0.033514 0.294550
vt 0.042348 0.245275
vt 0.033575 0.292976
vt 0.050348 0.186519
vt 0.054596 0.233962
vt 0.030532 0.217569
vt 0.055888 0.227894
vt 0.052798 0.205884
vt 0.062580 0.202714
vt 0.032228 0.215243
vt 0.051290 0.214482
vt 0.057075 0.250797
vt 0.033514 0.294550
vt 0.057015 0.252372
vt 0.035329 0.238459
vt 0.033575 0.292976
vt 0.042348 0.245275
vt 0.029946 0.230113
vt 0.032167 0.216817
vt 0.051290 0.214482
vt 0.029886 0.231687
vt 0.035268 0.240033
vt 0.049525 0.259942
vt 0.043415 0.204201
vt 0.050409 0.184944
vt 0.054535 0.235536
vt 0.050539 0.255182
vt 0.041533 0.259198
vt 0.051229 0.216057
vt 0.051290 0.214482
vt 0.062481 0.224934
vt 0.062421 0.226509
vt 0.055888 0.227894
vt 0.049525 0.259942
vt 0.052798 0.205884
vt 0.035268 0.240033
vt 0.030592 0.215995
vt 0.041473 0.260772
vt 0.050348 0.186519
vt 0.041473 0.260772
vt 0.042408 0.243700
vt 0.049586 0.258367
vt 0.052858 0.204309
vt 0.029946 0.230113
vt 0.051290 0.214482
vt 0.050409 0.184944
vt 0.042408 0.243700
vt 0.050600 0.253608
vt 0.054596 0.233962
vt 0.051229 0.216057
vt 0.029886 0.231687
vt 0.052858 0.204309
vt 0.055827 0.229468
vt 0.052798 0.205884
vt 0.054535 0.235536
vt 0.050600 0.253608
vt 0.051229 0.216057
vt 0.032167 0.216817
vt 0.041533 0.259198
vt 0.035329 0.238459
vt 0.062641 0.201140
vt 0.052858 0.204309
vt 0.033575 0.292976
vt 0.055827 0.229468
vt 0.032228 0.215243
f 2288/2288/2288 2237/2237/2237 2267/2267/2267
f 2232/2232/2232 2256/2256/2256 2237/2237/2237
f 2280/2280/2280 2257/2257/2257 2239/2239/2239
f 2289/2289/2289 2225/2225/2225 2239/2239/2239
f 2236/2236/2236 2249/2249/2249 2262/2262/2262
f 2256/2256/2256 2232/2232/2232 2223/2223/2223
f 2230/2230/2230 2267/2267/2267 2237/2237/2237
f 2223/2223/2223 2286/2286/2286 2256/2256/2256
f 2254/2254/2254 2221/2221/2221 2229/2229/2229
f 2233/2233/2233 2289/2289/2289 2257/2257/2257
f 2261/2261/2261 2276/2276/2276 2282/2282/2282
f 2286/2286/2286 2250/2250/2250 2255/2255/2255
f 2237/2237/2237 2273/2273/2273 2232/2232/2232
f 2270/2270/2270 2269/2269/2269 2285/2285/2285
f 2263/2263/2263 2242/2242/2242 2251/2251/2251
f 2255/2255/2255 2230/2230/2230 2256/2256/2256
f 2262/2262/2262 2243/2243/2243 2236/2236/2236
f 2248/2248/2248 2226/2226/2226 2263/2263/2263
f 2219/2219/2219 2264/2264/2264 2234/2234/2234
f 2257/2257/2257 2234/2234/2234 2233/2233/2233
f 2237/2237/2237 2288/2288/2288 2273/2273/2273
f 2262/2262/2262 2249/2249/2249 2277/2277/2277
f 2260/2260/2260 2229/2229/2229 2221/2221/2221
f 2287/2287/2287 2258/2258/2258 2272/2272/2272
f 2227/2227/2227 2278/2278/2278 2279/2279/2279
f 2271/2271/2271 2218/2218/2218 2245/2245/2245
f 2239/2239/2239 2259/2259/2259 2280/2280/2280
f 2217/2217/2217 2220/2220/2220 2231/2231/2231
f 2274/2274/2274 2266/2266/2266 2284/2284/2284
f 2256/2256/2256 2286/2286/2286 2255/2255/2255
f 2270/2270/2270 2285/2285/2285 2266/2266/2266
f 2258/2258/2258 2281/2281/2281 2253/2253/2253
f 2250/2250/2250 2286/2286/2286 2223/2223/2223
f 2257/2257/2257 2280/2280/2280 2219/2219/2219
f 2252/2252/2252 2265/2265/2265 2238/2238/2238
f 2275/2275/2275 2246/2246/2246 2231/2231/2231
f 2242/2242/2242 2261/2261/2261 2282/2282/2282
f 2253/2253/2253 2272/2272/2272 2258/2258/2258
f 2218/2218/2218 2271/2271/2271 2268/2268/2268
f 2284/2284/2284 2222/2222/2222 2274/2274/2274
f 2239/2239/2239 2257/2257/2257 2289/2289/2289
f 2231/2231/2231 2220/2220/2220 2275/2275/2275
f 2279/2279/2279 2247/2247/2247 2227/2227/2227
f 2241/2241/2241 2253/2253/2253 2281/2281/2281
f 2278/2278/2278 2227/2227/2227 2265/2265/2265
f 2265/2265/2265 2252/2252/2252 2278/2278/2278
f 2259/2259/2259 2239/2239/2239 2224/2224/2224
f 2233/2233/2233 2234/2234/2234 2264/2264/2264
f 2282/2282/2282 2251/2251/2251 2242/2242/2242
f 2225/2225/2225 2224/2224/2224 2239/2239/2239
f 2237/2237/2237 2256/2256/2256 2230/2230/2230
f 2235/2235/2235 2287/2287/2287 2240/2240/2240
f 2272/2272/2272 2240/2240/2240 2287/2287/2287
f 2231/2231/2231 2244/2244/2244 2217/2217/2217
f 2266/2266/2266 2274/2274/2274 2270/2270/2270
f 2247/2247/2247 2279/2279/2279 2283/2283/2283
f 2277/2277/2277 2290/2290/2290 2262/2262/2262
f 2284/2284/2284 2228/2228/2228 2222/2222/2222
f 2251/2251/2251 2248/2248/2248 2263/2263/2263
f 2219/2219/2219 2234/2234/2234 2257/2257/2257
v 0.159564 1.590242 -0.409395
v 0.149479 1.524977 0.536156
v 0.169742 1.598404 0.581602
v 0.164881 1.608163 0.412448
v 0.159564 1.590242 -0.409395
v 0.099381 1.619566 -0.359631
v 0.151497 1.544717 -0.485511
v 0.193948 1.719966 0.440202
v 0.222279 1.588931 -0.355951
v 0.188823 1.512872 -0.506609
v 0.164425 1.580483 -0.578549
v 0.099381 1.619566 -0.359631
v 0.104699 1.637487 0.362683
v 0.194140 1.530793 0.509662
v 0.193948 1.719966 0.440202
v 0.104699 1.637487 0.362683
v 0.164756 1.623940 -0.334986
v 0.110723 1.551587 0.512160
v 0.105405 1.533667 -0.509107
v 0.104699 1.637487 0.362683
v 0.144161 1.507057 -0.533103
v 0.110723 1.551587 0.512160
v 0.227596 1.606851 0.359003
v 0.099381 1.619566 -0.359631
v 0.194140 1.530793 0.509662
v 0.083629 1.617467 0.403583
v 0.164881 1.608163 0.412448
v 0.227596 1.606851 0.359003
v 0.188823 1.512872 -0.506609
v 0.188631 1.702046 -0.437149
v 0.170073 1.641861 0.338038
v 0.164425 1.580483 -0.578549
v 0.222279 1.588931 -0.355951
v 0.078312 1.599546 -0.400530
v 0.105405 1.533667 -0.509107
v 0.156814 1.562637 0.488564
v 0.169742 1.598404 0.581602
v 0.188631 1.702046 -0.437149
vn 0.017244 0.413992 -0.910117
vn -0.096343 -0.504476 0.858034
vn 0.182138 0.625700 0.758502
vn 0.017244 0.413993 0.910117
vn 0.017244 0.413992 -0.910117
vn -0.429300 0.836096 -0.341534
vn 0.212046 0.901950 0.376196
vn 0.224734 0.813454 0.536458
vn 0.971707 0.205597 -0.116258
vn 0.958946 0.048811 -0.279357
vn 0.182139 0.625696 -0.758505
vn -0.429300 0.836096 -0.341534
vn -0.429302 0.836095 0.341533
vn 0.958946 0.048813 0.279356
vn 0.224734 0.813454 0.536458
vn -0.429302 0.836095 0.341533
vn 0.170108 0.763266 0.623288
vn -0.798469 0.492055 0.346885
vn -0.798467 0.492055 -0.346888
vn -0.429302 0.836095 0.341533
vn -0.096344 -0.504481 -0.858031
vn -0.798469 0.492055 0.346885
vn 0.971707 0.205596 0.116259
vn -0.429300 0.836096 -0.341534
vn 0.958946 0.048813 0.279356
vn 0.051277 0.886306 0.460253
vn 0.017244 0.413993 0.910117
vn 0.971707 0.205596 0.116259
vn 0.958946 0.048811 -0.279357
vn 0.224734 0.813455 -0.536457
vn 0.170108 0.763269 -0.623285
vn 0.182139 0.625696 -0.758505
vn 0.971707 0.205597 -0.116258
vn 0.051277 0.886305 -0.460255
vn -0.798467 0.492055 -0.346888
vn 0.212045 0.901948 -0.376200
vn 0.182138 0.625700 0.758502
vn 0.224734 0.813455 -0.536457
vt 0.051851 0.204099
vt 0.096804 0.172983
vt 0.102728 0.194108
vt 0.051790 0.205674
vt 0.051851 0.204099
vt 0.034166 0.215931
vt 0.078970 0.185788
vt 0.048575 0.239913
vt 0.036206 0.206353
vt 0.088449 0.174586
vt 0.102789 0.192534
vt 0.034166 0.215931
vt 0.034105 0.217506
vt 0.088388 0.176160
vt 0.048575 0.239913
vt 0.034105 0.217506
vt 0.026443 0.218557
vt 0.087004 0.182661
vt 0.087064 0.181087
vt 0.034105 0.217506
vt 0.096864 0.171409
vt 0.087004 0.182661
vt 0.036145 0.207928
vt 0.034166 0.215931
vt 0.088388 0.176160
vt 0.048224 0.209082
vt 0.051790 0.205674
vt 0.036145 0.207928
vt 0.088449 0.174586
vt 0.048636 0.238338
vt 0.026382 0.220131
vt 0.102789 0.192534
vt 0.036206 0.206353
vt 0.048284 0.207507
vt 0.087064 0.181087
vt 0.078909 0.187362
vt 0.102728 0.194108
vt 0.048636 0.238338
f 2317/2317/2317 2310/2310/2310 2316/2316/2316
f 2324/2324/2324 2314/2314/2314 2291/2291/2291
f 2326/2326/2326 2293/2293/2293 2315/2315/2315
f 2302/2302/2302 2307/2307/2307 2328/2328/2328
f 2305/2305/2305 2306/2306/2306 2294/2294/2294
f 2307/2307/2307 2299/2299/2299 2328/2328/2328
f 2301/2301/2301 2311/2311/2311 2325/2325/2325
f 2323/2323/2323 2295/2295/2295 2320/2320/2320
f 2295/2295/2295 2296/2296/2296 2320/2320/2320
f 2305/2305/2305 2294/2294/2294 2313/2313/2313
f 2308/2308/2308 2292/2292/2292 2327/2327/2327
f 2298/2298/2298 2318/2318/2318 2321/2321/2321
f 2304/2304/2304 2327/2327/2327 2292/2292/2292
f 2319/2319/2319 2322/2322/2322 2297/2297/2297
f 2322/2322/2322 2309/2309/2309 2297/2297/2297
f 2326/2326/2326 2312/2312/2312 2293/2293/2293
f 2311/2311/2311 2301/2301/2301 2300/2300/2300
f 2298/2298/2298 2321/2321/2321 2303/2303/2303
v -0.032486 0.917057 0.286485
v -0.164351 0.921877 -0.186002
v 0.171681 0.891278 -0.186805
v 0.017501 0.554787 0.365695
v 0.024890 0.705860 -0.388628
v 0.024890 0.658696 0.023003
v 0.024890 0.658696 -0.023003
v 0.201998 0.776712 -0.200317
v -0.138612 0.717665 -0.080158
v -0.032486 0.917057 -0.286485
v -0.078012 0.588380 -0.186221
v -0.013620 0.829460 0.005435
v 0.024890 0.705860 0.388628
v -0.078014 0.588383 0.186222
v 0.017474 0.548942 -0.053817
v -0.164352 0.921877 0.186002
v -0.013620 0.829460 0.005435
v 0.201998 0.776713 0.200316
v -0.032486 0.917057 -0.286485
v -0.138613 0.717664 0.080158
v -0.013620 0.829460 0.005435
v 0.017476 0.548941 0.053812
v 0.211731 0.514263 -0.244598
v -0.032486 0.917057 0.286485
v 0.171681 0.891278 0.186805
v 0.211732 0.514258 0.244596
v 0.017504 0.554788 -0.365692
v -0.013620 0.829460 0.005435
vn -0.223380 0.173968 0.959081
vn -0.923621 -0.092198 0.372054
vn 0.550270 0.375912 -0.745582
vn 0.205918 -0.001906 0.978567
vn -0.223960 0.146157 -0.963577
vn -0.083275 -0.097682 0.991728
vn -0.081021 -0.069695 -0.994273
vn 0.996584 0.010297 -0.081943
vn -0.960469 -0.273801 0.050322
vn -0.223382 0.173967 -0.959081
vn -0.940559 -0.253355 -0.226184
vn -0.570965 0.811670 -0.123252
vn -0.223958 0.146169 0.963575
vn -0.940563 -0.253339 0.226189
vn 0.074071 -0.567928 0.819738
vn -0.916151 -0.066900 -0.395210
vn -0.570965 0.811670 -0.123252
vn 0.996515 0.019892 0.081006
vn -0.223382 0.173967 -0.959081
vn -0.960471 -0.273795 -0.050321
vn -0.570965 0.811670 -0.123252
vn 0.074077 -0.567913 -0.819748
vn 0.995182 0.051032 -0.083718
vn -0.223380 0.173968 0.959081
vn 0.550272 0.375910 0.745582
vn 0.995182 0.051034 0.083719
vn 0.205913 -0.001918 -0.978568
vn -0.570965 0.811670 -0.123252
vt 0.753940 0.039329
vt 0.777503 0.031488
vt 0.780501 0.044938
vt 0.772641 0.202566
vt 0.751212 0.137739
vt 0.855313 0.134783
vt 0.855459 0.134748
vt 0.789195 0.095898
vt 0.824306 0.114870
vt 0.753794 0.039364
vt 0.812235 0.177588
vt 0.833269 0.060988
vt 0.751357 0.137704
vt 0.812380 0.177552
vt 0.848251 0.187268
vt 0.777649 0.031453
vt 0.833269 0.060988
vt 0.789341 0.095863
vt 0.753794 0.039364
vt 0.824452 0.114836
vt 0.833269 0.060988
vt 0.848398 0.187233
vt 0.805900 0.213404
vt 0.753940 0.039329
vt 0.780647 0.044903
vt 0.806046 0.213372
vt 0.772495 0.202600
vt 0.833269 0.060988
f 2333/2333/2333 2339/2339/2339 2337/2337/2337
f 2353/2353/2353 2341/2341/2341 2346/2346/2346
f 2346/2346/2346 2332/2332/2332 2354/2354/2354
f 2351/2351/2351 2355/2355/2355 2336/2336/2336
f 2338/2338/2338 2337/2337/2337 2330/2330/2330
f 2337/2337/2337 2334/2334/2334 2330/2330/2330
f 2346/2346/2346 2354/2354/2354 2350/2350/2350
f 2340/2340/2340 2346/2346/2346 2335/2335/2335
f 2348/2348/2348 2342/2342/2342 2341/2341/2341
f 2344/2344/2344 2348/2348/2348 2329/2329/2329
f 2339/2339/2339 2343/2343/2343 2337/2337/2337
f 2352/2352/2352 2341/2341/2341 2353/2353/2353
f 2335/2335/2335 2350/2350/2350 2348/2348/2348
f 2355/2355/2355 2339/2339/2339 2333/2333/2333
f 2341/2341/2341 2332/2332/2332 2346/2346/2346
f 2344/2344/2344 2335/2335/2335 2348/2348/2348
f 2348/2348/2348 2350/2350/2350 2342/2342/2342
f 2331/2331/2331 2333/2333/2333 2347/2347/2347
f 2334/2334/2334 2336/2336/2336 2349/2349/2349
f 2329/2329/2329 2348/2348/2348 2341/2341/2341
f 2330/2330/2330 2334/2334/2334 2356/2356/2356
f 2336/2336/2336 2333/2333/2333 2331/2331/2331
f 2345/2345/2345 2335/2335/2335 2344/2344/2344
f 2333/2333/2333 2337/2337/2337 2338/2338/2338
f 2336/2336/2336 2355/2355/2355 2333/2333/2333
f 2343/2343/2343 2351/2351/2351 2336/2336/2336
f 2337/2337/2337 2343/2343/2343 2334/2334/2334
f 2341/2341/2341 2342/2342/2342 2332/2332/2332
f 2334/2334/2334 2343/2343/2343 2336/2336/2336
f 2346/2346/2346 2350/2350/2350 2335/2335/2335
v -0.173578 1.284762 -0.496960
v 0.284152 1.200803 0.479989
v -0.051077 1.291228 -0.545501
v 0.215005 1.204724 0.559074
v -0.180454 1.391049 -0.508354
v 0.278835 1.182883 -0.476936
v -0.200552 1.254515 -0.462043
v 0.260171 1.185410 -0.510414
v -0.129917 1.290012 0.559524
v 0.317574 1.162576 -0.480882
v 0.379050 1.270844 0.494826
v 0.289362 1.085089 0.544753
v -0.071552 1.265369 0.538004
v -0.045760 1.309148 0.548554
v -0.128559 1.284157 -0.493593
v 0.328280 1.056117 -0.433751
v 0.265488 1.203330 0.513467
v 0.286375 1.186516 0.540722
v 0.333597 1.074038 0.436805
v -0.195235 1.272436 0.465096
v 0.220342 1.242646 0.536922
v 0.325119 1.123844 -0.445863
v 0.278835 1.182883 -0.476936
v 0.264495 1.208871 -0.564682
v 0.333597 1.074038 0.436805
v 0.330436 1.141764 0.448916
v 0.284045 1.067169 -0.541700
v 0.322892 1.180496 0.483935
v -0.206121 1.308840 0.484649
v -0.195235 1.272436 0.465096
v -0.107963 1.362964 -0.603577
v 0.281058 1.168595 -0.537669
v 0.337571 1.170027 -0.436529
v -0.175136 1.408969 0.511407
v 0.260171 1.185410 -0.510414
v 0.333597 1.074038 0.436805
v -0.211438 1.290921 -0.481596
v 0.284152 1.200803 0.479989
v -0.105313 1.331927 0.467023
v -0.180454 1.391049 -0.508354
v -0.200552 1.254515 -0.462043
v -0.176877 1.201319 0.574528
v 0.271357 1.125787 -0.546391
v 0.294343 1.159370 0.444638
v -0.076869 1.247448 -0.534951
v 0.373733 1.252924 -0.491773
v 0.289525 1.153157 -0.568914
v -0.110630 1.314007 -0.463970
v 0.277809 1.236486 0.455592
v -0.229858 1.214568 0.453699
v 0.251276 1.165722 -0.573655
v -0.187037 1.319254 0.455031
v -0.107963 1.362964 -0.603577
v 0.276674 1.143708 0.549444
v 0.225216 1.192279 0.518767
v 0.322892 1.180496 0.483935
v -0.175136 1.408969 0.511407
v -0.173578 1.284762 -0.496960
v -0.103916 1.294956 0.531852
v -0.076869 1.247448 -0.534951
v 0.322892 1.180496 0.483935
v 0.357931 1.168598 0.468176
v -0.099681 1.299760 -0.577295
v -0.143218 1.280141 0.591007
v 0.269812 1.226791 0.567735
v 0.373733 1.252924 -0.491773
v 0.278835 1.182883 -0.476936
v -0.146074 1.229055 -0.571734
v -0.229858 1.214568 0.453699
v 0.317574 1.162576 -0.480882
v 0.304379 1.260178 -0.591235
v 0.328280 1.056117 -0.433751
v -0.158255 1.252629 -0.458713
v -0.135234 1.272092 -0.556471
v 0.337571 1.170027 -0.436529
v -0.149917 1.315503 0.431190
v -0.182194 1.183398 -0.571475
v -0.182194 1.183398 -0.571475
v -0.103916 1.294956 0.531852
v 0.352613 1.150678 -0.465123
v -0.102646 1.380884 0.606630
v -0.094364 1.317680 0.580348
v 0.289525 1.153157 -0.568914
v 0.256593 1.183643 0.576708
v -0.200552 1.254515 -0.462043
v -0.168261 1.302682 0.500013
v 0.269812 1.226791 0.567735
v 0.264495 1.208871 -0.564682
v 0.297165 1.185600 -0.414697
v -0.195235 1.272436 0.465096
v 0.322892 1.180496 0.483935
v -0.123242 1.302077 0.496645
v 0.284045 1.067169 -0.541700
v 0.286375 1.186516 0.540722
v -0.076869 1.247448 -0.534951
v 0.284045 1.067169 -0.541700
v 0.302482 1.203520 0.417750
v 0.379050 1.270844 0.494826
v 0.328604 1.204739 -0.468837
v 0.220342 1.242646 0.536922
v -0.129917 1.290012 0.559524
v -0.103889 1.273371 0.594298
v 0.219899 1.174359 -0.515714
v 0.325119 1.123844 -0.445863
v 0.251276 1.165722 -0.573655
v -0.102646 1.380884 0.606630
v -0.187037 1.319254 0.455031
v -0.146074 1.229055 -0.571734
v -0.148535 1.262221 -0.587954
v -0.128559 1.284157 -0.493593
v 0.357931 1.168598 0.468176
v 0.289026 1.141450 -0.441585
v -0.192354 1.301334 -0.451978
v -0.135234 1.272092 -0.556471
v 0.219899 1.174359 -0.515714
v -0.140756 1.246975 0.574787
v -0.129917 1.290012 0.559524
v 0.304379 1.260178 -0.591235
v 0.294343 1.159370 0.444638
v 0.309696 1.278098 0.594287
v 0.209688 1.186804 -0.556021
v -0.235175 1.196648 -0.450646
v 0.304379 1.260178 -0.591235
v 0.352613 1.150678 -0.465123
v -0.180454 1.391049 -0.508354
v -0.109207 1.255450 -0.591245
v -0.175136 1.408969 0.511407
v 0.317574 1.162576 -0.480882
v -0.159745 1.345525 0.486532
v -0.109207 1.255450 -0.591245
v 0.215025 1.224726 -0.533869
v -0.158255 1.252629 -0.458713
v -0.173578 1.284762 -0.496960
v -0.071552 1.265369 0.538004
v -0.176877 1.201319 0.574528
v 0.294843 1.171077 0.571966
v 0.309696 1.278098 0.594287
v -0.135234 1.272092 -0.556471
v -0.109207 1.255450 -0.591245
v 0.328604 1.204739 -0.468837
v -0.102646 1.380884 0.606630
v -0.211438 1.290921 -0.481596
v -0.045760 1.309148 0.548554
v -0.128559 1.284157 -0.493593
v -0.103889 1.273371 0.594298
v 0.209688 1.186804 -0.556021
v -0.143218 1.280141 0.591007
v -0.140756 1.246975 0.574787
v -0.146074 1.229055 -0.571734
v -0.103889 1.273371 0.594298
v -0.148535 1.262221 -0.587954
v -0.107963 1.362964 -0.603577
v -0.152937 1.270549 0.461766
v -0.168261 1.302682 0.500013
v 0.265488 1.203330 0.513467
v -0.168261 1.302682 0.500013
v 0.325119 1.123844 -0.445863
v 0.251276 1.165722 -0.573655
v 0.379050 1.270844 0.494826
v 0.286375 1.186516 0.540722
v 0.342888 1.187947 0.439581
v -0.180454 1.391049 -0.508354
v -0.187037 1.319254 0.455031
v -0.229858 1.214568 0.453699
v -0.158255 1.252629 -0.458713
v -0.192354 1.301334 -0.451978
v -0.146074 1.229055 -0.571734
v 0.289362 1.085089 0.544753
v 0.373733 1.252924 -0.491773
v -0.158255 1.252629 -0.458713
v -0.192354 1.301334 -0.451978
v 0.289026 1.141450 -0.441585
v -0.152937 1.270549 0.461766
v -0.152937 1.270549 0.461766
v 0.272492 1.218566 -0.452539
v -0.229858 1.214568 0.453699
v -0.140756 1.246975 0.574787
v -0.135234 1.272092 -0.556471
v 0.379050 1.270844 0.494826
v -0.149917 1.315503 0.431190
v 0.219899 1.174359 -0.515714
v 0.342888 1.187947 0.439581
v -0.165062 1.327605 -0.483479
v -0.109233 1.277036 -0.528799
v 0.251276 1.165722 -0.573655
v -0.123242 1.302077 0.496645
v -0.165062 1.327605 -0.483479
v 0.328280 1.056117 -0.433751
v 0.265488 1.203330 0.513467
v -0.152937 1.270549 0.461766
v 0.289362 1.085089 0.544753
v -0.063359 1.254782 -0.571365
v -0.103889 1.273371 0.594298
v -0.105313 1.331927 0.467023
v -0.173578 1.284762 -0.496960
v 0.330436 1.141764 0.448916
v 0.256593 1.183643 0.576708
v -0.102646 1.380884 0.606630
v -0.109233 1.277036 -0.528799
v -0.155234 1.297583 -0.428137
v 0.317574 1.162576 -0.480882
v 0.281058 1.168595 -0.537669
v -0.155234 1.297583 -0.428137
v 0.337571 1.170027 -0.436529
v 0.271357 1.125787 -0.546391
v 0.276674 1.143708 0.549444
v 0.289026 1.141450 -0.441585
v 0.260171 1.185410 -0.510414
v -0.235175 1.196648 -0.450646
v -0.110630 1.314007 -0.463970
v 0.309696 1.278098 0.594287
v -0.058042 1.272702 0.574418
v 0.333597 1.074038 0.436805
v -0.200552 1.254515 -0.462043
v -0.058042 1.272702 0.574418
v -0.103916 1.294956 0.531852
v 0.256593 1.183643 0.576708
v -0.099681 1.299760 -0.577295
v 0.330436 1.141764 0.448916
v 0.294843 1.171077 0.571966
v 0.276674 1.143708 0.549444
v -0.063359 1.254782 -0.571365
v -0.176877 1.201319 0.574528
v -0.109233 1.277036 -0.528799
v 0.333921 1.222659 0.471890
v -0.051077 1.291228 -0.545501
v 0.297165 1.185600 -0.414697
v 0.271357 1.125787 -0.546391
v 0.215025 1.224726 -0.533869
v -0.129917 1.290012 0.559524
v 0.215005 1.204724 0.559074
v 0.333921 1.222659 0.471890
v 0.330436 1.141764 0.448916
v -0.182194 1.183398 -0.571475
v 0.304379 1.260178 -0.591235
v 0.294343 1.159370 0.444638
v 0.271357 1.125787 -0.546391
v 0.325119 1.123844 -0.445863
v -0.071552 1.265369 0.538004
v 0.225216 1.192279 0.518767
v -0.094364 1.317680 0.580348
v 0.277809 1.236486 0.455592
v -0.109207 1.255450 -0.591245
v 0.328280 1.056117 -0.433751
v -0.140756 1.246975 0.574787
v 0.272492 1.218566 -0.452539
v 0.225216 1.192279 0.518767
v 0.302482 1.203520 0.417750
v 0.284152 1.200803 0.479989
v 0.373733 1.252924 -0.491773
v 0.294343 1.159370 0.444638
v 0.289026 1.141450 -0.441585
v 0.342888 1.187947 0.439581
v -0.159745 1.345525 0.486532
v 0.256593 1.183643 0.576708
v 0.309696 1.278098 0.594287
v -0.235175 1.196648 -0.450646
v 0.281058 1.168595 -0.537669
v 0.281058 1.168595 -0.537669
v -0.195235 1.272436 0.465096
v -0.107963 1.362964 -0.603577
v 0.276674 1.143708 0.549444
v -0.168261 1.302682 0.500013
v 0.286375 1.186516 0.540722
v -0.206121 1.308840 0.484649
v -0.123242 1.302077 0.496645
v -0.235175 1.196648 -0.450646
v -0.175136 1.408969 0.511407
vn 0.380922 -0.410451 -0.828510
vn 0.119950 -0.388690 0.913527
vn 0.163615 0.911646 -0.377003
vn -0.493338 -0.286084 0.821446
vn 0.147979 0.918161 -0.367535
vn 0.119951 -0.388690 -0.913527
vn 0.566759 -0.655222 0.499467
vn 0.718495 -0.643828 0.263155
vn -0.368641 0.145738 -0.918076
vn -0.508747 -0.204702 -0.836226
vn 0.272613 0.870488 0.409796
vn 0.521203 -0.848743 0.089341
vn -0.462781 -0.886413 0.010248
vn 0.163615 0.911646 0.377002
vn -0.305143 -0.256651 -0.917071
vn -0.728245 -0.429199 0.534273
vn 0.718494 -0.643829 -0.263156
vn 0.399104 0.034779 -0.916246
vn -0.728244 -0.429198 -0.534274
vn 0.566758 -0.655221 -0.499470
vn 0.270671 0.864560 0.423407
vn -0.832194 -0.309785 0.459876
vn 0.119951 -0.388690 -0.913527
vn -0.381747 0.922544 0.056408
vn -0.728244 -0.429198 -0.534274
vn -0.832194 -0.309786 -0.459876
vn 0.521205 -0.848742 -0.089341
vn -0.508746 -0.204701 0.836227
vn -0.918224 0.148517 0.367161
vn 0.566758 -0.655221 -0.499470
vn 0.185364 0.899424 -0.395823
vn 0.399105 0.034779 0.916245
vn 0.396915 0.101573 0.912218
vn 0.147982 0.918159 0.367541
vn 0.718495 -0.643828 0.263155
vn -0.728244 -0.429198 -0.534274
vn -0.918225 0.148518 -0.367159
vn 0.119950 -0.388690 0.913527
vn 0.116188 0.955957 0.269530
vn 0.147979 0.918161 -0.367535
vn 0.566759 -0.655222 0.499467
vn -0.876549 -0.443464 0.187087
vn -0.657203 -0.370444 0.656396
vn -0.059437 -0.893652 0.444807
vn -0.462785 -0.886412 -0.010249
vn 0.272615 0.870485 -0.409801
vn 0.799852 -0.227468 -0.555424
vn 0.116188 0.955957 -0.269530
vn 0.333339 0.899178 0.283485
vn 0.362366 -0.717859 -0.594448
vn -0.749932 -0.284725 -0.597105
vn -0.362385 0.263404 -0.894033
vn 0.185364 0.899424 -0.395823
vn -0.657203 -0.370443 -0.656396
vn 0.019066 -0.999268 -0.033155
vn -0.508746 -0.204701 0.836227
vn 0.147982 0.918159 0.367541
vn 0.380922 -0.410451 -0.828510
vn -0.933262 -0.252047 -0.255918
vn -0.462785 -0.886412 -0.010249
vn -0.508746 -0.204701 0.836227
vn 0.900514 -0.301189 0.313624
vn 0.739761 0.658605 0.137815
vn -0.779930 0.216594 0.587193
vn -0.381747 0.922544 -0.056406
vn 0.272615 0.870485 -0.409801
vn 0.119951 -0.388690 -0.913527
vn 0.397728 -0.670433 0.626364
vn 0.362366 -0.717859 -0.594448
vn -0.508747 -0.204702 -0.836226
vn 0.158362 0.849841 -0.502685
vn -0.728245 -0.429199 0.534273
vn -0.376308 -0.808051 -0.453261
vn -0.368643 0.145740 0.918075
vn 0.396915 0.101573 0.912218
vn -0.473660 0.375670 -0.796567
vn -0.876550 -0.443462 -0.187085
vn -0.876550 -0.443462 -0.187085
vn -0.933262 -0.252047 -0.255918
vn 0.900514 -0.301189 -0.313625
vn 0.185366 0.899424 0.395824
vn 0.739761 0.658605 -0.137814
vn 0.799852 -0.227468 -0.555424
vn -0.749932 -0.284725 0.597104
vn 0.566759 -0.655222 0.499467
vn 0.380923 -0.410454 0.828508
vn -0.381747 0.922544 -0.056406
vn -0.381747 0.922544 0.056408
vn 0.520148 0.178862 0.835138
vn 0.566758 -0.655221 -0.499470
vn -0.508746 -0.204701 0.836227
vn -0.305144 -0.256655 0.917069
vn 0.521205 -0.848742 -0.089341
vn 0.399104 0.034779 -0.916246
vn -0.462785 -0.886412 -0.010249
vn 0.521205 -0.848742 -0.089341
vn 0.520146 0.178861 -0.835138
vn 0.272613 0.870488 0.409796
vn -0.379410 0.922198 -0.074824
vn 0.270671 0.864560 0.423407
vn -0.368641 0.145738 -0.918076
vn 0.584013 -0.563166 0.584613
vn 0.019067 -0.999268 0.033155
vn -0.832194 -0.309785 0.459876
vn -0.749932 -0.284725 -0.597105
vn 0.185366 0.899424 0.395824
vn -0.362385 0.263404 -0.894033
vn 0.397728 -0.670433 0.626364
vn -0.779930 0.216595 -0.587193
vn -0.305143 -0.256651 -0.917071
vn 0.900514 -0.301189 0.313624
vn -0.059437 -0.893652 -0.444807
vn -0.362385 0.263405 0.894033
vn -0.368643 0.145740 0.918075
vn 0.019067 -0.999268 0.033155
vn 0.397729 -0.670433 -0.626364
vn -0.368641 0.145738 -0.918076
vn 0.158362 0.849841 -0.502685
vn -0.059437 -0.893652 0.444807
vn 0.158365 0.849836 0.502692
vn -0.493340 -0.286083 -0.821446
vn 0.362362 -0.717863 0.594446
vn 0.158362 0.849841 -0.502685
vn 0.900514 -0.301189 -0.313625
vn 0.147979 0.918161 -0.367535
vn 0.584013 -0.563165 -0.584614
vn 0.147982 0.918159 0.367541
vn -0.508747 -0.204702 -0.836226
vn 0.766314 0.642240 0.017052
vn 0.584013 -0.563165 -0.584614
vn 0.270671 0.864560 -0.423406
vn -0.376308 -0.808051 -0.453261
vn 0.380922 -0.410451 -0.828510
vn -0.462781 -0.886413 0.010248
vn -0.876549 -0.443464 0.187087
vn 0.799851 -0.227469 0.555425
vn 0.158365 0.849836 0.502692
vn -0.368643 0.145740 0.918075
vn 0.584013 -0.563165 -0.584614
vn -0.379410 0.922198 -0.074824
vn 0.185366 0.899424 0.395824
vn -0.918225 0.148518 -0.367159
vn 0.163615 0.911646 0.377002
vn -0.305143 -0.256651 -0.917071
vn 0.584013 -0.563166 0.584613
vn -0.493340 -0.286083 -0.821446
vn -0.779930 0.216594 0.587193
vn 0.397729 -0.670433 -0.626364
vn 0.397728 -0.670433 0.626364
vn 0.584013 -0.563166 0.584613
vn -0.779930 0.216595 -0.587193
vn 0.185364 0.899424 -0.395823
vn -0.376309 -0.808054 0.453256
vn 0.380923 -0.410454 0.828508
vn 0.718494 -0.643829 -0.263156
vn 0.380923 -0.410454 0.828508
vn -0.832194 -0.309785 0.459876
vn -0.749932 -0.284725 -0.597105
vn 0.272613 0.870488 0.409796
vn 0.399104 0.034779 -0.916246
vn 0.396914 0.101572 -0.912219
vn 0.147979 0.918161 -0.367535
vn -0.362385 0.263404 -0.894033
vn 0.362366 -0.717859 -0.594448
vn -0.376308 -0.808051 -0.453261
vn -0.362385 0.263405 0.894033
vn 0.397728 -0.670433 0.626364
vn 0.521203 -0.848743 0.089341
vn 0.272615 0.870485 -0.409801
vn -0.376308 -0.808051 -0.453261
vn -0.362385 0.263405 0.894033
vn -0.059437 -0.893652 -0.444807
vn -0.376309 -0.808054 0.453256
vn -0.376309 -0.808054 0.453256
vn 0.333339 0.899178 -0.283486
vn 0.362366 -0.717859 -0.594448
vn 0.397729 -0.670433 -0.626364
vn -0.368643 0.145740 0.918075
vn 0.272613 0.870488 0.409796
vn -0.473660 0.375670 -0.796567
vn 0.019067 -0.999268 0.033155
vn 0.396914 0.101572 -0.912219
vn 0.766313 0.642242 -0.017052
vn -0.933265 -0.252038 0.255915
vn -0.749932 -0.284725 -0.597105
vn -0.305144 -0.256655 0.917069
vn 0.766313 0.642242 -0.017052
vn -0.728245 -0.429199 0.534273
vn 0.718494 -0.643829 -0.263156
vn -0.376309 -0.808054 0.453256
vn 0.521203 -0.848743 0.089341
vn 0.351900 -0.439703 -0.826334
vn 0.584013 -0.563166 0.584613
vn 0.116188 0.955957 0.269530
vn 0.380922 -0.410451 -0.828510
vn -0.832194 -0.309786 -0.459876
vn -0.749932 -0.284725 0.597104
vn 0.185366 0.899424 0.395824
vn -0.933265 -0.252038 0.255915
vn -0.473659 0.375671 0.796567
vn -0.508747 -0.204702 -0.836226
vn 0.399105 0.034779 0.916245
vn -0.473659 0.375671 0.796567
vn 0.396915 0.101573 0.912218
vn -0.657203 -0.370444 0.656396
vn -0.657203 -0.370443 -0.656396
vn -0.059437 -0.893652 -0.444807
vn 0.718495 -0.643828 0.263155
vn 0.362362 -0.717863 0.594446
vn 0.116188 0.955957 -0.269530
vn 0.158365 0.849836 0.502692
vn 0.351901 -0.439702 0.826334
vn -0.728244 -0.429198 -0.534274
vn 0.566759 -0.655222 0.499467
vn 0.351901 -0.439702 0.826334
vn -0.933262 -0.252047 -0.255918
vn -0.749932 -0.284725 0.597104
vn 0.739761 0.658605 0.137815
vn -0.832194 -0.309786 -0.459876
vn 0.799851 -0.227469 0.555425
vn -0.657203 -0.370443 -0.656396
vn 0.351900 -0.439703 -0.826334
vn -0.876549 -0.443464 0.187087
vn -0.933265 -0.252038 0.255915
vn -0.379410 0.922198 0.074823
vn 0.163615 0.911646 -0.377003
vn 0.520148 0.178862 0.835138
vn -0.657203 -0.370444 0.656396
vn 0.270671 0.864560 -0.423406
vn -0.368641 0.145738 -0.918076
vn -0.493338 -0.286084 0.821446
vn -0.379410 0.922198 0.074823
vn -0.832194 -0.309786 -0.459876
vn -0.876550 -0.443462 -0.187085
vn 0.158362 0.849841 -0.502685
vn -0.059437 -0.893652 0.444807
vn -0.657203 -0.370444 0.656396
vn -0.832194 -0.309785 0.459876
vn -0.462781 -0.886413 0.010248
vn 0.019066 -0.999268 -0.033155
vn 0.739761 0.658605 -0.137814
vn 0.333339 0.899178 0.283485
vn 0.584013 -0.563165 -0.584614
vn -0.728245 -0.429199 0.534273
vn 0.397729 -0.670433 -0.626364
vn 0.333339 0.899178 -0.283486
vn 0.019066 -0.999268 -0.033155
vn 0.520146 0.178861 -0.835138
vn 0.119950 -0.388690 0.913527
vn 0.272615 0.870485 -0.409801
vn -0.059437 -0.893652 0.444807
vn -0.059437 -0.893652 -0.444807
vn 0.396914 0.101572 -0.912219
vn 0.766314 0.642240 0.017052
vn -0.749932 -0.284725 0.597104
vn 0.158365 0.849836 0.502692
vn 0.362362 -0.717863 0.594446
vn 0.399105 0.034779 0.916245
vn 0.399105 0.034779 0.916245
vn 0.566758 -0.655221 -0.499470
vn 0.185364 0.899424 -0.395823
vn -0.657203 -0.370443 -0.656396
vn 0.380923 -0.410454 0.828508
vn 0.399104 0.034779 -0.916246
vn -0.918224 0.148517 0.367161
vn -0.305144 -0.256655 0.917069
vn 0.362362 -0.717863 0.594446
vn 0.147982 0.918159 0.367541
vt 0.050348 0.202455
vt 0.055088 0.229360
vt 0.062830 0.191506
vt 0.059411 0.223646
vt 0.071150 0.191868
vt 0.359481 0.796756
vt 0.059138 0.212148
vt 0.046961 0.234293
vt 0.059279 0.191958
vt 0.054396 0.241611
vt 0.051353 0.206915
vt 0.063590 0.268094
vt 0.065560 0.201114
vt 0.062481 0.184848
vt 0.051196 0.202649
vt 0.066260 0.275726
vt 0.357252 0.804730
vt 0.064767 0.230411
vt 0.065960 0.269983
vt 0.058838 0.206405
vt 0.065876 0.209556
vt 0.063211 0.254023
vt 0.055389 0.235103
vt 0.057231 0.222105
vt 0.065960 0.269983
vt 0.062911 0.248280
vt 0.063939 0.274752
vt 0.054095 0.235868
vt 0.053915 0.194739
vt 0.058838 0.206405
vt 0.069550 0.188327
vt 0.065115 0.237069
vt 0.065561 0.239223
vt 0.070850 0.186125
vt 0.046961 0.234293
vt 0.065960 0.269983
vt 0.054216 0.200481
vt 0.055088 0.229360
vt 0.058352 0.187340
vt 0.071150 0.191868
vt 0.059138 0.212148
vt 0.054900 0.224911
vt 0.062570 0.252974
vt 0.063988 0.242638
vt 0.065909 0.207772
vt 0.051654 0.212658
vt 0.055996 0.242805
vt 0.058653 0.193083
vt 0.061230 0.217925
vt 0.061707 0.224949
vt 0.054612 0.238136
vt 0.061371 0.191402
vt 0.069550 0.188327
vt 0.062221 0.246316
vt 0.071175 0.228269
vt 0.054095 0.235868
vt 0.070850 0.186125
vt 0.050348 0.202455
vt 0.067356 0.190121
vt 0.370742 0.810493
vt 0.054095 0.235868
vt 0.058062 0.239681
vt 0.053550 0.188336
vt 0.050091 0.195625
vt 0.056883 0.215447
vt 0.051654 0.212658
vt 0.055389 0.235103
vt 0.055173 0.214606
vt 0.061707 0.224949
vt 0.054396 0.241611
vt 0.049481 0.203042
vt 0.066260 0.275726
vt 0.381928 0.793389
vt 0.059628 0.198616
vt 0.065561 0.239223
vt 0.067373 0.192603
vt 0.055248 0.231569
vt 0.055248 0.231569
vt 0.381360 0.809832
vt 0.058363 0.245423
vt 0.069202 0.181670
vt 0.053202 0.181678
vt 0.055996 0.242805
vt 0.054264 0.231478
vt 0.059138 0.212148
vt 0.050047 0.196712
vt 0.056883 0.215447
vt 0.057231 0.222105
vt 0.071057 0.234232
vt 0.058838 0.206405
vt 0.054095 0.235868
vt 0.050895 0.196906
vt 0.063939 0.274752
vt 0.064767 0.230411
vt 0.065909 0.207772
vt 0.063939 0.274752
vt 0.070756 0.228490
vt 0.051353 0.206915
vt 0.057428 0.228099
vt 0.065876 0.209556
vt 0.059279 0.191958
vt 0.049130 0.198141
vt 0.071523 0.234927
vt 0.063211 0.254023
vt 0.054612 0.238136
vt 0.069202 0.181670
vt 0.061371 0.191402
vt 0.055173 0.214606
vt 0.050439 0.202283
vt 0.386594 0.801571
vt 0.058062 0.239681
vt 0.064288 0.248381
vt 0.061672 0.197144
vt 0.059628 0.198616
vt 0.352092 0.805394
vt 0.054825 0.207948
vt 0.059279 0.191958
vt 0.049481 0.203042
vt 0.063988 0.242638
vt 0.049133 0.196384
vt 0.059759 0.230304
vt 0.062007 0.230692
vt 0.049481 0.203042
vt 0.058363 0.245423
vt 0.071150 0.191868
vt 0.049478 0.204799
vt 0.070850 0.186125
vt 0.054396 0.241611
vt 0.053441 0.182983
vt 0.049478 0.204799
vt 0.066224 0.216214
vt 0.059976 0.212752
vt 0.050348 0.202455
vt 0.372038 0.810905
vt 0.054900 0.224911
vt 0.055648 0.236147
vt 0.049133 0.196384
vt 0.059628 0.198616
vt 0.049478 0.204799
vt 0.057428 0.228099
vt 0.069202 0.181670
vt 0.054216 0.200481
vt 0.062481 0.184848
vt 0.051196 0.202649
vt 0.049130 0.198141
vt 0.059759 0.230304
vt 0.050091 0.195625
vt 0.054825 0.207948
vt 0.055173 0.214606
vt 0.049130 0.198141
vt 0.050439 0.202283
vt 0.069550 0.188327
vt 0.383224 0.793801
vt 0.050047 0.196712
vt 0.046661 0.228550
vt 0.050047 0.196712
vt 0.063211 0.254023
vt 0.054612 0.238136
vt 0.051353 0.206915
vt 0.064767 0.230411
vt 0.065261 0.233480
vt 0.071150 0.191868
vt 0.061371 0.191402
vt 0.061707 0.224949
vt 0.059976 0.212752
vt 0.061672 0.197144
vt 0.055173 0.214606
vt 0.063590 0.268094
vt 0.051654 0.212658
vt 0.059976 0.212752
vt 0.061672 0.197144
vt 0.064288 0.248381
vt 0.059676 0.207009
vt 0.059676 0.207009
vt 0.061530 0.223668
vt 0.061707 0.224949
vt 0.054825 0.207948
vt 0.059628 0.198616
vt 0.051353 0.206915
vt 0.067373 0.192603
vt 0.071523 0.234927
vt 0.065261 0.233480
vt 0.053742 0.188725
vt 0.067704 0.196779
vt 0.054612 0.238136
vt 0.050895 0.196906
vt 0.053742 0.188725
vt 0.066260 0.275726
vt 0.046661 0.228550
vt 0.059676 0.207009
vt 0.063590 0.268094
vt 0.055281 0.205047
vt 0.049130 0.198141
vt 0.058352 0.187340
vt 0.050348 0.202455
vt 0.062911 0.248280
vt 0.054264 0.231478
vt 0.069202 0.181670
vt 0.380064 0.809420
vt 0.067673 0.198346
vt 0.054396 0.241611
vt 0.065115 0.237069
vt 0.067673 0.198346
vt 0.065561 0.239223
vt 0.062570 0.252974
vt 0.062221 0.246316
vt 0.352017 0.788364
vt 0.355955 0.804318
vt 0.062007 0.230692
vt 0.058653 0.193083
vt 0.049133 0.196384
vt 0.054932 0.198389
vt 0.065960 0.269983
vt 0.059138 0.212148
vt 0.054932 0.198389
vt 0.067356 0.190121
vt 0.054264 0.231478
vt 0.053550 0.188336
vt 0.062911 0.248280
vt 0.055648 0.236147
vt 0.062221 0.246316
vt 0.055281 0.205047
vt 0.054900 0.224911
vt 0.067704 0.196779
vt 0.057127 0.222356
vt 0.062830 0.191506
vt 0.071057 0.234232
vt 0.062570 0.252974
vt 0.066224 0.216214
vt 0.059279 0.191958
vt 0.059411 0.223646
vt 0.057127 0.222356
vt 0.062911 0.248280
vt 0.055248 0.231569
vt 0.049481 0.203042
vt 0.063988 0.242638
vt 0.062570 0.252974
vt 0.063211 0.254023
vt 0.065560 0.201114
vt 0.353388 0.805806
vt 0.053202 0.181678
vt 0.061230 0.217925
vt 0.049478 0.204799
vt 0.066260 0.275726
vt 0.054825 0.207948
vt 0.061530 0.223668
vt 0.071175 0.228269
vt 0.070756 0.228490
vt 0.360777 0.797168
vt 0.051654 0.212658
vt 0.353313 0.788776
vt 0.064288 0.248381
vt 0.065261 0.233480
vt 0.053441 0.182983
vt 0.054264 0.231478
vt 0.049133 0.196384
vt 0.062007 0.230692
vt 0.065115 0.237069
vt 0.065115 0.237069
vt 0.058838 0.206405
vt 0.069550 0.188327
vt 0.062221 0.246316
vt 0.050047 0.196712
vt 0.064767 0.230411
vt 0.053915 0.194739
vt 0.387890 0.801983
vt 0.062007 0.230692
vt 0.070850 0.186125
f 2589/2589/2589 2609/2609/2609 2569/2569/2569
f 2593/2593/2593 2407/2407/2407 2383/2383/2383
f 2420/2420/2420 2473/2473/2473 2491/2491/2491
f 2454/2454/2454 2412/2412/2412 2467/2467/2467
f 2477/2477/2477 2487/2487/2487 2541/2541/2541
f 2573/2573/2573 2524/2524/2524 2576/2576/2576
f 2450/2450/2450 2511/2511/2511 2377/2377/2377
f 2603/2603/2603 2516/2516/2516 2577/2577/2577
f 2609/2609/2609 2604/2604/2604 2598/2598/2598
f 2496/2496/2496 2431/2431/2431 2525/2525/2525
f 2410/2410/2410 2374/2374/2374 2547/2547/2547
f 2619/2619/2619 2542/2542/2542 2550/2550/2550
f 2560/2560/2560 2436/2436/2436 2422/2422/2422
f 2493/2493/2493 2492/2492/2492 2620/2620/2620
f 2438/2438/2438 2462/2462/2462 2501/2501/2501
f 2498/2498/2498 2469/2469/2469 2481/2481/2481
f 2545/2545/2545 2516/2516/2516 2603/2603/2603
f 2495/2495/2495 2465/2465/2465 2508/2508/2508
f 2483/2483/2483 2463/2463/2463 2621/2621/2621
f 2404/2404/2404 2371/2371/2371 2357/2357/2357
f 2363/2363/2363 2521/2521/2521 2527/2527/2527
f 2599/2599/2599 2464/2464/2464 2434/2434/2434
f 2613/2613/2613 2489/2489/2489 2570/2570/2570
f 2400/2400/2400 2382/2382/2382 2384/2384/2384
f 2528/2528/2528 2379/2379/2379 2484/2484/2484
f 2501/2501/2501 2370/2370/2370 2438/2438/2438
f 2430/2430/2430 2401/2401/2401 2540/2540/2540
f 2436/2436/2436 2560/2560/2560 2428/2428/2428
f 2389/2389/2389 2445/2445/2445 2608/2608/2608
f 2416/2416/2416 2429/2429/2429 2466/2466/2466
f 2596/2596/2596 2607/2607/2607 2605/2605/2605
f 2431/2431/2431 2496/2496/2496 2531/2531/2531
f 2476/2476/2476 2573/2573/2573 2576/2576/2576
f 2584/2584/2584 2614/2614/2614 2537/2537/2537
f 2501/2501/2501 2568/2568/2568 2370/2370/2370
f 2574/2574/2574 2617/2617/2617 2494/2494/2494
f 2549/2549/2549 2533/2533/2533 2369/2369/2369
f 2530/2530/2530 2442/2442/2442 2376/2376/2376
f 2548/2548/2548 2451/2451/2451 2482/2482/2482
f 2585/2585/2585 2391/2391/2391 2615/2615/2615
f 2386/2386/2386 2532/2532/2532 2408/2408/2408
f 2600/2600/2600 2431/2431/2431 2460/2460/2460
f 2408/2408/2408 2395/2395/2395 2432/2432/2432
f 2549/2549/2549 2369/2369/2369 2571/2571/2571
f 2581/2581/2581 2417/2417/2417 2367/2367/2367
f 2479/2479/2479 2380/2380/2380 2615/2615/2615
f 2470/2470/2470 2434/2434/2434 2505/2505/2505
f 2591/2591/2591 2541/2541/2541 2444/2444/2444
f 2553/2553/2553 2456/2456/2456 2587/2587/2587
f 2590/2590/2590 2465/2465/2465 2495/2495/2495
f 2601/2601/2601 2579/2579/2579 2457/2457/2457
f 2390/2390/2390 2610/2610/2610 2408/2408/2408
f 2399/2399/2399 2459/2459/2459 2514/2514/2514
f 2538/2538/2538 2552/2552/2552 2475/2475/2475
f 2519/2519/2519 2536/2536/2536 2546/2546/2546
f 2430/2430/2430 2424/2424/2424 2401/2401/2401
f 2497/2497/2497 2473/2473/2473 2420/2420/2420
f 2458/2458/2458 2503/2503/2503 2398/2398/2398
f 2417/2417/2417 2405/2405/2405 2394/2394/2394
f 2602/2602/2602 2455/2455/2455 2557/2557/2557
f 2440/2440/2440 2411/2411/2411 2562/2562/2562
f 2543/2543/2543 2522/2522/2522 2566/2566/2566
f 2450/2450/2450 2421/2421/2421 2612/2612/2612
f 2537/2537/2537 2614/2614/2614 2364/2364/2364
f 2480/2480/2480 2426/2426/2426 2606/2606/2606
f 2522/2522/2522 2543/2543/2543 2518/2518/2518
f 2384/2384/2384 2358/2358/2358 2592/2592/2592
f 2414/2414/2414 2393/2393/2393 2396/2396/2396
f 2484/2484/2484 2594/2594/2594 2468/2468/2468
f 2586/2586/2586 2499/2499/2499 2415/2415/2415
f 2621/2621/2621 2463/2463/2463 2425/2425/2425
f 2531/2531/2531 2583/2583/2583 2431/2431/2431
f 2521/2521/2521 2556/2556/2556 2527/2527/2527
f 2446/2446/2446 2512/2512/2512 2406/2406/2406
f 2402/2402/2402 2557/2557/2557 2455/2455/2455
f 2440/2440/2440 2360/2360/2360 2411/2411/2411
f 2558/2558/2558 2439/2439/2439 2474/2474/2474
f 2529/2529/2529 2448/2448/2448 2442/2442/2442
f 2395/2395/2395 2408/2408/2408 2610/2610/2610
f 2417/2417/2417 2581/2581/2581 2405/2405/2405
f 2619/2619/2619 2550/2550/2550 2485/2485/2485
f 2623/2623/2623 2469/2469/2469 2498/2498/2498
f 2553/2553/2553 2443/2443/2443 2456/2456/2456
f 2357/2357/2357 2361/2361/2361 2539/2539/2539
f 2580/2580/2580 2359/2359/2359 2494/2494/2494
f 2475/2475/2475 2453/2453/2453 2538/2538/2538
f 2486/2486/2486 2387/2387/2387 2419/2419/2419
f 2572/2572/2572 2595/2595/2595 2365/2365/2365
f 2403/2403/2403 2449/2449/2449 2461/2461/2461
f 2605/2605/2605 2373/2373/2373 2596/2596/2596
f 2485/2485/2485 2624/2624/2624 2619/2619/2619
f 2608/2608/2608 2513/2513/2513 2389/2389/2389
f 2375/2375/2375 2517/2517/2517 2418/2418/2418
f 2487/2487/2487 2444/2444/2444 2541/2541/2541
f 2362/2362/2362 2563/2563/2563 2471/2471/2471
f 2459/2459/2459 2502/2502/2502 2514/2514/2514
f 2443/2443/2443 2553/2553/2553 2567/2567/2567
f 2510/2510/2510 2385/2385/2385 2520/2520/2520
f 2595/2595/2595 2472/2472/2472 2365/2365/2365
f 2515/2515/2515 2418/2418/2418 2517/2517/2517
f 2597/2597/2597 2499/2499/2499 2586/2586/2586
f 2598/2598/2598 2588/2588/2588 2609/2609/2609
f 2423/2423/2423 2602/2602/2602 2557/2557/2557
f 2494/2494/2494 2359/2359/2359 2574/2574/2574
f 2582/2582/2582 2578/2578/2578 2486/2486/2486
f 2383/2383/2383 2388/2388/2388 2561/2561/2561
f 2547/2547/2547 2611/2611/2611 2618/2618/2618
f 2471/2471/2471 2564/2564/2564 2362/2362/2362
f 2419/2419/2419 2582/2582/2582 2486/2486/2486
f 2490/2490/2490 2435/2435/2435 2622/2622/2622
f 2433/2433/2433 2534/2534/2534 2507/2507/2507
f 2451/2451/2451 2523/2523/2523 2482/2482/2482
f 2579/2579/2579 2504/2504/2504 2506/2506/2506
f 2421/2421/2421 2450/2450/2450 2377/2377/2377
f 2585/2585/2585 2615/2615/2615 2380/2380/2380
f 2413/2413/2413 2385/2385/2385 2510/2510/2510
f 2397/2397/2397 2551/2551/2551 2526/2526/2526
f 2381/2381/2381 2447/2447/2447 2575/2575/2575
f 2480/2480/2480 2544/2544/2544 2426/2426/2426
f 2535/2535/2535 2609/2609/2609 2588/2588/2588
f 2522/2522/2522 2565/2565/2565 2441/2441/2441
f 2539/2539/2539 2404/2404/2404 2357/2357/2357
f 2622/2622/2622 2509/2509/2509 2490/2490/2490
f 2466/2466/2466 2555/2555/2555 2416/2416/2416
f 2558/2558/2558 2452/2452/2452 2439/2439/2439
f 2507/2507/2507 2534/2534/2534 2409/2409/2409
f 2519/2519/2519 2546/2546/2546 2616/2616/2616
f 2412/2412/2412 2392/2392/2392 2467/2467/2467
f 2492/2492/2492 2368/2368/2368 2620/2620/2620
f 2551/2551/2551 2500/2500/2500 2488/2488/2488
f 2478/2478/2478 2393/2393/2393 2414/2414/2414
f 2586/2586/2586 2437/2437/2437 2597/2597/2597
f 2559/2559/2559 2566/2566/2566 2522/2522/2522
f 2403/2403/2403 2461/2461/2461 2427/2427/2427
f 2378/2378/2378 2366/2366/2366 2372/2372/2372
f 2554/2554/2554 2503/2503/2503 2458/2458/2458
v -0.204256 1.434982 0.089281
v -0.135619 1.848622 -0.136530
v -0.204256 1.434982 0.089281
v -0.675155 0.592432 -0.235071
v -0.592273 1.886312 -0.491084
v -0.989644 0.919609 -0.534506
v 0.039665 1.969752 -0.168768
v -0.204256 1.434982 0.089281
v -1.078430 0.490365 0.700630
v -0.985141 1.302172 0.785603
v -0.186863 1.942172 -0.147747
v -0.037623 1.870392 0.065813
v -0.401802 1.558532 0.233239
v -0.135619 1.848622 0.136532
v -0.985141 1.302172 0.785603
v -0.295680 1.576032 0.135828
v -0.508420 1.119642 -0.262588
v -0.592273 1.886312 0.491084
v 0.090502 2.074372 -0.179603
v -0.508420 1.119642 -0.262588
v 0.352530 1.947122 -0.215871
v -0.989644 0.915849 0.534507
v -0.409372 0.968392 -0.189631
v -0.135619 1.848622 0.136532
v -0.204256 1.434982 -0.089281
v 0.352530 1.947122 -0.215871
v -0.186863 1.942172 -0.147747
v -0.135619 1.848622 -0.136530
v -0.684631 1.110752 -0.305069
v -1.078430 0.494125 -0.700630
v -0.401802 1.558532 -0.233239
v -0.558597 1.752062 -0.306648
v -0.592273 1.886312 0.491084
v -0.985141 1.305932 -0.785603
v -0.065515 1.495272 -0.022302
v -0.186863 1.942172 -0.147747
v -0.186863 1.942172 -0.147747
v 0.039665 1.969752 -0.168768
v -0.558597 1.752062 -0.306648
v -0.313691 1.246112 0.154833
v -0.186863 1.942172 0.147747
v -0.989644 0.915849 0.534507
v 0.352530 1.947122 0.215872
v -0.508420 1.119642 0.262589
v 0.039665 1.969752 -0.168768
v -0.186863 1.942172 -0.147747
v -0.989644 0.919609 -0.534506
v 0.090502 2.074372 -0.179603
v -0.409372 0.968394 0.189632
v 0.090502 2.074372 0.179604
v 0.039665 1.969752 0.168769
v 0.090502 2.074372 0.179604
v -0.985141 1.305932 -0.785603
v -0.186863 1.942172 0.147747
v 0.039665 1.969752 0.168769
v -0.592273 1.886312 -0.491084
v -0.313691 1.246112 -0.154833
v -0.135619 1.848622 -0.136530
v -0.186863 1.942172 0.147747
v -0.186863 1.942172 0.147747
v -0.295680 1.576032 0.135828
v -0.295680 1.576032 0.135828
v -0.204256 1.434982 -0.089281
v -0.037623 1.870392 -0.065813
v -0.592273 1.886312 0.491084
v -0.037623 1.870392 -0.065813
v -0.508420 1.119642 0.262589
v 0.092040 2.004172 0.065412
v -0.037623 1.870392 -0.065813
v -0.684631 1.110752 0.305068
v 0.092040 2.004172 -0.065412
v -0.684631 1.110752 -0.305069
v -0.135619 1.848622 0.136532
v -0.186863 1.942172 0.147747
v -0.409372 0.968392 -0.189631
v -0.135619 1.848622 0.136532
v 0.092040 2.004172 -0.065412
v 0.090502 2.074372 0.179604
v -0.313691 1.246112 -0.154833
v -0.186863 1.942172 0.147747
v -0.135619 1.848622 -0.136530
v -0.558597 1.752052 0.306649
v -0.401802 1.558532 0.233239
v -0.558597 1.752052 0.306649
v -0.037623 1.870392 0.065813
v -0.103652 1.334572 0.015163
v 0.092040 2.004172 -0.065412
v -0.295680 1.576032 -0.135827
v 0.039665 1.969752 -0.168768
v -0.103652 1.334572 -0.015163
v 0.092040 2.004172 0.065412
v -0.508420 1.119642 0.262589
v -0.684631 1.110752 0.305068
v -0.401802 1.558532 0.233239
v -0.508420 1.119642 -0.262588
v -0.295680 1.576032 -0.135827
v -0.065515 1.495272 0.022302
v -0.135619 1.848622 -0.136530
v -0.558597 1.752062 -0.306648
v -0.186863 1.942172 0.147747
v 0.352530 1.947122 0.215872
v -0.508420 1.119642 0.262589
v -0.295680 1.576032 0.135828
v 0.092040 2.004172 -0.065412
v -0.313691 1.246112 -0.154833
v -0.558597 1.752052 0.306649
v -0.558597 1.752052 0.306649
v 0.090502 2.074372 -0.179603
v -0.135619 1.848622 0.136532
v -0.037623 1.870392 0.065813
v -0.313691 1.246112 0.154833
v 0.352530 1.947122 -0.215871
v -0.295680 1.576032 -0.135827
v -0.592273 1.886312 -0.491084
v -0.409372 0.968394 0.189632
v -0.135619 1.848622 -0.136530
v -0.186863 1.942172 -0.147747
v -0.313691 1.246112 0.154833
v -0.295680 1.576032 -0.135827
v -0.401802 1.558532 0.233239
v -0.558597 1.752052 0.306649
v 0.092040 2.004172 0.065412
v 0.090502 2.074372 0.179604
v 0.090502 2.074372 0.179604
v 0.092040 2.004172 0.065412
v -0.453430 2.144252 -0.904985
v 0.090502 2.074372 -0.179603
v -0.989644 0.915849 0.534507
v -0.186863 1.942172 -0.147747
v -0.295680 1.576032 0.135828
v -0.295680 1.576032 -0.135827
v -0.453430 2.144252 0.904985
v -0.037623 1.870392 0.065813
v -0.409372 0.968392 -0.189631
v -0.558597 1.752052 0.306649
v -0.675155 0.592432 0.235072
v -0.186863 1.942172 -0.147747
v 0.090502 2.074372 -0.179603
v -0.295680 1.576032 0.135828
v -0.401802 1.558532 0.233239
v -0.558597 1.752062 -0.306648
v -0.037623 1.870392 -0.065813
v -0.558597 1.752062 -0.306648
v -0.135619 1.848622 0.136532
v 0.352530 1.947122 0.215872
v 0.090502 2.074372 -0.179603
v -0.186863 1.942172 0.147747
v -0.401802 1.558532 -0.233239
v -0.508420 1.119642 -0.262588
v -0.186863 1.942172 0.147747
v 0.039665 1.969752 0.168769
v -0.401802 1.558532 -0.233239
v -0.295680 1.576032 -0.135827
v -0.985141 1.302172 0.785603
v 0.039665 1.969752 0.168769
v -0.186863 1.942172 -0.147747
v -0.558597 1.752062 -0.306648
v -0.684631 1.110752 0.305068
v 0.090502 2.074372 0.179604
v -0.684631 1.110752 -0.305069
v -0.103652 1.334572 0.015163
v -0.103652 1.334572 -0.015163
v -0.204256 1.434982 -0.089281
v -0.401802 1.558532 -0.233239
v -0.409372 0.968394 0.189632
v -0.985141 1.305932 -0.785603
v -0.989644 0.919609 -0.534506
v -0.401802 1.558532 -0.233239
vn 0.613155 -0.176939 0.769892
vn 0.336002 -0.216589 -0.916620
vn 0.613155 -0.176939 0.769892
vn 0.398886 -0.173152 -0.900504
vn 0.629623 -0.624071 -0.462721
vn 0.852600 -0.196947 -0.484030
vn -0.047181 -0.815819 -0.576379
vn 0.613155 -0.176939 0.769892
vn 0.974041 -0.131239 0.184449
vn 0.895152 -0.268285 0.355985
vn 0.334207 -0.382172 -0.861540
vn 0.525884 -0.287053 0.800654
vn 0.482136 -0.087547 0.871711
vn 0.335999 -0.216587 0.916622
vn 0.895152 -0.268285 0.355985
vn 0.379481 -0.058450 0.923351
vn 0.479141 -0.080227 -0.874064
vn 0.630072 -0.623737 0.462559
vn 0.137896 0.260333 -0.955621
vn 0.479141 -0.080227 -0.874064
vn 0.684359 -0.527343 -0.503549
vn 0.853084 -0.196749 0.483258
vn 0.401763 -0.054566 -0.914117
vn 0.335999 -0.216587 0.916622
vn 0.613153 -0.176937 -0.769894
vn 0.684359 -0.527343 -0.503549
vn 0.334207 -0.382172 -0.861540
vn 0.336002 -0.216589 -0.916620
vn 0.419052 -0.065320 -0.905609
vn 0.974041 -0.131239 -0.184448
vn 0.482139 -0.087547 -0.871710
vn 0.644694 -0.268026 -0.715913
vn 0.630072 -0.623737 0.462559
vn 0.894681 -0.268986 -0.356640
vn 0.398408 -0.134855 -0.907241
vn 0.334207 -0.382172 -0.861540
vn 0.334207 -0.382172 -0.861540
vn -0.047181 -0.815819 -0.576379
vn 0.644694 -0.268026 -0.715913
vn 0.306987 -0.032339 0.951164
vn 0.334204 -0.382162 0.861545
vn 0.853084 -0.196749 0.483258
vn 0.684358 -0.527341 0.503553
vn 0.479138 -0.080226 0.874066
vn -0.047181 -0.815819 -0.576379
vn 0.334207 -0.382172 -0.861540
vn 0.852600 -0.196947 -0.484030
vn 0.137896 0.260333 -0.955621
vn 0.401771 -0.054568 0.914113
vn 0.137892 0.260339 0.955620
vn -0.047183 -0.815819 0.576380
vn 0.137892 0.260339 0.955620
vn 0.894681 -0.268986 -0.356640
vn 0.334204 -0.382162 0.861545
vn -0.047183 -0.815819 0.576380
vn 0.629623 -0.624071 -0.462721
vn 0.306980 -0.032336 -0.951166
vn 0.336002 -0.216589 -0.916620
vn 0.334204 -0.382162 0.861545
vn 0.334204 -0.382162 0.861545
vn 0.379481 -0.058450 0.923351
vn 0.379481 -0.058450 0.923351
vn 0.613153 -0.176937 -0.769894
vn 0.525881 -0.287052 -0.800656
vn 0.630072 -0.623737 0.462559
vn 0.525881 -0.287052 -0.800656
vn 0.479138 -0.080226 0.874066
vn 0.146070 -0.208796 -0.966989
vn 0.525881 -0.287052 -0.800656
vn 0.419457 -0.065398 0.905416
vn 0.146069 -0.208796 0.966989
vn 0.419052 -0.065320 -0.905609
vn 0.335999 -0.216587 0.916622
vn 0.334204 -0.382162 0.861545
vn 0.401763 -0.054566 -0.914117
vn 0.335999 -0.216587 0.916622
vn 0.146069 -0.208796 0.966989
vn 0.137892 0.260339 0.955620
vn 0.306980 -0.032336 -0.951166
vn 0.334204 -0.382162 0.861545
vn 0.336002 -0.216589 -0.916620
vn 0.645261 -0.267738 0.715510
vn 0.482136 -0.087547 0.871711
vn 0.645261 -0.267738 0.715510
vn 0.525884 -0.287053 0.800654
vn 0.445577 -0.138514 0.884463
vn 0.146069 -0.208796 0.966989
vn 0.379482 -0.058451 -0.923351
vn -0.047181 -0.815819 -0.576379
vn 0.445577 -0.138514 -0.884463
vn 0.146070 -0.208796 -0.966989
vn 0.479138 -0.080226 0.874066
vn 0.419457 -0.065398 0.905416
vn 0.482136 -0.087547 0.871711
vn 0.479141 -0.080227 -0.874064
vn 0.379482 -0.058451 -0.923351
vn 0.398407 -0.134855 0.907241
vn 0.336002 -0.216589 -0.916620
vn 0.644694 -0.268026 -0.715913
vn 0.334204 -0.382162 0.861545
vn 0.684358 -0.527341 0.503553
vn 0.479138 -0.080226 0.874066
vn 0.379481 -0.058450 0.923351
vn 0.146069 -0.208796 0.966989
vn 0.306980 -0.032336 -0.951166
vn 0.645261 -0.267738 0.715510
vn 0.645261 -0.267738 0.715510
vn 0.137896 0.260333 -0.955621
vn 0.335999 -0.216587 0.916622
vn 0.525884 -0.287053 0.800654
vn 0.306987 -0.032339 0.951164
vn 0.684359 -0.527343 -0.503549
vn 0.379482 -0.058451 -0.923351
vn 0.629623 -0.624071 -0.462721
vn 0.401771 -0.054568 0.914113
vn 0.336002 -0.216589 -0.916620
vn 0.334207 -0.382172 -0.861540
vn 0.306987 -0.032339 0.951164
vn 0.379482 -0.058451 -0.923351
vn 0.482136 -0.087547 0.871711
vn 0.645261 -0.267738 0.715510
vn 0.146070 -0.208796 -0.966989
vn 0.137892 0.260339 0.955620
vn 0.137892 0.260339 0.955620
vn 0.146070 -0.208796 -0.966989
vn 0.427419 -0.824634 -0.370528
vn 0.137896 0.260333 -0.955621
vn 0.853084 -0.196749 0.483258
vn 0.334207 -0.382172 -0.861540
vn 0.379481 -0.058450 0.923351
vn 0.379482 -0.058451 -0.923351
vn 0.427419 -0.824634 0.370528
vn 0.525884 -0.287053 0.800654
vn 0.401763 -0.054566 -0.914117
vn 0.645261 -0.267738 0.715510
vn 0.398888 -0.173153 0.900504
vn 0.334207 -0.382172 -0.861540
vn 0.137896 0.260333 -0.955621
vn 0.379481 -0.058450 0.923351
vn 0.482136 -0.087547 0.871711
vn 0.644694 -0.268026 -0.715913
vn 0.525881 -0.287052 -0.800656
vn 0.644694 -0.268026 -0.715913
vn 0.335999 -0.216587 0.916622
vn 0.684358 -0.527341 0.503553
vn 0.137896 0.260333 -0.955621
vn 0.334204 -0.382162 0.861545
vn 0.482139 -0.087547 -0.871710
vn 0.479141 -0.080227 -0.874064
vn 0.334204 -0.382162 0.861545
vn -0.047183 -0.815819 0.576380
vn 0.482139 -0.087547 -0.871710
vn 0.379482 -0.058451 -0.923351
vn 0.895152 -0.268285 0.355985
vn -0.047183 -0.815819 0.576380
vn 0.334207 -0.382172 -0.861540
vn 0.644694 -0.268026 -0.715913
vn 0.419457 -0.065398 0.905416
vn 0.137892 0.260339 0.955620
vn 0.419052 -0.065320 -0.905609
vn 0.445577 -0.138514 0.884463
vn 0.445577 -0.138514 -0.884463
vn 0.613153 -0.176937 -0.769894
vn 0.482139 -0.087547 -0.871710
vn 0.401771 -0.054568 0.914113
vn 0.894681 -0.268986 -0.356640
vn 0.852600 -0.196947 -0.484030
vn 0.482139 -0.087547 -0.871710
vt 0.589032 0.074091
vt 0.682031 0.130678
vt 0.589032 0.074091
vt 0.508133 0.141931
vt 0.636108 0.289590
vt 0.511891 0.279978
vt 0.704930 0.331295
vt 0.589032 0.074091
vt 0.505745 0.394368
vt 0.562651 0.364731
vt 0.800004 0.149064
vt 0.914024 -0.001646
vt 0.650110 0.194649
vt 0.682031 0.130678
vt 0.562651 0.364731
vt 0.633507 0.148661
vt 0.532912 0.184578
vt 0.636108 0.289590
vt 0.962618 0.032912
vt 0.532912 0.184578
vt 0.721466 0.260809
vt 0.510983 0.279294
vt 0.528111 0.118086
vt 0.682031 0.130678
vt 0.589032 0.074091
vt 0.721466 0.260809
vt 0.800004 0.149064
vt 0.682031 0.130678
vt 0.560798 0.214437
vt 0.506653 0.395053
vt 0.650110 0.194649
vt 0.612358 0.253672
vt 0.636108 0.289590
vt 0.563559 0.365415
vt 0.642858 -0.000110
vt 0.800004 0.149064
vt 0.800004 0.149064
vt 0.704930 0.331295
vt 0.612358 0.253672
vt 0.561753 0.103195
vt 0.800004 0.149064
vt 0.510983 0.279294
vt 0.721466 0.260809
vt 0.532912 0.184578
vt 0.922335 0.031127
vt 0.800004 0.149064
vt 0.511891 0.279978
vt 0.716575 0.323882
vt 0.528111 0.118086
vt 0.962618 0.032912
vt 0.922335 0.031127
vt 0.962618 0.032912
vt 0.563559 0.365415
vt 0.800004 0.149064
vt 0.704930 0.331295
vt 0.636108 0.289590
vt 0.561753 0.103195
vt 0.682031 0.130678
vt 0.800004 0.149064
vt 0.800004 0.149064
vt 0.633507 0.148661
vt 0.633507 0.148661
vt 0.589032 0.074091
vt 0.914024 -0.001646
vt 0.636108 0.289590
vt 0.914024 -0.001646
vt 0.532912 0.184578
vt 0.737256 0.316693
vt 0.914024 -0.001646
vt 0.560798 0.214437
vt 0.737256 0.316693
vt 0.560798 0.214437
vt 0.682031 0.130678
vt 0.800004 0.149064
vt 0.528111 0.118086
vt 0.682031 0.130678
vt 0.945223 0.018933
vt 0.716575 0.323882
vt 0.561753 0.103195
vt 0.800004 0.149064
vt 0.682031 0.130678
vt 0.612356 0.253670
vt 0.650110 0.194649
vt 0.612356 0.253670
vt 0.914024 -0.001646
vt 0.621752 0.045347
vt 0.945223 0.018933
vt 0.633507 0.148661
vt 0.922335 0.031127
vt 0.621752 0.045347
vt 0.945223 0.018933
vt 0.532912 0.184578
vt 0.560798 0.214437
vt 0.650110 0.194649
vt 0.532912 0.184578
vt 0.633507 0.148661
vt 0.642858 -0.000110
vt 0.682031 0.130678
vt 0.612358 0.253672
vt 0.800004 0.149064
vt 0.721466 0.260809
vt 0.532912 0.184578
vt 0.633507 0.148661
vt 0.737256 0.316693
vt 0.561753 0.103195
vt 0.612356 0.253670
vt 0.612356 0.253670
vt 0.962618 0.032912
vt 0.682031 0.130678
vt 0.914024 -0.001646
vt 0.561753 0.103195
vt 0.721466 0.260809
vt 0.633507 0.148661
vt 0.636108 0.289590
vt 0.528111 0.118086
vt 0.682031 0.130678
vt 0.800004 0.149064
vt 0.561753 0.103195
vt 0.633507 0.148661
vt 0.650110 0.194649
vt 0.612356 0.253670
vt 0.945223 0.018933
vt 0.716575 0.323882
vt 0.962618 0.032912
vt 0.737256 0.316693
vt 0.717709 0.231341
vt 0.962618 0.032912
vt 0.510983 0.279294
vt 0.800004 0.149064
vt 0.633507 0.148661
vt 0.633507 0.148661
vt 0.717709 0.231341
vt 0.914024 -0.001646
vt 0.528111 0.118086
vt 0.612356 0.253670
vt 0.508133 0.141931
vt 0.800004 0.149064
vt 0.716575 0.323882
vt 0.633507 0.148661
vt 0.650110 0.194649
vt 0.612358 0.253672
vt 0.914024 -0.001646
vt 0.612358 0.253672
vt 0.682031 0.130678
vt 0.721466 0.260809
vt 0.962618 0.032912
vt 0.800004 0.149064
vt 0.650110 0.194649
vt 0.532912 0.184578
vt 0.800004 0.149064
vt 0.704930 0.331295
vt 0.650110 0.194649
vt 0.633507 0.148661
vt 0.562651 0.364731
vt 0.922335 0.031127
vt 0.800004 0.149064
vt 0.612358 0.253672
vt 0.560798 0.214437
vt 0.962618 0.032912
vt 0.560798 0.214437
vt 0.621752 0.045347
vt 0.621752 0.045347
vt 0.589032 0.074091
vt 0.650110 0.194649
vt 0.528111 0.118086
vt 0.563559 0.365415
vt 0.511891 0.279978
vt 0.650110 0.194649
f 2676/2676/2676 2746/2746/2746 2678/2678/2678
f 2752/2752/2752 2706/2706/2706 2778/2778/2778
f 2663/2663/2663 2655/2655/2655 2696/2696/2696
f 2649/2649/2649 2729/2729/2729 2652/2652/2652
f 2658/2658/2658 2765/2765/2765 2630/2630/2630
f 2703/2703/2703 2699/2699/2699 2712/2712/2712
f 2697/2697/2697 2735/2735/2735 2632/2632/2632
f 2781/2781/2781 2790/2790/2790 2629/2629/2629
f 2755/2755/2755 2719/2719/2719 2776/2776/2776
f 2651/2651/2651 2770/2770/2770 2682/2682/2682
f 2647/2647/2647 2628/2628/2628 2773/2773/2773
f 2714/2714/2714 2687/2687/2687 2766/2766/2766
f 2762/2762/2762 2645/2645/2645 2631/2631/2631
f 2789/2789/2789 2763/2763/2763 2691/2691/2691
f 2626/2626/2626 2688/2688/2688 2787/2787/2787
f 2641/2641/2641 2653/2653/2653 2792/2792/2792
f 2754/2754/2754 2739/2739/2739 2664/2664/2664
f 2785/2785/2785 2721/2721/2721 2636/2636/2636
f 2680/2680/2680 2780/2780/2780 2723/2723/2723
f 2784/2784/2784 2671/2671/2671 2767/2767/2767
f 2775/2775/2775 2667/2667/2667 2747/2747/2747
f 2625/2625/2625 2757/2757/2757 2733/2733/2733
f 2783/2783/2783 2638/2638/2638 2734/2734/2734
f 2730/2730/2730 2646/2646/2646 2717/2717/2717
f 2662/2662/2662 2736/2736/2736 2728/2728/2728
f 2695/2695/2695 2650/2650/2650 2672/2672/2672
f 2772/2772/2772 2656/2656/2656 2661/2661/2661
f 2690/2690/2690 2659/2659/2659 2786/2786/2786
f 2689/2689/2689 2639/2639/2639 2731/2731/2731
f 2741/2741/2741 2713/2713/2713 2701/2701/2701
f 2742/2742/2742 2768/2768/2768 2685/2685/2685
f 2648/2648/2648 2748/2748/2748 2683/2683/2683
f 2684/2684/2684 2727/2727/2727 2700/2700/2700
f 2782/2782/2782 2744/2744/2744 2708/2708/2708
f 2637/2637/2637 2716/2716/2716 2640/2640/2640
f 2738/2738/2738 2750/2750/2750 2670/2670/2670
f 2709/2709/2709 2627/2627/2627 2710/2710/2710
f 2634/2634/2634 2633/2633/2633 2666/2666/2666
f 2707/2707/2707 2694/2694/2694 2668/2668/2668
f 2698/2698/2698 2756/2756/2756 2642/2642/2642
f 2693/2693/2693 2722/2722/2722 2732/2732/2732
f 2791/2791/2791 2654/2654/2654 2677/2677/2677
f 2675/2675/2675 2674/2674/2674 2771/2771/2771
f 2759/2759/2759 2665/2665/2665 2657/2657/2657
f 2705/2705/2705 2777/2777/2777 2660/2660/2660
f 2704/2704/2704 2745/2745/2745 2718/2718/2718
f 2720/2720/2720 2740/2740/2740 2681/2681/2681
f 2686/2686/2686 2724/2724/2724 2764/2764/2764
f 2635/2635/2635 2643/2643/2643 2669/2669/2669
f 2749/2749/2749 2769/2769/2769 2679/2679/2679
f 2726/2726/2726 2760/2760/2760 2673/2673/2673
f 2788/2788/2788 2761/2761/2761 2737/2737/2737
f 2702/2702/2702 2725/2725/2725 2692/2692/2692
f 2715/2715/2715 2779/2779/2779 2774/2774/2774
f 2644/2644/2644 2743/2743/2743 2758/2758/2758
f 2753/2753/2753 2711/2711/2711 2751/2751/2751
v 0.391720 1.570120 0.002289
v 0.390478 1.599293 -0.001235
v 0.350881 1.579136 -0.074583
v 0.397923 1.567760 -0.006977
v 0.391720 1.570120 0.002289
v 0.343199 1.575962 0.067494
v 0.390478 1.599293 -0.001235
v 0.345809 1.613873 0.070896
v 0.345809 1.613873 0.070896
v 0.350881 1.579136 -0.074583
v 0.358804 1.621239 -0.079087
v 0.383664 1.600157 0.000187
vn -0.965634 -0.171418 -0.195362
vn -0.972150 -0.127562 0.196604
vn -0.874907 -0.038078 0.482791
vn -0.965634 -0.171418 -0.195362
vn -0.965634 -0.171418 -0.195362
vn -0.792855 0.108390 -0.599693
vn -0.972150 -0.127562 0.196604
vn -0.851019 -0.078903 -0.519174
vn -0.851019 -0.078903 -0.519174
vn -0.874907 -0.038078 0.482791
vn -0.883212 0.211015 0.418818
vn -0.972150 -0.127562 0.196604
vt 1.014000 -0.019000
vt -0.014000 1.019000
vt 1.014000 -0.019000
vt -0.019000 -0.019000
vt 1.014000 -0.019000
vt -0.019000 -0.019000
vt -0.014000 1.019000
vt -0.014000 1.019000
vt -0.014000 1.019000
vt 1.014000 -0.019000
vt 1.019000 1.019000
vt 1.019000 1.019000
f 2801/2801/2801 2793/2793/2793 2798/2798/2798
f 2794/2794/2794 2802/2802/2802 2796/2796/2796
f 2797/2797/2797 2800/2800/2800 2804/2804/2804
f 2795/2795/2795 2799/2799/2799 2803/2803/2803
v 0.381794 1.221845 -0.001124
v 0.293637 1.313282 -0.120580
v 0.293637 1.313282 0.121373
v 0.405573 1.487813 -0.001124
v 0.295951 1.462755 -0.073299
v 0.295951 1.462755 0.074091
v 0.353887 1.560699 -0.043151
v 0.365945 1.626843 -0.062918
v 0.365945 1.626843 0.060670
v 0.386340 1.631418 -0.001124
v 0.400064 1.595102 -0.001124
v 0.393596 1.551995 -0.001249
v 0.353887 1.560699 0.040903
v 0.353887 1.560699 -0.043151
v 0.393596 1.551995 -0.001249
v 0.353887 1.560699 0.040903
v 0.291688 1.652471 -0.069377
v 0.291688 1.652471 0.067129
v 0.334842 1.690349 -0.001124
v 0.291688 1.652471 -0.069377
v 0.291688 1.652471 0.067129
v 0.245420 1.710217 -0.001124
v 0.219049 1.693716 -0.118418
v 0.219049 1.693716 0.116170
v 0.150035 1.665399 -0.001124
v 0.150035 1.665399 -0.001124
v 0.150035 1.665399 -0.001124
v 0.186371 1.646423 -0.096168
v 0.186371 1.646423 0.093920
v 0.186371 1.646423 0.093920
v 0.186371 1.646423 -0.096168
v 0.186371 1.646423 -0.096168
v 0.186371 1.646423 0.093920
v 0.279056 1.551682 -0.077567
v 0.279056 1.551682 0.075318
v 0.279056 1.551682 -0.077567
v 0.279056 1.551682 -0.077567
v 0.279056 1.551682 0.075318
v 0.279056 1.551682 0.075318
v 0.279056 1.551682 -0.077567
v 0.279056 1.551682 0.075318
v 0.320373 1.509162 -0.036880
v 0.320373 1.509162 0.034632
v 0.222748 1.599976 -0.147496
v 0.222748 1.599976 0.145248
v 0.205168 1.644654 -0.001124
v 0.205168 1.644654 -0.001124
v 0.205168 1.644654 -0.001124
v 0.205168 1.644654 -0.001124
v 0.205168 1.644654 -0.001124
v 0.205168 1.644654 -0.001124
vn 0.996009 -0.089048 -0.006120
vn 0.652420 0.096093 -0.751741
vn 0.664641 0.093977 0.741230
vn 0.995286 0.096813 -0.005802
vn 0.494292 0.071933 -0.866315
vn 0.503298 0.085972 0.859826
vn 0.534404 -0.260118 -0.804208
vn 0.668414 0.278924 -0.689510
vn 0.668415 0.278923 0.689509
vn 0.857333 0.514762 -0.000000
vn 0.999399 -0.034671 -0.000424
vn 0.948500 -0.316774 -0.001615
vn 0.536555 -0.257225 0.803707
vn 0.534404 -0.260118 -0.804208
vn 0.948500 -0.316774 -0.001615
vn 0.536555 -0.257225 0.803707
vn 0.683555 0.153779 -0.713516
vn 0.908108 0.095488 0.407703
vn 0.485498 0.874238 -0.000001
vn 0.683555 0.153779 -0.713516
vn 0.908108 0.095488 0.407703
vn -0.047142 0.998888 -0.000001
vn -0.612980 0.130246 0.779289
vn -0.580949 -0.789384 0.198423
vn -0.760297 -0.649576 -0.000000
vn -0.760297 -0.649576 -0.000000
vn -0.760297 -0.649576 -0.000000
vn -0.704535 -0.610322 -0.362129
vn -0.704535 -0.610321 0.362129
vn -0.704535 -0.610321 0.362129
vn -0.704535 -0.610322 -0.362129
vn -0.704535 -0.610322 -0.362129
vn -0.704535 -0.610321 0.362129
vn 0.398578 -0.468232 -0.788602
vn -0.300906 -0.779767 0.549017
vn 0.398578 -0.468232 -0.788602
vn 0.398578 -0.468232 -0.788602
vn -0.300906 -0.779767 0.549017
vn -0.300906 -0.779767 0.549017
vn 0.398578 -0.468232 -0.788602
vn -0.300906 -0.779767 0.549017
vn 0.512323 -0.424022 -0.746814
vn 0.513269 -0.424522 0.745879
vn 0.930389 -0.144543 -0.336874
vn 0.877767 -0.289985 -0.381359
vn -0.553445 -0.832886 0.000000
vn -0.553445 -0.832886 0.000000
vn -0.553445 -0.832886 0.000000
vn -0.553445 -0.832886 0.000000
vn -0.553445 -0.832886 0.000000
vn -0.553445 -0.832886 0.000000
vt 0.007458 0.163350
vt 0.251320 0.232326
vt 0.251320 0.232326
vt 0.007525 0.439711
vt 0.182998 0.437644
vt 0.182998 0.437644
vt 0.085703 0.555335
vt 0.081146 0.646575
vt 0.081146 0.646575
vt 0.007263 0.664146
vt 0.007525 0.609114
vt 0.007525 0.539358
vt 0.085703 0.555335
vt 0.070805 0.443722
vt 0.056827 0.486563
vt 0.070805 0.443722
vt 0.118257 0.666661
vt 0.118257 0.666661
vt 0.007002 0.722444
vt 0.009926 0.831418
vt 0.009926 0.831418
vt 0.007228 0.770696
vt 0.041352 0.938144
vt 0.041352 0.938144
vt 0.007047 0.817293
vt 0.172261 0.690595
vt 0.172261 0.690595
vt 0.160405 0.694378
vt 0.160405 0.694378
vt 0.151102 0.561805
vt 0.150804 0.561615
vt 0.150804 0.561615
vt 0.151102 0.561805
vt 0.133103 0.518717
vt 0.133103 0.518717
vt 0.115275 0.746548
vt 0.073922 0.419052
vt 0.073922 0.419052
vt 0.115275 0.746548
vt 0.206530 0.506368
vt 0.206645 0.506441
vt 0.119902 0.420488
vt 0.119902 0.420488
vt 0.124539 0.844914
vt 0.124539 0.844914
vt 0.673984 0.974356
vt 0.526211 0.986047
vt 0.224248 0.608991
vt 0.224248 0.608991
vt 0.224248 0.608991
vt 0.224248 0.608991
f 2806/2806/2806 2808/2808/2808 2805/2805/2805
f 2808/2808/2808 2806/2806/2806 2809/2809/2809
f 2809/2809/2809 2811/2811/2811 2808/2808/2808
f 2811/2811/2811 2809/2809/2809 2838/2838/2838
f 2811/2811/2811 2838/2838/2838 2821/2821/2821
f 2821/2821/2821 2838/2838/2838 2832/2832/2832
f 2826/2826/2826 2821/2821/2821 2832/2832/2832
f 2832/2832/2832 2829/2829/2829 2826/2826/2826
f 2829/2829/2829 2833/2833/2833 2826/2826/2826
f 2839/2839/2839 2822/2822/2822 2833/2833/2833
f 2822/2822/2822 2826/2826/2826 2833/2833/2833
f 2822/2822/2822 2823/2823/2823 2826/2826/2826
f 2823/2823/2823 2821/2821/2821 2826/2826/2826
f 2812/2812/2812 2821/2821/2821 2823/2823/2823
f 2811/2811/2811 2821/2821/2821 2812/2812/2812
f 2822/2822/2822 2813/2813/2813 2823/2823/2823
f 2823/2823/2823 2813/2813/2813 2814/2814/2814
f 2812/2812/2812 2823/2823/2823 2814/2814/2814
f 2815/2815/2815 2812/2812/2812 2814/2814/2814
f 2811/2811/2811 2812/2812/2812 2815/2815/2815
f 2811/2811/2811 2815/2815/2815 2816/2816/2816
f 2816/2816/2816 2808/2808/2808 2811/2811/2811
f 2808/2808/2808 2816/2816/2816 2817/2817/2817
f 2817/2817/2817 2810/2810/2810 2808/2808/2808
f 2810/2810/2810 2817/2817/2817 2839/2839/2839
f 2815/2815/2815 2817/2817/2817 2816/2816/2816
f 2813/2813/2813 2815/2815/2815 2814/2814/2814
f 2817/2817/2817 2815/2815/2815 2813/2813/2813
f 2822/2822/2822 2817/2817/2817 2813/2813/2813
f 2839/2839/2839 2817/2817/2817 2822/2822/2822
f 2808/2808/2808 2807/2807/2807 2805/2805/2805
f 2807/2807/2807 2808/2808/2808 2810/2810/2810
f 2840/2840/2840 2848/2848/2848 2824/2824/2824
f 2827/2827/2827 2824/2824/2824 2848/2848/2848
f 2848/2848/2848 2824/2824/2824 2827/2827/2827
f 2824/2824/2824 2848/2848/2848 2840/2840/2840
f 2846/2846/2846 2841/2841/2841 2818/2818/2818
f 2819/2819/2819 2846/2846/2846 2818/2818/2818
f 2847/2847/2847 2819/2819/2819 2820/2820/2820
f 2842/2842/2842 2847/2847/2847 2820/2820/2820
f 2825/2825/2825 2828/2828/2828 2849/2849/2849
f 2849/2849/2849 2843/2843/2843 2825/2825/2825
f 2825/2825/2825 2849/2849/2849 2828/2828/2828
f 2849/2849/2849 2825/2825/2825 2843/2843/2843
f 2834/2834/2834 2830/2830/2830 2852/2852/2852
f 2835/2835/2835 2853/2853/2853 2831/2831/2831
f 2844/2844/2844 2854/2854/2854 2836/2836/2836
f 2845/2845/2845 2837/2837/2837 2855/2855/2855
